[0m21:16:09.326104 [debug] [MainThread]: Sending event: {'category': 'dbt', 'action': 'invocation', 'label': 'start', 'context': [<snowplow_tracker.self_describing_json.SelfDescribingJson object at 0x000002B58506D400>, <snowplow_tracker.self_describing_json.SelfDescribingJson object at 0x000002B5877BFD90>, <snowplow_tracker.self_describing_json.SelfDescribingJson object at 0x000002B5877BFC50>]}


============================== 21:16:09.331939 | f5cdc7c2-c5b3-4004-ba28-7237b259d79f ==============================
[0m21:16:09.331939 [info ] [MainThread]: Running with dbt=1.12.0
[0m21:16:09.332495 [debug] [MainThread]: running dbt with arguments {'version_check': 'True', 'no_print': 'None', 'maximum_seed_size_mib': '1', 'target_path': 'None', 'warn_error_options': 'WarnErrorOptionsV2(error=[], warn=[], silence=[])', 'static_parser': 'True', 'printer_width': '80', 'write_json': 'True', 'empty': 'None', 'log_cache_events': 'False', 'introspect': 'True', 'cache_selected_only': 'False', 'log_format': 'default', 'debug': 'False', 'fail_fast': 'False', 'profiles_dir': 'dbt_collieai', 'send_anonymous_usage_stats': 'True', 'quiet': 'False', 'warn_error': 'None', 'partial_parse': 'True', 'use_colors': 'True', 'hints_enabled': 'True', 'invocation_command': 'dbt parse --project-dir dbt_collieai --profiles-dir dbt_collieai', 'use_experimental_parser': 'False', 'indirect_selection': 'eager', 'log_path': 'dbt_collieai\\logs'}
[0m21:16:09.603202 [debug] [MainThread]: Sending event: {'category': 'dbt', 'action': 'project_id', 'label': 'f5cdc7c2-c5b3-4004-ba28-7237b259d79f', 'context': [<snowplow_tracker.self_describing_json.SelfDescribingJson object at 0x000002B585771810>]}
[0m21:16:09.660728 [debug] [MainThread]: Sending event: {'category': 'dbt', 'action': 'adapter_info', 'label': 'f5cdc7c2-c5b3-4004-ba28-7237b259d79f', 'context': [<snowplow_tracker.self_describing_json.SelfDescribingJson object at 0x000002B587883460>]}
[0m21:16:09.662200 [info ] [MainThread]: Registered adapter: postgres=1.11.0
[0m21:16:09.873806 [debug] [MainThread]: checksum: 049a10f44362a5524acca9fa854d3fe668203bf39ab99b02e44d835b28230c69, vars: {}, profile: collieai_analytics, target: dev, version: 1.12.0
[0m21:16:09.874950 [info ] [MainThread]: Unable to do partial parsing because saved manifest not found. Starting full parse.
[0m21:16:09.875524 [debug] [MainThread]: Sending event: {'category': 'dbt', 'action': 'partial_parser', 'label': 'f5cdc7c2-c5b3-4004-ba28-7237b259d79f', 'context': [<snowplow_tracker.self_describing_json.SelfDescribingJson object at 0x000002B58761B650>]}
[0m21:16:13.370511 [warn ] [MainThread]: [[33mWARNING[0m]: Configuration paths exist in your dbt_project.yml file which do not apply to any resources.
There are 1 unused configuration paths:
- models.collieai_analytics.staging
[0m21:16:13.374684 [debug] [MainThread]: Sending event: {'category': 'dbt', 'action': 'load_project', 'label': 'f5cdc7c2-c5b3-4004-ba28-7237b259d79f', 'context': [<snowplow_tracker.self_describing_json.SelfDescribingJson object at 0x000002B5852CDF40>]}
[0m21:16:13.378543 [info ] [MainThread]: Performance info: dbt_collieai\target\perf_info.json
[0m21:16:13.462357 [debug] [MainThread]: Wrote artifact WritableManifest to dbt_collieai\target\manifest.json
[0m21:16:13.491109 [debug] [MainThread]: Wrote artifact SemanticManifest to dbt_collieai\target\semantic_manifest.json
[0m21:16:13.521540 [debug] [MainThread]: Wrote artifact OsiDocument to dbt_collieai\target\osi_document.json
[0m21:16:13.522497 [debug] [MainThread]: Command `dbt parse` succeeded at 21:16:13.522306 after 4.35 seconds
[0m21:16:13.523042 [debug] [MainThread]: Sending event: {'category': 'dbt', 'action': 'invocation', 'label': 'end', 'context': [<snowplow_tracker.self_describing_json.SelfDescribingJson object at 0x000002B587687E70>, <snowplow_tracker.self_describing_json.SelfDescribingJson object at 0x000002B587B1E890>, <snowplow_tracker.self_describing_json.SelfDescribingJson object at 0x000002B587E5F520>]}
[0m21:16:13.523497 [debug] [MainThread]: Flushing usage events
[0m21:16:14.805745 [debug] [MainThread]: An error was encountered while trying to flush usage events
[0m21:25:58.144598 [debug] [MainThread]: Sending event: {'category': 'dbt', 'action': 'invocation', 'label': 'start', 'context': [<snowplow_tracker.self_describing_json.SelfDescribingJson object at 0x0000027FC9729160>, <snowplow_tracker.self_describing_json.SelfDescribingJson object at 0x0000027FCBE4FD90>, <snowplow_tracker.self_describing_json.SelfDescribingJson object at 0x0000027FCBE4F9D0>]}


============================== 21:25:58.148321 | a1f5323c-5ff8-4ee6-9115-ffba9261fd92 ==============================
[0m21:25:58.148321 [info ] [MainThread]: Running with dbt=1.12.0
[0m21:25:58.148947 [debug] [MainThread]: running dbt with arguments {'static_parser': 'True', 'no_print': 'None', 'version_check': 'True', 'warn_error_options': 'WarnErrorOptionsV2(error=[], warn=[], silence=[])', 'target_path': 'None', 'maximum_seed_size_mib': '1', 'printer_width': '80', 'write_json': 'True', 'introspect': 'True', 'log_cache_events': 'False', 'empty': 'None', 'cache_selected_only': 'False', 'fail_fast': 'False', 'debug': 'False', 'log_format': 'default', 'profiles_dir': 'dbt_collieai', 'send_anonymous_usage_stats': 'True', 'quiet': 'False', 'warn_error': 'None', 'partial_parse': 'True', 'use_colors': 'True', 'hints_enabled': 'True', 'invocation_command': 'dbt debug --project-dir dbt_collieai --profiles-dir dbt_collieai', 'use_experimental_parser': 'False', 'indirect_selection': 'eager', 'log_path': 'dbt_collieai\\logs'}
[0m21:25:58.164456 [info ] [MainThread]: dbt version: 1.12.0
[0m21:25:58.164895 [info ] [MainThread]: python version: 3.13.7
[0m21:25:58.165273 [info ] [MainThread]: python path: C:\Users\YEN YEN\Desktop\ERD\ERD-Portfolio-Repo\CollieAI_ERD\.venv\Scripts\python.exe
[0m21:25:58.165564 [info ] [MainThread]: os info: Windows-11-10.0.26200-SP0
[0m21:25:58.212711 [info ] [MainThread]: Using profiles dir at dbt_collieai
[0m21:25:58.213201 [info ] [MainThread]: Using profiles.yml file at dbt_collieai\profiles.yml
[0m21:25:58.213604 [info ] [MainThread]: Using dbt_project.yml file at dbt_collieai\dbt_project.yml
[0m21:25:58.214611 [info ] [MainThread]: adapter type: postgres
[0m21:25:58.214883 [info ] [MainThread]: adapter version: 1.11.0
[0m21:25:58.294000 [info ] [MainThread]: Configuration:
[0m21:25:58.294533 [info ] [MainThread]:   profiles.yml file [[32mOK found and valid[0m]
[0m21:25:58.294938 [info ] [MainThread]:   dbt_project.yml file [[32mOK found and valid[0m]
[0m21:25:58.295364 [info ] [MainThread]: Required dependencies:
[0m21:25:58.295741 [debug] [MainThread]: Executing "git --help"
[0m21:25:58.331917 [debug] [MainThread]: STDOUT: "b"usage: git [-v | --version] [-h | --help] [-C <path>] [-c <name>=<value>]\n           [--exec-path[=<path>]] [--html-path] [--man-path] [--info-path]\n           [-p | --paginate | -P | --no-pager] [--no-replace-objects] [--no-lazy-fetch]\n           [--no-optional-locks] [--no-advice] [--bare] [--git-dir=<path>]\n           [--work-tree=<path>] [--namespace=<name>] [--config-env=<name>=<envvar>]\n           <command> [<args>]\n\nThese are common Git commands used in various situations:\n\nstart a working area (see also: git help tutorial)\n   clone      Clone a repository into a new directory\n   init       Create an empty Git repository or reinitialize an existing one\n\nwork on the current change (see also: git help everyday)\n   add        Add file contents to the index\n   mv         Move or rename a file, a directory, or a symlink\n   restore    Restore working tree files\n   rm         Remove files from the working tree and from the index\n\nexamine the history and state (see also: git help revisions)\n   bisect     Use binary search to find the commit that introduced a bug\n   diff       Show changes between commits, commit and working tree, etc\n   grep       Print lines matching a pattern\n   log        Show commit logs\n   show       Show various types of objects\n   status     Show the working tree status\n\ngrow, mark and tweak your common history\n   backfill   Download missing objects in a partial clone\n   branch     List, create, or delete branches\n   commit     Record changes to the repository\n   history    EXPERIMENTAL: Rewrite history\n   merge      Join two or more development histories together\n   rebase     Reapply commits on top of another base tip\n   reset      Set `HEAD` or the index to a known state\n   switch     Switch branches\n   tag        Create, list, delete or verify tags\n\ncollaborate (see also: git help workflows)\n   fetch      Download objects and refs from another repository\n   pull       Fetch from and integrate with another repository or a local branch\n   push       Update remote refs along with associated objects\n\n'git help -a' and 'git help -g' list available subcommands and some\nconcept guides. See 'git help <command>' or 'git help <concept>'\nto read about a specific subcommand or concept.\nSee 'git help git' for an overview of the system.\n""
[0m21:25:58.332358 [debug] [MainThread]: STDERR: "b''"
[0m21:25:58.332683 [info ] [MainThread]:  - git [[32mOK found[0m]

[0m21:25:58.332986 [info ] [MainThread]: Connection:
[0m21:25:58.333396 [info ] [MainThread]:   host: https://pspkqczafkvlypcheoey.supabase.co
[0m21:25:58.333684 [info ] [MainThread]:   port: 5432
[0m21:25:58.334031 [info ] [MainThread]:   user: postgres
[0m21:25:58.334282 [info ] [MainThread]:   database: postgres
[0m21:25:58.334494 [info ] [MainThread]:   schema: analytics
[0m21:25:58.334690 [info ] [MainThread]:   connect_timeout: 10
[0m21:25:58.334911 [info ] [MainThread]:   role: None
[0m21:25:58.335101 [info ] [MainThread]:   search_path: None
[0m21:25:58.335285 [info ] [MainThread]:   keepalives_idle: 0
[0m21:25:58.335468 [info ] [MainThread]:   sslmode: require
[0m21:25:58.335668 [info ] [MainThread]:   sslcert: None
[0m21:25:58.335879 [info ] [MainThread]:   sslkey: None
[0m21:25:58.336063 [info ] [MainThread]:   sslrootcert: None
[0m21:25:58.336242 [info ] [MainThread]:   application_name: dbt
[0m21:25:58.336429 [info ] [MainThread]:   autocommit: False
[0m21:25:58.336612 [info ] [MainThread]:   retries: 1
[0m21:25:58.336963 [info ] [MainThread]: Registered adapter: postgres=1.11.0
[0m21:25:58.473702 [debug] [MainThread]: Acquiring new postgres connection 'debug'
[0m21:26:05.238650 [debug] [MainThread]: Using postgres connection "debug"
[0m21:26:05.239007 [debug] [MainThread]: On debug: select 1 as id
[0m21:26:05.239205 [debug] [MainThread]: Opening a new connection, currently in state init
[0m21:26:05.241995 [debug] [MainThread]: Postgres adapter: Got a retryable error when attempting to open a postgres connection.
1 attempts remaining. Retrying in 0 seconds.
Error:
could not translate host name "https://pspkqczafkvlypcheoey.supabase.co" to address: Name or service not known

[0m21:26:05.242559 [debug] [MainThread]: Postgres adapter: Error running SQL: select 1 as id
[0m21:26:05.242802 [debug] [MainThread]: Postgres adapter: Rolling back transaction.
[0m21:26:05.243001 [debug] [MainThread]: On debug: No close available on handle
[0m21:26:05.243218 [info ] [MainThread]:   Connection test: [[31mERROR[0m]

[0m21:26:05.243638 [info ] [MainThread]: [31m1 check failed:[0m
[0m21:26:05.244052 [info ] [MainThread]: dbt was unable to connect to the specified database.
The database returned the following error:

  >Database Error
  could not translate host name "https://pspkqczafkvlypcheoey.supabase.co" to address: Name or service not known
  

Check your database credentials and try again. For more information, visit:
https://docs.getdbt.com/docs/configure-your-profile


[0m21:26:05.244821 [debug] [MainThread]: Command `dbt debug` failed at 21:26:05.244715 after 7.24 seconds
[0m21:26:05.245084 [debug] [MainThread]: Connection 'debug' was properly closed.
[0m21:26:05.245399 [debug] [MainThread]: Sending event: {'category': 'dbt', 'action': 'invocation', 'label': 'end', 'context': [<snowplow_tracker.self_describing_json.SelfDescribingJson object at 0x0000027FCC4DCFC0>, <snowplow_tracker.self_describing_json.SelfDescribingJson object at 0x0000027FCC288DD0>, <snowplow_tracker.self_describing_json.SelfDescribingJson object at 0x0000027FCC147130>]}
[0m21:26:05.245761 [debug] [MainThread]: Flushing usage events
[0m21:26:06.434075 [debug] [MainThread]: An error was encountered while trying to flush usage events
[0m21:27:41.011613 [debug] [MainThread]: Sending event: {'category': 'dbt', 'action': 'invocation', 'label': 'start', 'context': [<snowplow_tracker.self_describing_json.SelfDescribingJson object at 0x000001DCBACB9160>, <snowplow_tracker.self_describing_json.SelfDescribingJson object at 0x000001DCBD3DFD90>, <snowplow_tracker.self_describing_json.SelfDescribingJson object at 0x000001DCBD3DF9D0>]}


============================== 21:27:41.015629 | d99a2bc9-5e26-4d1d-b24d-8e1b23f60c06 ==============================
[0m21:27:41.015629 [info ] [MainThread]: Running with dbt=1.12.0
[0m21:27:41.016118 [debug] [MainThread]: running dbt with arguments {'static_parser': 'True', 'no_print': 'None', 'maximum_seed_size_mib': '1', 'target_path': 'None', 'warn_error_options': 'WarnErrorOptionsV2(error=[], warn=[], silence=[])', 'version_check': 'True', 'printer_width': '80', 'write_json': 'True', 'empty': 'None', 'log_cache_events': 'False', 'introspect': 'True', 'cache_selected_only': 'False', 'fail_fast': 'False', 'debug': 'False', 'log_format': 'default', 'profiles_dir': 'dbt_collieai', 'send_anonymous_usage_stats': 'True', 'quiet': 'False', 'warn_error': 'None', 'partial_parse': 'True', 'indirect_selection': 'eager', 'hints_enabled': 'True', 'use_colors': 'True', 'use_experimental_parser': 'False', 'invocation_command': 'dbt debug --project-dir dbt_collieai --profiles-dir dbt_collieai', 'log_path': 'dbt_collieai\\logs'}
[0m21:27:41.031590 [info ] [MainThread]: dbt version: 1.12.0
[0m21:27:41.032151 [info ] [MainThread]: python version: 3.13.7
[0m21:27:41.032485 [info ] [MainThread]: python path: C:\Users\YEN YEN\Desktop\ERD\ERD-Portfolio-Repo\CollieAI_ERD\.venv\Scripts\python.exe
[0m21:27:41.032782 [info ] [MainThread]: os info: Windows-11-10.0.26200-SP0
[0m21:27:41.081210 [info ] [MainThread]: Using profiles dir at dbt_collieai
[0m21:27:41.081914 [info ] [MainThread]: Using profiles.yml file at dbt_collieai\profiles.yml
[0m21:27:41.082309 [info ] [MainThread]: Using dbt_project.yml file at dbt_collieai\dbt_project.yml
[0m21:27:41.083386 [info ] [MainThread]: adapter type: postgres
[0m21:27:41.083688 [info ] [MainThread]: adapter version: 1.11.0
[0m21:27:41.166447 [info ] [MainThread]: Configuration:
[0m21:27:41.166888 [info ] [MainThread]:   profiles.yml file [[32mOK found and valid[0m]
[0m21:27:41.167321 [info ] [MainThread]:   dbt_project.yml file [[32mOK found and valid[0m]
[0m21:27:41.167778 [info ] [MainThread]: Required dependencies:
[0m21:27:41.168108 [debug] [MainThread]: Executing "git --help"
[0m21:27:41.198689 [debug] [MainThread]: STDOUT: "b"usage: git [-v | --version] [-h | --help] [-C <path>] [-c <name>=<value>]\n           [--exec-path[=<path>]] [--html-path] [--man-path] [--info-path]\n           [-p | --paginate | -P | --no-pager] [--no-replace-objects] [--no-lazy-fetch]\n           [--no-optional-locks] [--no-advice] [--bare] [--git-dir=<path>]\n           [--work-tree=<path>] [--namespace=<name>] [--config-env=<name>=<envvar>]\n           <command> [<args>]\n\nThese are common Git commands used in various situations:\n\nstart a working area (see also: git help tutorial)\n   clone      Clone a repository into a new directory\n   init       Create an empty Git repository or reinitialize an existing one\n\nwork on the current change (see also: git help everyday)\n   add        Add file contents to the index\n   mv         Move or rename a file, a directory, or a symlink\n   restore    Restore working tree files\n   rm         Remove files from the working tree and from the index\n\nexamine the history and state (see also: git help revisions)\n   bisect     Use binary search to find the commit that introduced a bug\n   diff       Show changes between commits, commit and working tree, etc\n   grep       Print lines matching a pattern\n   log        Show commit logs\n   show       Show various types of objects\n   status     Show the working tree status\n\ngrow, mark and tweak your common history\n   backfill   Download missing objects in a partial clone\n   branch     List, create, or delete branches\n   commit     Record changes to the repository\n   history    EXPERIMENTAL: Rewrite history\n   merge      Join two or more development histories together\n   rebase     Reapply commits on top of another base tip\n   reset      Set `HEAD` or the index to a known state\n   switch     Switch branches\n   tag        Create, list, delete or verify tags\n\ncollaborate (see also: git help workflows)\n   fetch      Download objects and refs from another repository\n   pull       Fetch from and integrate with another repository or a local branch\n   push       Update remote refs along with associated objects\n\n'git help -a' and 'git help -g' list available subcommands and some\nconcept guides. See 'git help <command>' or 'git help <concept>'\nto read about a specific subcommand or concept.\nSee 'git help git' for an overview of the system.\n""
[0m21:27:41.199079 [debug] [MainThread]: STDERR: "b''"
[0m21:27:41.199457 [info ] [MainThread]:  - git [[32mOK found[0m]

[0m21:27:41.199776 [info ] [MainThread]: Connection:
[0m21:27:41.200045 [info ] [MainThread]:   host: db.pspkqczafkvlypcheoey.supabase.co
[0m21:27:41.200295 [info ] [MainThread]:   port: 5432
[0m21:27:41.200509 [info ] [MainThread]:   user: postgres
[0m21:27:41.200764 [info ] [MainThread]:   database: postgres
[0m21:27:41.201015 [info ] [MainThread]:   schema: analytics
[0m21:27:41.201220 [info ] [MainThread]:   connect_timeout: 10
[0m21:27:41.201444 [info ] [MainThread]:   role: None
[0m21:27:41.201639 [info ] [MainThread]:   search_path: None
[0m21:27:41.201818 [info ] [MainThread]:   keepalives_idle: 0
[0m21:27:41.201999 [info ] [MainThread]:   sslmode: require
[0m21:27:41.202201 [info ] [MainThread]:   sslcert: None
[0m21:27:41.202488 [info ] [MainThread]:   sslkey: None
[0m21:27:41.202740 [info ] [MainThread]:   sslrootcert: None
[0m21:27:41.202953 [info ] [MainThread]:   application_name: dbt
[0m21:27:41.203231 [info ] [MainThread]:   autocommit: False
[0m21:27:41.203474 [info ] [MainThread]:   retries: 1
[0m21:27:41.203830 [info ] [MainThread]: Registered adapter: postgres=1.11.0
[0m21:27:41.337964 [debug] [MainThread]: Acquiring new postgres connection 'debug'
[0m21:27:41.370345 [debug] [MainThread]: Using postgres connection "debug"
[0m21:27:41.370684 [debug] [MainThread]: On debug: select 1 as id
[0m21:27:41.370868 [debug] [MainThread]: Opening a new connection, currently in state init
[0m21:27:41.418639 [debug] [MainThread]: Postgres adapter: Got a retryable error when attempting to open a postgres connection.
1 attempts remaining. Retrying in 0 seconds.
Error:
could not translate host name "db.pspkqczafkvlypcheoey.supabase.co" to address: Name or service not known

[0m21:27:41.420317 [debug] [MainThread]: Postgres adapter: Error running SQL: select 1 as id
[0m21:27:41.420922 [debug] [MainThread]: Postgres adapter: Rolling back transaction.
[0m21:27:41.421571 [debug] [MainThread]: On debug: No close available on handle
[0m21:27:41.422220 [info ] [MainThread]:   Connection test: [[31mERROR[0m]

[0m21:27:41.423225 [info ] [MainThread]: [31m1 check failed:[0m
[0m21:27:41.424019 [info ] [MainThread]: dbt was unable to connect to the specified database.
The database returned the following error:

  >Database Error
  could not translate host name "db.pspkqczafkvlypcheoey.supabase.co" to address: Name or service not known
  

Check your database credentials and try again. For more information, visit:
https://docs.getdbt.com/docs/configure-your-profile


[0m21:27:41.425837 [debug] [MainThread]: Command `dbt debug` failed at 21:27:41.425436 after 0.55 seconds
[0m21:27:41.426465 [debug] [MainThread]: Connection 'debug' was properly closed.
[0m21:27:41.427108 [debug] [MainThread]: Sending event: {'category': 'dbt', 'action': 'invocation', 'label': 'end', 'context': [<snowplow_tracker.self_describing_json.SelfDescribingJson object at 0x000001DCBDA20FC0>, <snowplow_tracker.self_describing_json.SelfDescribingJson object at 0x000001DCBD7C8DD0>, <snowplow_tracker.self_describing_json.SelfDescribingJson object at 0x000001DCBD627130>]}
[0m21:27:41.427753 [debug] [MainThread]: Flushing usage events
[0m21:27:42.490824 [debug] [MainThread]: An error was encountered while trying to flush usage events
[0m21:29:18.974144 [debug] [MainThread]: Sending event: {'category': 'dbt', 'action': 'invocation', 'label': 'start', 'context': [<snowplow_tracker.self_describing_json.SelfDescribingJson object at 0x000002086AB9D400>, <snowplow_tracker.self_describing_json.SelfDescribingJson object at 0x000002086D2FFED0>, <snowplow_tracker.self_describing_json.SelfDescribingJson object at 0x000002086D2FFC50>]}


============================== 21:29:18.978546 | 891f0390-7a44-41ae-a951-310c08c52a6a ==============================
[0m21:29:18.978546 [info ] [MainThread]: Running with dbt=1.12.0
[0m21:29:18.979041 [debug] [MainThread]: running dbt with arguments {'maximum_seed_size_mib': '1', 'no_print': 'None', 'static_parser': 'True', 'target_path': 'None', 'version_check': 'True', 'warn_error_options': 'WarnErrorOptionsV2(error=[], warn=[], silence=[])', 'printer_width': '80', 'write_json': 'True', 'empty': 'None', 'log_cache_events': 'False', 'introspect': 'True', 'cache_selected_only': 'False', 'fail_fast': 'False', 'debug': 'False', 'log_format': 'default', 'partial_parse': 'True', 'send_anonymous_usage_stats': 'True', 'quiet': 'False', 'warn_error': 'None', 'profiles_dir': 'dbt_collieai', 'indirect_selection': 'eager', 'hints_enabled': 'True', 'use_colors': 'True', 'use_experimental_parser': 'False', 'invocation_command': 'dbt debug --project-dir dbt_collieai --profiles-dir dbt_collieai', 'log_path': 'dbt_collieai\\logs'}
[0m21:29:18.998864 [info ] [MainThread]: dbt version: 1.12.0
[0m21:29:18.999274 [info ] [MainThread]: python version: 3.13.7
[0m21:29:18.999738 [info ] [MainThread]: python path: C:\Users\YEN YEN\Desktop\ERD\ERD-Portfolio-Repo\CollieAI_ERD\.venv\Scripts\python.exe
[0m21:29:19.000117 [info ] [MainThread]: os info: Windows-11-10.0.26200-SP0
[0m21:29:19.058505 [info ] [MainThread]: Using profiles dir at dbt_collieai
[0m21:29:19.058894 [info ] [MainThread]: Using profiles.yml file at dbt_collieai\profiles.yml
[0m21:29:19.059327 [info ] [MainThread]: Using dbt_project.yml file at dbt_collieai\dbt_project.yml
[0m21:29:19.061029 [info ] [MainThread]: adapter type: postgres
[0m21:29:19.061503 [info ] [MainThread]: adapter version: 1.11.0
[0m21:29:19.158625 [info ] [MainThread]: Configuration:
[0m21:29:19.159231 [info ] [MainThread]:   profiles.yml file [[32mOK found and valid[0m]
[0m21:29:19.159495 [info ] [MainThread]:   dbt_project.yml file [[32mOK found and valid[0m]
[0m21:29:19.159707 [info ] [MainThread]: Required dependencies:
[0m21:29:19.160439 [debug] [MainThread]: Executing "git --help"
[0m21:29:19.199210 [debug] [MainThread]: STDOUT: "b"usage: git [-v | --version] [-h | --help] [-C <path>] [-c <name>=<value>]\n           [--exec-path[=<path>]] [--html-path] [--man-path] [--info-path]\n           [-p | --paginate | -P | --no-pager] [--no-replace-objects] [--no-lazy-fetch]\n           [--no-optional-locks] [--no-advice] [--bare] [--git-dir=<path>]\n           [--work-tree=<path>] [--namespace=<name>] [--config-env=<name>=<envvar>]\n           <command> [<args>]\n\nThese are common Git commands used in various situations:\n\nstart a working area (see also: git help tutorial)\n   clone      Clone a repository into a new directory\n   init       Create an empty Git repository or reinitialize an existing one\n\nwork on the current change (see also: git help everyday)\n   add        Add file contents to the index\n   mv         Move or rename a file, a directory, or a symlink\n   restore    Restore working tree files\n   rm         Remove files from the working tree and from the index\n\nexamine the history and state (see also: git help revisions)\n   bisect     Use binary search to find the commit that introduced a bug\n   diff       Show changes between commits, commit and working tree, etc\n   grep       Print lines matching a pattern\n   log        Show commit logs\n   show       Show various types of objects\n   status     Show the working tree status\n\ngrow, mark and tweak your common history\n   backfill   Download missing objects in a partial clone\n   branch     List, create, or delete branches\n   commit     Record changes to the repository\n   history    EXPERIMENTAL: Rewrite history\n   merge      Join two or more development histories together\n   rebase     Reapply commits on top of another base tip\n   reset      Set `HEAD` or the index to a known state\n   switch     Switch branches\n   tag        Create, list, delete or verify tags\n\ncollaborate (see also: git help workflows)\n   fetch      Download objects and refs from another repository\n   pull       Fetch from and integrate with another repository or a local branch\n   push       Update remote refs along with associated objects\n\n'git help -a' and 'git help -g' list available subcommands and some\nconcept guides. See 'git help <command>' or 'git help <concept>'\nto read about a specific subcommand or concept.\nSee 'git help git' for an overview of the system.\n""
[0m21:29:19.199644 [debug] [MainThread]: STDERR: "b''"
[0m21:29:19.200026 [info ] [MainThread]:  - git [[32mOK found[0m]

[0m21:29:19.200289 [info ] [MainThread]: Connection:
[0m21:29:19.200517 [info ] [MainThread]:   host: aws-0-ap-northeast-1.pooler.supabase.com
[0m21:29:19.200715 [info ] [MainThread]:   port: 5432
[0m21:29:19.200942 [info ] [MainThread]:   user: postgres.pspkqczafkvlypcheoey
[0m21:29:19.201139 [info ] [MainThread]:   database: postgres
[0m21:29:19.201443 [info ] [MainThread]:   schema: analytics
[0m21:29:19.201999 [info ] [MainThread]:   connect_timeout: 10
[0m21:29:19.202511 [info ] [MainThread]:   role: None
[0m21:29:19.202769 [info ] [MainThread]:   search_path: None
[0m21:29:19.203055 [info ] [MainThread]:   keepalives_idle: 0
[0m21:29:19.203301 [info ] [MainThread]:   sslmode: require
[0m21:29:19.203520 [info ] [MainThread]:   sslcert: None
[0m21:29:19.203725 [info ] [MainThread]:   sslkey: None
[0m21:29:19.203908 [info ] [MainThread]:   sslrootcert: None
[0m21:29:19.204139 [info ] [MainThread]:   application_name: dbt
[0m21:29:19.204316 [info ] [MainThread]:   autocommit: False
[0m21:29:19.204491 [info ] [MainThread]:   retries: 1
[0m21:29:19.205013 [info ] [MainThread]: Registered adapter: postgres=1.11.0
[0m21:29:19.361297 [debug] [MainThread]: Acquiring new postgres connection 'debug'
[0m21:29:19.401171 [debug] [MainThread]: Using postgres connection "debug"
[0m21:29:19.401485 [debug] [MainThread]: On debug: select 1 as id
[0m21:29:19.401678 [debug] [MainThread]: Opening a new connection, currently in state init
[0m21:29:20.098648 [debug] [MainThread]: SQL status: SELECT 1 in 0.697 seconds
[0m21:29:20.099478 [debug] [MainThread]: On debug: Close
[0m21:29:20.100032 [info ] [MainThread]:   Connection test: [[32mOK connection ok[0m]

[0m21:29:20.100367 [info ] [MainThread]: [32mAll checks passed![0m
[0m21:29:20.100932 [debug] [MainThread]: Command `dbt debug` succeeded at 21:29:20.100816 after 1.27 seconds
[0m21:29:20.101372 [debug] [MainThread]: Connection 'debug' was properly closed.
[0m21:29:20.102049 [debug] [MainThread]: Sending event: {'category': 'dbt', 'action': 'invocation', 'label': 'end', 'context': [<snowplow_tracker.self_describing_json.SelfDescribingJson object at 0x000002086D9DCFC0>, <snowplow_tracker.self_describing_json.SelfDescribingJson object at 0x000002086D7895B0>, <snowplow_tracker.self_describing_json.SelfDescribingJson object at 0x000002086D647790>]}
[0m21:29:20.102834 [debug] [MainThread]: Flushing usage events
[0m21:29:21.197932 [debug] [MainThread]: An error was encountered while trying to flush usage events
[0m21:29:37.298827 [debug] [MainThread]: Sending event: {'category': 'dbt', 'action': 'invocation', 'label': 'start', 'context': [<snowplow_tracker.self_describing_json.SelfDescribingJson object at 0x0000015414C4D400>, <snowplow_tracker.self_describing_json.SelfDescribingJson object at 0x00000154173EBD90>, <snowplow_tracker.self_describing_json.SelfDescribingJson object at 0x00000154173EB890>]}


============================== 21:29:37.303797 | c296f039-9460-4dc3-810c-044d0d569933 ==============================
[0m21:29:37.303797 [info ] [MainThread]: Running with dbt=1.12.0
[0m21:29:37.304247 [debug] [MainThread]: running dbt with arguments {'version_check': 'True', 'no_print': 'None', 'static_parser': 'True', 'warn_error_options': 'WarnErrorOptionsV2(error=[], warn=[], silence=[])', 'maximum_seed_size_mib': '1', 'target_path': 'None', 'printer_width': '80', 'write_json': 'True', 'introspect': 'True', 'log_cache_events': 'False', 'empty': 'False', 'cache_selected_only': 'False', 'log_format': 'default', 'debug': 'False', 'fail_fast': 'False', 'partial_parse': 'True', 'send_anonymous_usage_stats': 'True', 'quiet': 'False', 'warn_error': 'None', 'profiles_dir': 'dbt_collieai', 'use_colors': 'True', 'hints_enabled': 'True', 'invocation_command': 'dbt run --project-dir dbt_collieai --profiles-dir dbt_collieai', 'use_experimental_parser': 'False', 'indirect_selection': 'eager', 'log_path': 'dbt_collieai\\logs'}
[0m21:29:37.477348 [debug] [MainThread]: Sending event: {'category': 'dbt', 'action': 'project_id', 'label': 'c296f039-9460-4dc3-810c-044d0d569933', 'context': [<snowplow_tracker.self_describing_json.SelfDescribingJson object at 0x0000015415351810>]}
[0m21:29:37.536158 [debug] [MainThread]: Sending event: {'category': 'dbt', 'action': 'adapter_info', 'label': 'c296f039-9460-4dc3-810c-044d0d569933', 'context': [<snowplow_tracker.self_describing_json.SelfDescribingJson object at 0x00000154131A5BF0>]}
[0m21:29:37.537656 [info ] [MainThread]: Registered adapter: postgres=1.11.0
[0m21:29:37.703953 [debug] [MainThread]: checksum: 049a10f44362a5524acca9fa854d3fe668203bf39ab99b02e44d835b28230c69, vars: {}, profile: collieai_analytics, target: dev, version: 1.12.0
[0m21:29:37.864742 [info ] [MainThread]: Unable to do partial parsing because profile has changed
[0m21:29:37.865395 [info ] [MainThread]: Unable to do partial parsing because a project config has changed
[0m21:29:37.866319 [debug] [MainThread]: Sending event: {'category': 'dbt', 'action': 'partial_parser', 'label': 'c296f039-9460-4dc3-810c-044d0d569933', 'context': [<snowplow_tracker.self_describing_json.SelfDescribingJson object at 0x0000015417B75050>]}
[0m21:29:38.760226 [debug] [MainThread]: Sending event: {'category': 'dbt', 'action': 'load_project', 'label': 'c296f039-9460-4dc3-810c-044d0d569933', 'context': [<snowplow_tracker.self_describing_json.SelfDescribingJson object at 0x0000015417A57980>]}
[0m21:29:38.832167 [debug] [MainThread]: Wrote artifact WritableManifest to dbt_collieai\target\manifest.json
[0m21:29:38.834845 [debug] [MainThread]: Wrote artifact SemanticManifest to dbt_collieai\target\semantic_manifest.json
[0m21:29:38.862772 [debug] [MainThread]: Wrote artifact OsiDocument to dbt_collieai\target\osi_document.json
[0m21:29:38.900167 [debug] [MainThread]: Sending event: {'category': 'dbt', 'action': 'resource_counts', 'label': 'c296f039-9460-4dc3-810c-044d0d569933', 'context': [<snowplow_tracker.self_describing_json.SelfDescribingJson object at 0x0000015417E7DB70>]}
[0m21:29:38.901514 [info ] [MainThread]: Found 1 model, 41 sources, 477 macros
[0m21:29:38.902354 [debug] [MainThread]: Sending event: {'category': 'dbt', 'action': 'runnable_timing', 'label': 'c296f039-9460-4dc3-810c-044d0d569933', 'context': [<snowplow_tracker.self_describing_json.SelfDescribingJson object at 0x0000015417990530>]}
[0m21:29:38.904782 [info ] [MainThread]: 
[0m21:29:38.905278 [info ] [MainThread]: Concurrency: 4 threads (target='dev')
[0m21:29:38.905613 [info ] [MainThread]: 
[0m21:29:38.907027 [debug] [MainThread]: Acquiring new postgres connection 'master'
[0m21:29:38.908336 [debug] [ThreadPool]: Acquiring new postgres connection 'list_postgres'
[0m21:29:38.955633 [debug] [ThreadPool]: Using postgres connection "list_postgres"
[0m21:29:38.956048 [debug] [ThreadPool]: On list_postgres: /* {"app": "dbt", "dbt_version": "1.12.0", "profile_name": "collieai_analytics", "target_name": "dev", "connection_name": "list_postgres"} */

    select distinct nspname from pg_namespace
  
[0m21:29:38.956311 [debug] [ThreadPool]: Opening a new connection, currently in state init
[0m21:29:39.619105 [debug] [ThreadPool]: SQL status: SELECT 116 in 0.663 seconds
[0m21:29:39.620495 [debug] [ThreadPool]: On list_postgres: Close
[0m21:29:39.622910 [debug] [ThreadPool]: Re-using an available connection from the pool (formerly list_postgres, now create_postgres_analytics)
[0m21:29:39.623388 [debug] [ThreadPool]: Creating schema "database: "postgres"
schema: "analytics"
"
[0m21:29:39.627186 [debug] [ThreadPool]: Using postgres connection "create_postgres_analytics"
[0m21:29:39.627496 [debug] [ThreadPool]: On create_postgres_analytics: /* {"app": "dbt", "dbt_version": "1.12.0", "profile_name": "collieai_analytics", "target_name": "dev", "connection_name": "create_postgres_analytics"} */
create schema if not exists "analytics"
[0m21:29:39.627692 [debug] [ThreadPool]: Opening a new connection, currently in state closed
[0m21:29:40.269091 [debug] [ThreadPool]: SQL status: CREATE SCHEMA in 0.641 seconds
[0m21:29:40.270198 [debug] [ThreadPool]: On create_postgres_analytics: COMMIT
[0m21:29:40.270488 [debug] [ThreadPool]: Using postgres connection "create_postgres_analytics"
[0m21:29:40.270708 [debug] [ThreadPool]: On create_postgres_analytics: COMMIT
[0m21:29:40.351458 [debug] [ThreadPool]: SQL status: COMMIT in 0.081 seconds
[0m21:29:40.351849 [debug] [ThreadPool]: On create_postgres_analytics: Close
[0m21:29:40.353232 [debug] [ThreadPool]: Acquiring new postgres connection 'list_postgres_analytics'
[0m21:29:40.357382 [debug] [ThreadPool]: Using postgres connection "list_postgres_analytics"
[0m21:29:40.357730 [debug] [ThreadPool]: On list_postgres_analytics: /* {"app": "dbt", "dbt_version": "1.12.0", "profile_name": "collieai_analytics", "target_name": "dev", "connection_name": "list_postgres_analytics"} */
select
      'postgres' as database,
      tablename as name,
      schemaname as schema,
      'table' as type
    from pg_tables
    where schemaname ilike 'analytics'
    union all
    select
      'postgres' as database,
      viewname as name,
      schemaname as schema,
      'view' as type
    from pg_views
    where schemaname ilike 'analytics'
    union all
    select
      'postgres' as database,
      matviewname as name,
      schemaname as schema,
      'materialized_view' as type
    from pg_matviews
    where schemaname ilike 'analytics'
    union all
    select distinct
     'postgres' as database,
     proname as name,
     ns.nspname as schema,
     'function' as type
    from pg_proc
     join pg_namespace as ns on pronamespace = ns.oid
    where ns.nspname ilike 'analytics'
  
[0m21:29:40.357954 [debug] [ThreadPool]: Opening a new connection, currently in state init
[0m21:29:41.019022 [debug] [ThreadPool]: SQL status: SELECT 0 in 0.661 seconds
[0m21:29:41.020005 [debug] [ThreadPool]: On list_postgres_analytics: ROLLBACK
[0m21:29:41.099599 [debug] [ThreadPool]: On list_postgres_analytics: Close
[0m21:29:41.102850 [debug] [MainThread]: Using postgres connection "master"
[0m21:29:41.103210 [debug] [MainThread]: On master: /* {"app": "dbt", "dbt_version": "1.12.0", "profile_name": "collieai_analytics", "target_name": "dev", "connection_name": "master"} */
select distinct
        dependent_namespace.nspname as dependent_schema,
        dependent_class.relname as dependent_name,
        referenced_namespace.nspname as referenced_schema,
        referenced_class.relname as referenced_name

    -- Query for views: views are entries in pg_class with an entry in pg_rewrite, but we avoid
    -- a seq scan on pg_rewrite by leveraging the fact there is an "internal" row in pg_depend for
    -- the view...
    from pg_class as dependent_class
    join pg_namespace as dependent_namespace on dependent_namespace.oid = dependent_class.relnamespace
    join pg_depend as dependent_depend on dependent_depend.refobjid = dependent_class.oid
        and dependent_depend.classid = 'pg_rewrite'::regclass
        and dependent_depend.refclassid = 'pg_class'::regclass
        and dependent_depend.deptype = 'i'

    -- ... and via pg_depend (that has a row per column, hence the need for "distinct" above, and
    -- making sure to exclude the internal row to avoid a view appearing to depend on itself)...
    join pg_depend as joining_depend on joining_depend.objid = dependent_depend.objid
        and joining_depend.classid = 'pg_rewrite'::regclass
        and joining_depend.refclassid = 'pg_class'::regclass
        and joining_depend.refobjid != dependent_depend.refobjid

    -- ... we can find the tables they query from in pg_class, but excluding system tables. Note we
    -- don't need need to exclude _dependent_ system tables, because they only query from other
    -- system tables, and so are automatically excluded by excluding _referenced_ system tables
    join pg_class as referenced_class on referenced_class.oid = joining_depend.refobjid
    join pg_namespace as referenced_namespace on referenced_namespace.oid = referenced_class.relnamespace
        and referenced_namespace.nspname != 'information_schema'
        and referenced_namespace.nspname not like 'pg\_%'

    order by
        dependent_schema, dependent_name, referenced_schema, referenced_name;
[0m21:29:41.103600 [debug] [MainThread]: Opening a new connection, currently in state init
[0m21:29:41.778452 [debug] [MainThread]: SQL status: SELECT 66 in 0.675 seconds
[0m21:29:41.780411 [debug] [MainThread]: Sending event: {'category': 'dbt', 'action': 'runnable_timing', 'label': 'c296f039-9460-4dc3-810c-044d0d569933', 'context': [<snowplow_tracker.self_describing_json.SelfDescribingJson object at 0x0000015417DE3E90>]}
[0m21:29:41.780891 [debug] [MainThread]: On master: ROLLBACK
[0m21:29:41.862340 [debug] [MainThread]: On master: COMMIT
[0m21:29:41.862750 [debug] [MainThread]: Using postgres connection "master"
[0m21:29:41.862991 [debug] [MainThread]: On master: COMMIT
[0m21:29:42.025365 [debug] [MainThread]: SQL status: COMMIT in 0.162 seconds
[0m21:29:42.025752 [debug] [MainThread]: On master: Close
[0m21:29:42.053322 [debug] [Thread-1 (]: Began running node model.collieai_analytics.vw_student_learning_summary
[0m21:29:42.053825 [info ] [Thread-1 (]: 1 of 1 START sql view model analytics.vw_student_learning_summary .............. [RUN]
[0m21:29:42.054371 [debug] [Thread-1 (]: Acquiring new postgres connection 'model.collieai_analytics.vw_student_learning_summary'
[0m21:29:42.054688 [debug] [Thread-1 (]: Began compiling node model.collieai_analytics.vw_student_learning_summary
[0m21:29:42.062966 [debug] [Thread-1 (]: Writing injected SQL for node "model.collieai_analytics.vw_student_learning_summary"
[0m21:29:42.066201 [debug] [Thread-1 (]: Began executing node model.collieai_analytics.vw_student_learning_summary
[0m21:29:42.095938 [debug] [Thread-1 (]: Writing runtime sql for node "model.collieai_analytics.vw_student_learning_summary"
[0m21:29:42.098170 [debug] [Thread-1 (]: Using postgres connection "model.collieai_analytics.vw_student_learning_summary"
[0m21:29:42.098572 [debug] [Thread-1 (]: On model.collieai_analytics.vw_student_learning_summary: /* {"app": "dbt", "dbt_version": "1.12.0", "profile_name": "collieai_analytics", "target_name": "dev", "node_id": "model.collieai_analytics.vw_student_learning_summary"} */

  create view "postgres"."analytics"."vw_student_learning_summary__dbt_tmp"
    
    
  as (
    

with session_agg as (
    select
        student_id,
        count(*) as total_sessions,
        count(*) filter (where session_status = 'completed') as completed_sessions,
        max(coalesce(ended_at, started_at, created_at)) as last_session_at
    from "postgres"."public"."ai_sessions"
    group by student_id
),
attempt_agg as (
    select
        student_id,
        count(*) as total_answer_attempts,
        count(*) filter (where is_correct is true) as correct_attempts,
        count(*) filter (where is_correct is false) as wrong_attempts,
        max(created_at) as last_attempt_at
    from "postgres"."public"."student_attempts"
    group by student_id
),
help_agg as (
    select
        student_id,
        count(*) as help_request_count,
        max(created_at) as last_help_at
    from "postgres"."public"."student_help_events"
    group by student_id
),
prediction_ranked as (
    select
        student_id,
        predicted_mastery_score,
        risk_level,
        predicted_at,
        row_number() over (
            partition by student_id
            order by predicted_at desc, prediction_id desc
        ) as row_num
    from "postgres"."public"."student_skill_predictions"
),
latest_prediction as (
    select
        student_id,
        risk_level as latest_risk_level,
        predicted_mastery_score as latest_mastery_score,
        predicted_at as latest_prediction_at
    from prediction_ranked
    where row_num = 1
),
recommendation_agg as (
    select
        student_id,
        count(*) filter (where is_completed is false) as active_recommendation_count,
        ((array_agg(
            recommendation_text
            order by created_at desc, recommendation_id desc
        ) filter (where is_completed is false)))[1] as latest_recommendation_text
    from "postgres"."public"."learning_recommendations"
    group by student_id
)
select
    sp.student_id,
    cs.section_name,
    cs.grade_level,
    sp.learning_status,
    coalesce(sp.current_streak, 0) as current_streak,
    coalesce(sp.total_star_points, 0::double precision) as total_star_points,
    coalesce(sa.total_sessions, 0) as total_sessions,
    coalesce(sa.completed_sessions, 0) as completed_sessions,
    sa.last_session_at,
    coalesce(aa.total_answer_attempts, 0) as total_answer_attempts,
    coalesce(aa.correct_attempts, 0) as correct_attempts,
    coalesce(aa.wrong_attempts, 0) as wrong_attempts,
    aa.last_attempt_at,
    case when coalesce(aa.total_answer_attempts, 0) = 0 then null
        else round(coalesce(aa.correct_attempts, 0)::numeric / aa.total_answer_attempts::numeric, 4)
    end as overall_accuracy_rate,
    coalesce(ha.help_request_count, 0) as help_request_count,
    ha.last_help_at,
    case when coalesce(aa.total_answer_attempts, 0) + coalesce(ha.help_request_count, 0) = 0 then null
        else round(coalesce(ha.help_request_count, 0)::numeric / (coalesce(aa.total_answer_attempts, 0) + coalesce(ha.help_request_count, 0))::numeric, 4)
    end as help_request_rate,
    lp.latest_risk_level,
    lp.latest_mastery_score,
    lp.latest_prediction_at,
    coalesce(ra.active_recommendation_count, 0) as active_recommendation_count,
    ra.latest_recommendation_text,
    greatest(sa.last_session_at, aa.last_attempt_at, ha.last_help_at, lp.latest_prediction_at) as last_activity_at
from "postgres"."public"."student_profiles" as sp
left join "postgres"."public"."class_sections" as cs on cs.section_id = sp.section_id
left join session_agg as sa on sa.student_id = sp.student_id
left join attempt_agg as aa on aa.student_id = sp.student_id
left join help_agg as ha on ha.student_id = sp.student_id
left join latest_prediction as lp on lp.student_id = sp.student_id
left join recommendation_agg as ra on ra.student_id = sp.student_id
  );
[0m21:29:42.098895 [debug] [Thread-1 (]: Opening a new connection, currently in state init
[0m21:29:42.783122 [debug] [Thread-1 (]: SQL status: CREATE VIEW in 0.684 seconds
[0m21:29:42.787922 [debug] [Thread-1 (]: Using postgres connection "model.collieai_analytics.vw_student_learning_summary"
[0m21:29:42.788302 [debug] [Thread-1 (]: On model.collieai_analytics.vw_student_learning_summary: /* {"app": "dbt", "dbt_version": "1.12.0", "profile_name": "collieai_analytics", "target_name": "dev", "node_id": "model.collieai_analytics.vw_student_learning_summary"} */
alter table "postgres"."analytics"."vw_student_learning_summary__dbt_tmp" rename to "vw_student_learning_summary"
[0m21:29:42.869793 [debug] [Thread-1 (]: SQL status: ALTER TABLE in 0.081 seconds
[0m21:29:42.887011 [debug] [Thread-1 (]: On model.collieai_analytics.vw_student_learning_summary: COMMIT
[0m21:29:42.887403 [debug] [Thread-1 (]: Using postgres connection "model.collieai_analytics.vw_student_learning_summary"
[0m21:29:42.887644 [debug] [Thread-1 (]: On model.collieai_analytics.vw_student_learning_summary: COMMIT
[0m21:29:42.969920 [debug] [Thread-1 (]: SQL status: COMMIT in 0.082 seconds
[0m21:29:42.975357 [debug] [Thread-1 (]: Applying DROP to: "postgres"."analytics"."vw_student_learning_summary__dbt_backup"
[0m21:29:42.979230 [debug] [Thread-1 (]: Using postgres connection "model.collieai_analytics.vw_student_learning_summary"
[0m21:29:42.979598 [debug] [Thread-1 (]: On model.collieai_analytics.vw_student_learning_summary: /* {"app": "dbt", "dbt_version": "1.12.0", "profile_name": "collieai_analytics", "target_name": "dev", "node_id": "model.collieai_analytics.vw_student_learning_summary"} */
drop view if exists "postgres"."analytics"."vw_student_learning_summary__dbt_backup" cascade
[0m21:29:43.059984 [debug] [Thread-1 (]: SQL status: DROP VIEW in 0.080 seconds
[0m21:29:43.062609 [debug] [Thread-1 (]: On model.collieai_analytics.vw_student_learning_summary: Close
[0m21:29:43.064799 [debug] [Thread-1 (]: Sending event: {'category': 'dbt', 'action': 'run_model', 'label': 'c296f039-9460-4dc3-810c-044d0d569933', 'context': [<snowplow_tracker.self_describing_json.SelfDescribingJson object at 0x00000154181950D0>]}
[0m21:29:43.065693 [info ] [Thread-1 (]: 1 of 1 OK created sql view model analytics.vw_student_learning_summary ......... [[32mCREATE VIEW[0m in 1.01s]
[0m21:29:43.066527 [debug] [Thread-1 (]: Finished running node model.collieai_analytics.vw_student_learning_summary
[0m21:29:43.068229 [debug] [MainThread]: On master: COMMIT
[0m21:29:43.068616 [debug] [MainThread]: Using postgres connection "master"
[0m21:29:43.068846 [debug] [MainThread]: On master: COMMIT
[0m21:29:43.069033 [debug] [MainThread]: Opening a new connection, currently in state closed
[0m21:29:43.711806 [debug] [MainThread]: SQL status: COMMIT in 0.643 seconds
[0m21:29:43.712204 [debug] [MainThread]: On master: Close
[0m21:29:43.712783 [debug] [MainThread]: Connection 'master' was properly closed.
[0m21:29:43.713010 [debug] [MainThread]: Connection 'create_postgres_analytics' was properly closed.
[0m21:29:43.713213 [debug] [MainThread]: Connection 'list_postgres_analytics' was properly closed.
[0m21:29:43.713373 [debug] [MainThread]: Connection 'model.collieai_analytics.vw_student_learning_summary' was properly closed.
[0m21:29:43.713569 [info ] [MainThread]: 
[0m21:29:43.713839 [info ] [MainThread]: Finished running 1 view model in 0 hours 0 minutes and 4.81 seconds (4.81s).
[0m21:29:43.714319 [debug] [MainThread]: Command end result
[0m21:29:43.742790 [debug] [MainThread]: Wrote artifact WritableManifest to dbt_collieai\target\manifest.json
[0m21:29:43.745363 [debug] [MainThread]: Wrote artifact SemanticManifest to dbt_collieai\target\semantic_manifest.json
[0m21:29:43.748770 [debug] [MainThread]: Wrote artifact OsiDocument to dbt_collieai\target\osi_document.json
[0m21:29:43.755979 [debug] [MainThread]: Wrote artifact RunExecutionResult to dbt_collieai\target\run_results.json
[0m21:29:43.756624 [info ] [MainThread]: 
[0m21:29:43.757095 [info ] [MainThread]: [32mCompleted successfully[0m
[0m21:29:43.757368 [info ] [MainThread]: 
[0m21:29:43.757642 [info ] [MainThread]: Done. PASS=1 WARN=0 ERROR=0 SKIP=0 NO-OP=0 REUSED=0 TOTAL=1
[0m21:29:43.758385 [debug] [MainThread]: Command `dbt run` succeeded at 21:29:43.758266 after 6.60 seconds
[0m21:29:43.758709 [debug] [MainThread]: Sending event: {'category': 'dbt', 'action': 'invocation', 'label': 'end', 'context': [<snowplow_tracker.self_describing_json.SelfDescribingJson object at 0x000001541821D450>, <snowplow_tracker.self_describing_json.SelfDescribingJson object at 0x0000015417ED3DA0>, <snowplow_tracker.self_describing_json.SelfDescribingJson object at 0x0000015417C1ABD0>]}
[0m21:29:43.759019 [debug] [MainThread]: Flushing usage events
[0m21:29:44.796041 [debug] [MainThread]: An error was encountered while trying to flush usage events
[0m21:29:47.331494 [debug] [MainThread]: Sending event: {'category': 'dbt', 'action': 'invocation', 'label': 'start', 'context': [<snowplow_tracker.self_describing_json.SelfDescribingJson object at 0x00000224FFC5D400>, <snowplow_tracker.self_describing_json.SelfDescribingJson object at 0x00000224FCAB51D0>, <snowplow_tracker.self_describing_json.SelfDescribingJson object at 0x000002248246FD90>]}


============================== 21:29:47.335839 | 30015b9f-83b0-4324-ab2e-42fd46c2eed3 ==============================
[0m21:29:47.335839 [info ] [MainThread]: Running with dbt=1.12.0
[0m21:29:47.336346 [debug] [MainThread]: running dbt with arguments {'static_parser': 'True', 'no_print': 'None', 'maximum_seed_size_mib': '1', 'warn_error_options': 'WarnErrorOptionsV2(error=[], warn=[], silence=[])', 'target_path': 'None', 'version_check': 'True', 'printer_width': '80', 'write_json': 'True', 'empty': 'None', 'log_cache_events': 'False', 'introspect': 'True', 'cache_selected_only': 'False', 'log_format': 'default', 'debug': 'False', 'fail_fast': 'False', 'partial_parse': 'True', 'send_anonymous_usage_stats': 'True', 'quiet': 'False', 'warn_error': 'None', 'profiles_dir': 'dbt_collieai', 'indirect_selection': 'eager', 'hints_enabled': 'True', 'use_colors': 'True', 'use_experimental_parser': 'False', 'invocation_command': 'dbt docs generate --project-dir dbt_collieai --profiles-dir dbt_collieai', 'log_path': 'dbt_collieai\\logs'}
[0m21:29:47.494147 [debug] [MainThread]: Sending event: {'category': 'dbt', 'action': 'project_id', 'label': '30015b9f-83b0-4324-ab2e-42fd46c2eed3', 'context': [<snowplow_tracker.self_describing_json.SelfDescribingJson object at 0x00000224803E1810>]}
[0m21:29:47.550251 [debug] [MainThread]: Sending event: {'category': 'dbt', 'action': 'adapter_info', 'label': '30015b9f-83b0-4324-ab2e-42fd46c2eed3', 'context': [<snowplow_tracker.self_describing_json.SelfDescribingJson object at 0x00000224FE1B5BF0>]}
[0m21:29:47.551932 [info ] [MainThread]: Registered adapter: postgres=1.11.0
[0m21:29:47.723448 [debug] [MainThread]: checksum: 049a10f44362a5524acca9fa854d3fe668203bf39ab99b02e44d835b28230c69, vars: {}, profile: collieai_analytics, target: dev, version: 1.12.0
[0m21:29:47.906330 [debug] [MainThread]: Partial parsing enabled: 0 files deleted, 0 files added, 0 files changed.
[0m21:29:47.906799 [debug] [MainThread]: Nothing changed, skipping partial parsing.
[0m21:29:47.907092 [debug] [MainThread]: Partial parsing enabled, no changes found, skipping parsing
[0m21:29:47.914516 [debug] [MainThread]: Sending event: {'category': 'dbt', 'action': 'load_project', 'label': '30015b9f-83b0-4324-ab2e-42fd46c2eed3', 'context': [<snowplow_tracker.self_describing_json.SelfDescribingJson object at 0x0000022482BE5850>]}
[0m21:29:47.948883 [debug] [MainThread]: Sending event: {'category': 'dbt', 'action': 'resource_counts', 'label': '30015b9f-83b0-4324-ab2e-42fd46c2eed3', 'context': [<snowplow_tracker.self_describing_json.SelfDescribingJson object at 0x0000022482A8B2F0>]}
[0m21:29:47.949504 [info ] [MainThread]: Found 1 model, 41 sources, 477 macros
[0m21:29:47.949849 [debug] [MainThread]: Sending event: {'category': 'dbt', 'action': 'runnable_timing', 'label': '30015b9f-83b0-4324-ab2e-42fd46c2eed3', 'context': [<snowplow_tracker.self_describing_json.SelfDescribingJson object at 0x0000022482C535B0>]}
[0m21:29:47.951964 [info ] [MainThread]: 
[0m21:29:47.952350 [info ] [MainThread]: Concurrency: 4 threads (target='dev')
[0m21:29:47.952646 [info ] [MainThread]: 
[0m21:29:47.953175 [debug] [MainThread]: Acquiring new postgres connection 'master'
[0m21:29:47.954017 [debug] [ThreadPool]: Acquiring new postgres connection 'list_postgres_analytics'
[0m21:29:48.004310 [debug] [ThreadPool]: Using postgres connection "list_postgres_analytics"
[0m21:29:48.004662 [debug] [ThreadPool]: On list_postgres_analytics: /* {"app": "dbt", "dbt_version": "1.12.0", "profile_name": "collieai_analytics", "target_name": "dev", "connection_name": "list_postgres_analytics"} */
select
      'postgres' as database,
      tablename as name,
      schemaname as schema,
      'table' as type
    from pg_tables
    where schemaname ilike 'analytics'
    union all
    select
      'postgres' as database,
      viewname as name,
      schemaname as schema,
      'view' as type
    from pg_views
    where schemaname ilike 'analytics'
    union all
    select
      'postgres' as database,
      matviewname as name,
      schemaname as schema,
      'materialized_view' as type
    from pg_matviews
    where schemaname ilike 'analytics'
    union all
    select distinct
     'postgres' as database,
     proname as name,
     ns.nspname as schema,
     'function' as type
    from pg_proc
     join pg_namespace as ns on pronamespace = ns.oid
    where ns.nspname ilike 'analytics'
  
[0m21:29:48.004932 [debug] [ThreadPool]: Opening a new connection, currently in state init
[0m21:29:48.686645 [debug] [ThreadPool]: SQL status: SELECT 1 in 0.681 seconds
[0m21:29:48.688042 [debug] [ThreadPool]: On list_postgres_analytics: ROLLBACK
[0m21:29:48.767667 [debug] [ThreadPool]: On list_postgres_analytics: Close
[0m21:29:48.771128 [debug] [MainThread]: Using postgres connection "master"
[0m21:29:48.771577 [debug] [MainThread]: On master: /* {"app": "dbt", "dbt_version": "1.12.0", "profile_name": "collieai_analytics", "target_name": "dev", "connection_name": "master"} */
select distinct
        dependent_namespace.nspname as dependent_schema,
        dependent_class.relname as dependent_name,
        referenced_namespace.nspname as referenced_schema,
        referenced_class.relname as referenced_name

    -- Query for views: views are entries in pg_class with an entry in pg_rewrite, but we avoid
    -- a seq scan on pg_rewrite by leveraging the fact there is an "internal" row in pg_depend for
    -- the view...
    from pg_class as dependent_class
    join pg_namespace as dependent_namespace on dependent_namespace.oid = dependent_class.relnamespace
    join pg_depend as dependent_depend on dependent_depend.refobjid = dependent_class.oid
        and dependent_depend.classid = 'pg_rewrite'::regclass
        and dependent_depend.refclassid = 'pg_class'::regclass
        and dependent_depend.deptype = 'i'

    -- ... and via pg_depend (that has a row per column, hence the need for "distinct" above, and
    -- making sure to exclude the internal row to avoid a view appearing to depend on itself)...
    join pg_depend as joining_depend on joining_depend.objid = dependent_depend.objid
        and joining_depend.classid = 'pg_rewrite'::regclass
        and joining_depend.refclassid = 'pg_class'::regclass
        and joining_depend.refobjid != dependent_depend.refobjid

    -- ... we can find the tables they query from in pg_class, but excluding system tables. Note we
    -- don't need need to exclude _dependent_ system tables, because they only query from other
    -- system tables, and so are automatically excluded by excluding _referenced_ system tables
    join pg_class as referenced_class on referenced_class.oid = joining_depend.refobjid
    join pg_namespace as referenced_namespace on referenced_namespace.oid = referenced_class.relnamespace
        and referenced_namespace.nspname != 'information_schema'
        and referenced_namespace.nspname not like 'pg\_%'

    order by
        dependent_schema, dependent_name, referenced_schema, referenced_name;
[0m21:29:48.771937 [debug] [MainThread]: Opening a new connection, currently in state init
[0m21:29:49.415222 [debug] [MainThread]: SQL status: SELECT 73 in 0.643 seconds
[0m21:29:49.417535 [debug] [MainThread]: Sending event: {'category': 'dbt', 'action': 'runnable_timing', 'label': '30015b9f-83b0-4324-ab2e-42fd46c2eed3', 'context': [<snowplow_tracker.self_describing_json.SelfDescribingJson object at 0x0000022482D57BA0>]}
[0m21:29:49.418067 [debug] [MainThread]: On master: ROLLBACK
[0m21:29:49.496883 [debug] [MainThread]: On master: Close
[0m21:29:49.501074 [debug] [Thread-1 (]: Began running node model.collieai_analytics.vw_student_learning_summary
[0m21:29:49.503510 [debug] [Thread-1 (]: Acquiring new postgres connection 'model.collieai_analytics.vw_student_learning_summary'
[0m21:29:49.503883 [debug] [Thread-1 (]: Began compiling node model.collieai_analytics.vw_student_learning_summary
[0m21:29:49.512919 [debug] [Thread-1 (]: Writing injected SQL for node "model.collieai_analytics.vw_student_learning_summary"
[0m21:29:49.514463 [debug] [Thread-1 (]: Began executing node model.collieai_analytics.vw_student_learning_summary
[0m21:29:49.515410 [debug] [Thread-1 (]: Finished running node model.collieai_analytics.vw_student_learning_summary
[0m21:29:49.517029 [debug] [MainThread]: Connection 'master' was properly closed.
[0m21:29:49.517462 [debug] [MainThread]: Connection 'list_postgres_analytics' was properly closed.
[0m21:29:49.517716 [debug] [MainThread]: Connection 'model.collieai_analytics.vw_student_learning_summary' was properly closed.
[0m21:29:49.518174 [debug] [MainThread]: Command end result
[0m21:29:49.591623 [debug] [MainThread]: Wrote artifact WritableManifest to dbt_collieai\target\manifest.json
[0m21:29:49.595258 [debug] [MainThread]: Wrote artifact SemanticManifest to dbt_collieai\target\semantic_manifest.json
[0m21:29:49.619292 [debug] [MainThread]: Wrote artifact OsiDocument to dbt_collieai\target\osi_document.json
[0m21:29:49.625845 [debug] [MainThread]: Wrote artifact RunExecutionResult to dbt_collieai\target\run_results.json
[0m21:29:49.967743 [debug] [MainThread]: Acquiring new postgres connection 'generate_catalog'
[0m21:29:49.968089 [info ] [MainThread]: Building catalog
[0m21:29:49.983072 [debug] [ThreadPool]: Acquiring new postgres connection 'postgres.information_schema'
[0m21:29:49.988279 [debug] [ThreadPool]: Using postgres connection "postgres.information_schema"
[0m21:29:49.988742 [debug] [ThreadPool]: On postgres.information_schema: /* {"app": "dbt", "dbt_version": "1.12.0", "profile_name": "collieai_analytics", "target_name": "dev", "connection_name": "postgres.information_schema"} */

    
    

    select
        'postgres' as table_database,
        sch.nspname as table_schema,
        tbl.relname as table_name,
        case tbl.relkind
            when 'v' then 'VIEW'
            when 'm' then 'MATERIALIZED VIEW'
            else 'BASE TABLE'
        end as table_type,
        tbl_desc.description as table_comment,
        col.attname as column_name,
        col.attnum as column_index,
        pg_catalog.format_type(col.atttypid, col.atttypmod) as column_type,
        col_desc.description as column_comment,
        pg_get_userbyid(tbl.relowner) as table_owner

    from pg_catalog.pg_namespace sch
    join pg_catalog.pg_class tbl on tbl.relnamespace = sch.oid
    join pg_catalog.pg_attribute col on col.attrelid = tbl.oid
    left outer join pg_catalog.pg_description tbl_desc on (tbl_desc.objoid = tbl.oid and tbl_desc.objsubid = 0)
    left outer join pg_catalog.pg_description col_desc on (col_desc.objoid = tbl.oid and col_desc.objsubid = col.attnum)
    where ((upper(sch.nspname) = upper('public') and
           upper(tbl.relname) = upper('users')) or (upper(sch.nspname) = upper('public') and
           upper(tbl.relname) = upper('prompt_usage_logs')) or (upper(sch.nspname) = upper('public') and
           upper(tbl.relname) = upper('ai_sessions')) or (upper(sch.nspname) = upper('public') and
           upper(tbl.relname) = upper('student_profiles')) or (upper(sch.nspname) = upper('public') and
           upper(tbl.relname) = upper('n8n_workflow_logs')) or (upper(sch.nspname) = upper('public') and
           upper(tbl.relname) = upper('vector_records')) or (upper(sch.nspname) = upper('public') and
           upper(tbl.relname) = upper('teacher_profiles')) or (upper(sch.nspname) = upper('public') and
           upper(tbl.relname) = upper('student_skill_predictions')) or (upper(sch.nspname) = upper('public') and
           upper(tbl.relname) = upper('math_problems')) or (upper(sch.nspname) = upper('public') and
           upper(tbl.relname) = upper('ml_models')) or (upper(sch.nspname) = upper('public') and
           upper(tbl.relname) = upper('math_topics')) or (upper(sch.nspname) = upper('public') and
           upper(tbl.relname) = upper('parent_profiles')) or (upper(sch.nspname) = upper('public') and
           upper(tbl.relname) = upper('avatar_items')) or (upper(sch.nspname) = upper('public') and
           upper(tbl.relname) = upper('avatars')) or (upper(sch.nspname) = upper('public') and
           upper(tbl.relname) = upper('learning_recommendations')) or (upper(sch.nspname) = upper('public') and
           upper(tbl.relname) = upper('student_skill_features')) or (upper(sch.nspname) = upper('public') and
           upper(tbl.relname) = upper('student_teacher_links')) or (upper(sch.nspname) = upper('public') and
           upper(tbl.relname) = upper('system_prompts')) or (upper(sch.nspname) = upper('public') and
           upper(tbl.relname) = upper('student_parent_links')) or (upper(sch.nspname) = upper('public') and
           upper(tbl.relname) = upper('ocr_logs')) or (upper(sch.nspname) = upper('public') and
           upper(tbl.relname) = upper('session_states')) or (upper(sch.nspname) = upper('public') and
           upper(tbl.relname) = upper('student_inputs')) or (upper(sch.nspname) = upper('public') and
           upper(tbl.relname) = upper('dda_events')) or (upper(sch.nspname) = upper('public') and
           upper(tbl.relname) = upper('math_skills')) or (upper(sch.nspname) = upper('public') and
           upper(tbl.relname) = upper('speech_to_text_logs')) or (upper(sch.nspname) = upper('public') and
           upper(tbl.relname) = upper('file_assets')) or (upper(sch.nspname) = upper('public') and
           upper(tbl.relname) = upper('attempt_steps')) or (upper(sch.nspname) = upper('public') and
           upper(tbl.relname) = upper('student_help_events')) or (upper(sch.nspname) = upper('public') and
           upper(tbl.relname) = upper('student_attempts')) or (upper(sch.nspname) = upper('public') and
           upper(tbl.relname) = upper('class_sections')) or (upper(sch.nspname) = upper('public') and
           upper(tbl.relname) = upper('user_auth')) or (upper(sch.nspname) = upper('public') and
           upper(tbl.relname) = upper('guardrail_checks')) or (upper(sch.nspname) = upper('public') and
           upper(tbl.relname) = upper('roles')) or (upper(sch.nspname) = upper('public') and
           upper(tbl.relname) = upper('difficulty_levels')) or (upper(sch.nspname) = upper('public') and
           upper(tbl.relname) = upper('show_me_breakdowns')) or (upper(sch.nspname) = upper('public') and
           upper(tbl.relname) = upper('ai_messages')) or (upper(sch.nspname) = upper('analytics') and
           upper(tbl.relname) = upper('vw_student_learning_summary')) or (upper(sch.nspname) = upper('public') and
           upper(tbl.relname) = upper('student_avatar_items')) or (upper(sch.nspname) = upper('public') and
           upper(tbl.relname) = upper('reward_transactions')) or (upper(sch.nspname) = upper('public') and
           upper(tbl.relname) = upper('api_request_logs')) or (upper(sch.nspname) = upper('public') and
           upper(tbl.relname) = upper('text_to_speech_logs')) or (upper(sch.nspname) = upper('public') and
           upper(tbl.relname) = upper('notifications')))
      and not pg_is_other_temp_schema(sch.oid) -- not a temporary schema belonging to another session
      and tbl.relpersistence in ('p', 'u') -- [p]ermanent table or [u]nlogged table. Exclude [t]emporary tables
      and tbl.relkind in ('r', 'v', 'f', 'p', 'm') -- o[r]dinary table, [v]iew, [f]oreign table, [p]artitioned table, [m]aterialized view. Other values are [i]ndex, [S]equence, [c]omposite type, [t]OAST table
      and col.attnum > 0 -- negative numbers are used for system columns such as oid
      and not col.attisdropped -- column as not been dropped

    order by
        sch.nspname,
        tbl.relname,
        col.attnum
[0m21:29:49.989140 [debug] [ThreadPool]: Opening a new connection, currently in state init
[0m21:29:50.733018 [debug] [ThreadPool]: SQL status: SELECT 343 in 0.744 seconds
[0m21:29:50.740645 [debug] [ThreadPool]: On postgres.information_schema: ROLLBACK
[0m21:29:50.820357 [debug] [ThreadPool]: On postgres.information_schema: Close
[0m21:29:50.843758 [debug] [MainThread]: Wrote artifact CatalogArtifact to dbt_collieai\target\catalog.json
[0m21:29:50.870484 [debug] [MainThread]: Wrote artifact WritableManifest to dbt_collieai\target\manifest.json
[0m21:29:50.873929 [debug] [MainThread]: Wrote artifact SemanticManifest to dbt_collieai\target\semantic_manifest.json
[0m21:29:50.877429 [debug] [MainThread]: Wrote artifact OsiDocument to dbt_collieai\target\osi_document.json
[0m21:29:50.877780 [info ] [MainThread]: Catalog written to C:\Users\YEN YEN\Desktop\ERD\ERD-Portfolio-Repo\CollieAI_ERD\dbt_collieai\target\catalog.json
[0m21:29:50.878651 [debug] [MainThread]: Command `dbt docs generate` succeeded at 21:29:50.878544 after 3.70 seconds
[0m21:29:50.878905 [debug] [MainThread]: Connection 'generate_catalog' was properly closed.
[0m21:29:50.879084 [debug] [MainThread]: Connection 'postgres.information_schema' was properly closed.
[0m21:29:50.879354 [debug] [MainThread]: Sending event: {'category': 'dbt', 'action': 'invocation', 'label': 'end', 'context': [<snowplow_tracker.self_describing_json.SelfDescribingJson object at 0x00000224823C1550>, <snowplow_tracker.self_describing_json.SelfDescribingJson object at 0x0000022482F67A10>, <snowplow_tracker.self_describing_json.SelfDescribingJson object at 0x0000022482F67540>]}
[0m21:29:50.879626 [debug] [MainThread]: Flushing usage events
[0m21:29:51.910280 [debug] [MainThread]: An error was encountered while trying to flush usage events
[0m21:30:08.799543 [debug] [MainThread]: Sending event: {'category': 'dbt', 'action': 'invocation', 'label': 'start', 'context': [<snowplow_tracker.self_describing_json.SelfDescribingJson object at 0x000001C12B30D160>, <snowplow_tracker.self_describing_json.SelfDescribingJson object at 0x000001C12DA3BED0>, <snowplow_tracker.self_describing_json.SelfDescribingJson object at 0x000001C12DA3B890>]}


============================== 21:30:08.803263 | 2721cb30-b086-4c1e-b000-972844cf552a ==============================
[0m21:30:08.803263 [info ] [MainThread]: Running with dbt=1.12.0
[0m21:30:08.803933 [debug] [MainThread]: running dbt with arguments {'maximum_seed_size_mib': '1', 'no_print': 'None', 'version_check': 'True', 'warn_error_options': 'WarnErrorOptionsV2(error=[], warn=[], silence=[])', 'static_parser': 'True', 'target_path': 'None', 'printer_width': '80', 'write_json': 'True', 'empty': 'None', 'log_cache_events': 'False', 'introspect': 'True', 'cache_selected_only': 'False', 'fail_fast': 'False', 'debug': 'False', 'log_format': 'default', 'profiles_dir': 'dbt_collieai', 'send_anonymous_usage_stats': 'True', 'quiet': 'False', 'warn_error': 'None', 'partial_parse': 'True', 'invocation_command': 'dbt docs serve --project-dir dbt_collieai --profiles-dir dbt_collieai --port 8080', 'hints_enabled': 'True', 'indirect_selection': 'eager', 'use_experimental_parser': 'False', 'use_colors': 'True', 'log_path': 'dbt_collieai\\logs'}
[0m21:30:08.959959 [debug] [MainThread]: Sending event: {'category': 'dbt', 'action': 'project_id', 'label': '2721cb30-b086-4c1e-b000-972844cf552a', 'context': [<snowplow_tracker.self_describing_json.SelfDescribingJson object at 0x000001C12B9F1810>]}
[0m21:30:09.030625 [debug] [MainThread]: Sending event: {'category': 'dbt', 'action': 'adapter_info', 'label': '2721cb30-b086-4c1e-b000-972844cf552a', 'context': [<snowplow_tracker.self_describing_json.SelfDescribingJson object at 0x000001C12DB03570>]}
[0m21:30:09.158632 [error] [MainThread]: [[31mERROR[0m]: Encountered an error:
[WinError 10049] The requested address is not valid in its context
[0m21:30:09.188749 [error] [MainThread]: Traceback (most recent call last):
  File "C:\Users\YEN YEN\Desktop\ERD\ERD-Portfolio-Repo\CollieAI_ERD\.venv\Lib\site-packages\dbt\cli\requires.py", line 190, in wrapper
    result, success = func(*args, **kwargs)
                      ~~~~^^^^^^^^^^^^^^^^^
  File "C:\Users\YEN YEN\Desktop\ERD\ERD-Portfolio-Repo\CollieAI_ERD\.venv\Lib\site-packages\dbt\cli\requires.py", line 136, in wrapper
    return func(*args, **kwargs)
  File "C:\Users\YEN YEN\Desktop\ERD\ERD-Portfolio-Repo\CollieAI_ERD\.venv\Lib\site-packages\dbt\cli\requires.py", line 287, in wrapper
    return func(*args, **kwargs)
  File "C:\Users\YEN YEN\Desktop\ERD\ERD-Portfolio-Repo\CollieAI_ERD\.venv\Lib\site-packages\dbt\cli\requires.py", line 332, in wrapper
    return func(*args, **kwargs)
  File "C:\Users\YEN YEN\Desktop\ERD\ERD-Portfolio-Repo\CollieAI_ERD\.venv\Lib\site-packages\dbt\cli\requires.py", line 379, in wrapper
    return func(*args, **kwargs)
  File "C:\Users\YEN YEN\Desktop\ERD\ERD-Portfolio-Repo\CollieAI_ERD\.venv\Lib\site-packages\dbt\cli\main.py", line 322, in docs_serve
    results = task.run()
  File "C:\Users\YEN YEN\Desktop\ERD\ERD-Portfolio-Repo\CollieAI_ERD\.venv\Lib\site-packages\dbt\task\docs\serve.py", line 24, in run
    with socketserver.TCPServer((host, port), SimpleHTTPRequestHandler) as httpd:
         ~~~~~~~~~~~~~~~~~~~~~~^^^^^^^^^^^^^^^^^^^^^^^^^^^^^^^^^^^^^^^^
  File "C:\Users\YEN YEN\AppData\Local\Programs\Python\Python313\Lib\socketserver.py", line 457, in __init__
    self.server_bind()
    ~~~~~~~~~~~~~~~~^^
  File "C:\Users\YEN YEN\AppData\Local\Programs\Python\Python313\Lib\socketserver.py", line 478, in server_bind
    self.socket.bind(self.server_address)
    ~~~~~~~~~~~~~~~~^^^^^^^^^^^^^^^^^^^^^
OSError: [WinError 10049] The requested address is not valid in its context

[0m21:30:09.190593 [debug] [MainThread]: Command `dbt docs serve` failed at 21:30:09.190282 after 0.55 seconds
[0m21:30:09.191140 [debug] [MainThread]: Sending event: {'category': 'dbt', 'action': 'invocation', 'label': 'end', 'context': [<snowplow_tracker.self_describing_json.SelfDescribingJson object at 0x000001C12DE06750>, <snowplow_tracker.self_describing_json.SelfDescribingJson object at 0x000001C12DE06850>, <snowplow_tracker.self_describing_json.SelfDescribingJson object at 0x000001C12DE395E0>]}
[0m21:30:09.191615 [debug] [MainThread]: Flushing usage events
[0m21:30:10.230252 [debug] [MainThread]: An error was encountered while trying to flush usage events
[0m21:30:34.816507 [debug] [MainThread]: Sending event: {'category': 'dbt', 'action': 'invocation', 'label': 'start', 'context': [<snowplow_tracker.self_describing_json.SelfDescribingJson object at 0x000001BB0B5CD400>, <snowplow_tracker.self_describing_json.SelfDescribingJson object at 0x000001BB0DD1FED0>, <snowplow_tracker.self_describing_json.SelfDescribingJson object at 0x000001BB0DD1FC50>]}


============================== 21:30:34.820848 | f9472333-591f-401f-8b7b-6c1236b0330d ==============================
[0m21:30:34.820848 [info ] [MainThread]: Running with dbt=1.12.0
[0m21:30:34.821303 [debug] [MainThread]: running dbt with arguments {'static_parser': 'True', 'no_print': 'None', 'version_check': 'True', 'warn_error_options': 'WarnErrorOptionsV2(error=[], warn=[], silence=[])', 'target_path': 'None', 'maximum_seed_size_mib': '1', 'printer_width': '80', 'write_json': 'True', 'introspect': 'True', 'log_cache_events': 'False', 'empty': 'None', 'cache_selected_only': 'False', 'log_format': 'default', 'debug': 'False', 'fail_fast': 'False', 'profiles_dir': 'dbt_collieai', 'send_anonymous_usage_stats': 'True', 'quiet': 'False', 'warn_error': 'None', 'partial_parse': 'True', 'invocation_command': 'dbt docs serve --project-dir dbt_collieai --profiles-dir dbt_collieai --port 8080', 'hints_enabled': 'True', 'use_colors': 'True', 'use_experimental_parser': 'False', 'indirect_selection': 'eager', 'log_path': 'dbt_collieai\\logs'}
[0m21:30:35.040624 [debug] [MainThread]: Sending event: {'category': 'dbt', 'action': 'project_id', 'label': 'f9472333-591f-401f-8b7b-6c1236b0330d', 'context': [<snowplow_tracker.self_describing_json.SelfDescribingJson object at 0x000001BB0BCD1810>]}
[0m21:30:35.145873 [debug] [MainThread]: Sending event: {'category': 'dbt', 'action': 'adapter_info', 'label': 'f9472333-591f-401f-8b7b-6c1236b0330d', 'context': [<snowplow_tracker.self_describing_json.SelfDescribingJson object at 0x000001BB0DDE3570>]}
[0m21:30:35.304709 [error] [MainThread]: [[31mERROR[0m]: Encountered an error:
[WinError 10049] The requested address is not valid in its context
[0m21:30:35.310612 [error] [MainThread]: Traceback (most recent call last):
  File "C:\Users\YEN YEN\Desktop\ERD\ERD-Portfolio-Repo\CollieAI_ERD\.venv\Lib\site-packages\dbt\cli\requires.py", line 190, in wrapper
    result, success = func(*args, **kwargs)
                      ~~~~^^^^^^^^^^^^^^^^^
  File "C:\Users\YEN YEN\Desktop\ERD\ERD-Portfolio-Repo\CollieAI_ERD\.venv\Lib\site-packages\dbt\cli\requires.py", line 136, in wrapper
    return func(*args, **kwargs)
  File "C:\Users\YEN YEN\Desktop\ERD\ERD-Portfolio-Repo\CollieAI_ERD\.venv\Lib\site-packages\dbt\cli\requires.py", line 287, in wrapper
    return func(*args, **kwargs)
  File "C:\Users\YEN YEN\Desktop\ERD\ERD-Portfolio-Repo\CollieAI_ERD\.venv\Lib\site-packages\dbt\cli\requires.py", line 332, in wrapper
    return func(*args, **kwargs)
  File "C:\Users\YEN YEN\Desktop\ERD\ERD-Portfolio-Repo\CollieAI_ERD\.venv\Lib\site-packages\dbt\cli\requires.py", line 379, in wrapper
    return func(*args, **kwargs)
  File "C:\Users\YEN YEN\Desktop\ERD\ERD-Portfolio-Repo\CollieAI_ERD\.venv\Lib\site-packages\dbt\cli\main.py", line 322, in docs_serve
    results = task.run()
  File "C:\Users\YEN YEN\Desktop\ERD\ERD-Portfolio-Repo\CollieAI_ERD\.venv\Lib\site-packages\dbt\task\docs\serve.py", line 24, in run
    with socketserver.TCPServer((host, port), SimpleHTTPRequestHandler) as httpd:
         ~~~~~~~~~~~~~~~~~~~~~~^^^^^^^^^^^^^^^^^^^^^^^^^^^^^^^^^^^^^^^^
  File "C:\Users\YEN YEN\AppData\Local\Programs\Python\Python313\Lib\socketserver.py", line 457, in __init__
    self.server_bind()
    ~~~~~~~~~~~~~~~~^^
  File "C:\Users\YEN YEN\AppData\Local\Programs\Python\Python313\Lib\socketserver.py", line 478, in server_bind
    self.socket.bind(self.server_address)
    ~~~~~~~~~~~~~~~~^^^^^^^^^^^^^^^^^^^^^
OSError: [WinError 10049] The requested address is not valid in its context

[0m21:30:35.311719 [debug] [MainThread]: Command `dbt docs serve` failed at 21:30:35.311499 after 0.65 seconds
[0m21:30:35.312766 [debug] [MainThread]: Sending event: {'category': 'dbt', 'action': 'invocation', 'label': 'end', 'context': [<snowplow_tracker.self_describing_json.SelfDescribingJson object at 0x000001BB0E11E750>, <snowplow_tracker.self_describing_json.SelfDescribingJson object at 0x000001BB0E11E850>, <snowplow_tracker.self_describing_json.SelfDescribingJson object at 0x000001BB0E1495E0>]}
[0m21:30:35.313364 [debug] [MainThread]: Flushing usage events
[0m21:30:36.609830 [debug] [MainThread]: An error was encountered while trying to flush usage events
[0m21:30:48.299314 [debug] [MainThread]: Sending event: {'category': 'dbt', 'action': 'invocation', 'label': 'start', 'context': [<snowplow_tracker.self_describing_json.SelfDescribingJson object at 0x000002724A649160>, <snowplow_tracker.self_describing_json.SelfDescribingJson object at 0x000002724CD6BED0>, <snowplow_tracker.self_describing_json.SelfDescribingJson object at 0x000002724CD6B890>]}


============================== 21:30:48.303456 | 0499ea38-f2e0-4d4e-917b-c61bfe597d69 ==============================
[0m21:30:48.303456 [info ] [MainThread]: Running with dbt=1.12.0
[0m21:30:48.304181 [debug] [MainThread]: running dbt with arguments {'version_check': 'True', 'no_print': 'None', 'maximum_seed_size_mib': '1', 'target_path': 'None', 'warn_error_options': 'WarnErrorOptionsV2(error=[], warn=[], silence=[])', 'static_parser': 'True', 'printer_width': '80', 'write_json': 'True', 'empty': 'None', 'log_cache_events': 'False', 'introspect': 'True', 'cache_selected_only': 'False', 'log_format': 'default', 'debug': 'False', 'fail_fast': 'False', 'profiles_dir': 'dbt_collieai', 'send_anonymous_usage_stats': 'True', 'quiet': 'False', 'warn_error': 'None', 'partial_parse': 'True', 'invocation_command': 'dbt docs serve --project-dir dbt_collieai --profiles-dir dbt_collieai --host 127.0.0.1 --port 8080', 'hints_enabled': 'True', 'use_colors': 'True', 'use_experimental_parser': 'False', 'indirect_selection': 'eager', 'log_path': 'dbt_collieai\\logs'}
[0m21:30:48.465151 [debug] [MainThread]: Sending event: {'category': 'dbt', 'action': 'project_id', 'label': '0499ea38-f2e0-4d4e-917b-c61bfe597d69', 'context': [<snowplow_tracker.self_describing_json.SelfDescribingJson object at 0x000002724AD21810>]}
[0m21:30:48.523766 [debug] [MainThread]: Sending event: {'category': 'dbt', 'action': 'adapter_info', 'label': '0499ea38-f2e0-4d4e-917b-c61bfe597d69', 'context': [<snowplow_tracker.self_describing_json.SelfDescribingJson object at 0x000002724CE33570>]}
[0m21:34:30.202638 [debug] [MainThread]: Sending event: {'category': 'dbt', 'action': 'invocation', 'label': 'start', 'context': [<snowplow_tracker.self_describing_json.SelfDescribingJson object at 0x000001DA32E8D400>, <snowplow_tracker.self_describing_json.SelfDescribingJson object at 0x000001DA355DFED0>, <snowplow_tracker.self_describing_json.SelfDescribingJson object at 0x000001DA355DFC50>]}


============================== 21:34:30.207135 | a341d5ff-6221-4a8e-8368-fd0d011c57db ==============================
[0m21:34:30.207135 [info ] [MainThread]: Running with dbt=1.12.0
[0m21:34:30.207608 [debug] [MainThread]: running dbt with arguments {'maximum_seed_size_mib': '1', 'no_print': 'None', 'static_parser': 'True', 'warn_error_options': 'WarnErrorOptionsV2(error=[], warn=[], silence=[])', 'version_check': 'True', 'target_path': 'None', 'printer_width': '80', 'write_json': 'True', 'empty': 'None', 'log_cache_events': 'False', 'introspect': 'True', 'cache_selected_only': 'False', 'log_format': 'default', 'debug': 'False', 'fail_fast': 'False', 'profiles_dir': 'dbt_collieai', 'send_anonymous_usage_stats': 'True', 'quiet': 'False', 'warn_error': 'None', 'partial_parse': 'True', 'invocation_command': 'dbt parse --project-dir dbt_collieai --profiles-dir dbt_collieai', 'hints_enabled': 'True', 'use_colors': 'True', 'use_experimental_parser': 'False', 'indirect_selection': 'eager', 'log_path': 'dbt_collieai\\logs'}
[0m21:34:30.387713 [debug] [MainThread]: Sending event: {'category': 'dbt', 'action': 'project_id', 'label': 'a341d5ff-6221-4a8e-8368-fd0d011c57db', 'context': [<snowplow_tracker.self_describing_json.SelfDescribingJson object at 0x000001DA33591810>]}
[0m21:34:30.452196 [debug] [MainThread]: Sending event: {'category': 'dbt', 'action': 'adapter_info', 'label': 'a341d5ff-6221-4a8e-8368-fd0d011c57db', 'context': [<snowplow_tracker.self_describing_json.SelfDescribingJson object at 0x000001DA356A3460>]}
[0m21:34:30.453685 [info ] [MainThread]: Registered adapter: postgres=1.11.0
[0m21:34:30.623978 [debug] [MainThread]: checksum: 049a10f44362a5524acca9fa854d3fe668203bf39ab99b02e44d835b28230c69, vars: {}, profile: collieai_analytics, target: dev, version: 1.12.0
[0m21:34:30.857705 [debug] [MainThread]: Partial parsing enabled: 0 files deleted, 8 files added, 0 files changed.
[0m21:34:30.858579 [debug] [MainThread]: Partial parsing: added file: collieai_analytics://models\marts\mv_topic_failure_patterns.sql
[0m21:34:30.860278 [debug] [MainThread]: Partial parsing: added file: collieai_analytics://models\marts\vw_parent_child_progress.sql
[0m21:34:30.860960 [debug] [MainThread]: Partial parsing: added file: collieai_analytics://models\marts\mv_weekly_skill_mastery.sql
[0m21:34:30.861660 [debug] [MainThread]: Partial parsing: added file: collieai_analytics://models\marts\mv_daily_student_performance.sql
[0m21:34:30.862256 [debug] [MainThread]: Partial parsing: added file: collieai_analytics://models\marts\vw_guardrail_summary.sql
[0m21:34:30.862885 [debug] [MainThread]: Partial parsing: added file: collieai_analytics://models\marts\vw_gamification_summary.sql
[0m21:34:30.863472 [debug] [MainThread]: Partial parsing: added file: collieai_analytics://models\marts\vw_student_skill_mastery.sql
[0m21:34:30.863969 [debug] [MainThread]: Partial parsing: added file: collieai_analytics://models\marts\vw_dda_effectiveness.sql
[0m21:34:31.370207 [debug] [MainThread]: Sending event: {'category': 'dbt', 'action': 'load_project', 'label': 'a341d5ff-6221-4a8e-8368-fd0d011c57db', 'context': [<snowplow_tracker.self_describing_json.SelfDescribingJson object at 0x000001DA35AEBB50>]}
[0m21:34:31.378551 [info ] [MainThread]: Performance info: dbt_collieai\target\perf_info.json
[0m21:34:31.510275 [debug] [MainThread]: Wrote artifact WritableManifest to dbt_collieai\target\manifest.json
[0m21:34:31.514906 [debug] [MainThread]: Wrote artifact SemanticManifest to dbt_collieai\target\semantic_manifest.json
[0m21:34:31.540509 [debug] [MainThread]: Wrote artifact OsiDocument to dbt_collieai\target\osi_document.json
[0m21:34:31.541206 [debug] [MainThread]: Command `dbt parse` succeeded at 21:34:31.541088 after 1.51 seconds
[0m21:34:31.541504 [debug] [MainThread]: Sending event: {'category': 'dbt', 'action': 'invocation', 'label': 'end', 'context': [<snowplow_tracker.self_describing_json.SelfDescribingJson object at 0x000001DA355E2300>, <snowplow_tracker.self_describing_json.SelfDescribingJson object at 0x000001DA35CC7A70>, <snowplow_tracker.self_describing_json.SelfDescribingJson object at 0x000001DA354A7E70>]}
[0m21:34:31.541775 [debug] [MainThread]: Flushing usage events
[0m21:34:32.883041 [debug] [MainThread]: An error was encountered while trying to flush usage events
[0m21:34:35.844019 [debug] [MainThread]: Sending event: {'category': 'dbt', 'action': 'invocation', 'label': 'start', 'context': [<snowplow_tracker.self_describing_json.SelfDescribingJson object at 0x000001ABD87BD400>, <snowplow_tracker.self_describing_json.SelfDescribingJson object at 0x000001ABDAF6FD90>, <snowplow_tracker.self_describing_json.SelfDescribingJson object at 0x000001ABDAF6F890>]}


============================== 21:34:35.852001 | 12339d28-9bb6-4835-8083-7be0fccbc978 ==============================
[0m21:34:35.852001 [info ] [MainThread]: Running with dbt=1.12.0
[0m21:34:35.852896 [debug] [MainThread]: running dbt with arguments {'static_parser': 'True', 'no_print': 'None', 'maximum_seed_size_mib': '1', 'warn_error_options': 'WarnErrorOptionsV2(error=[], warn=[], silence=[])', 'version_check': 'True', 'target_path': 'None', 'printer_width': '80', 'write_json': 'True', 'introspect': 'True', 'log_cache_events': 'False', 'empty': 'False', 'cache_selected_only': 'False', 'fail_fast': 'False', 'debug': 'False', 'log_format': 'default', 'partial_parse': 'True', 'send_anonymous_usage_stats': 'True', 'quiet': 'False', 'warn_error': 'None', 'profiles_dir': 'dbt_collieai', 'indirect_selection': 'eager', 'hints_enabled': 'True', 'use_colors': 'True', 'use_experimental_parser': 'False', 'invocation_command': 'dbt run --project-dir dbt_collieai --profiles-dir dbt_collieai', 'log_path': 'dbt_collieai\\logs'}
[0m21:34:36.080401 [debug] [MainThread]: Sending event: {'category': 'dbt', 'action': 'project_id', 'label': '12339d28-9bb6-4835-8083-7be0fccbc978', 'context': [<snowplow_tracker.self_describing_json.SelfDescribingJson object at 0x000001ABD8ED1810>]}
[0m21:34:36.173468 [debug] [MainThread]: Sending event: {'category': 'dbt', 'action': 'adapter_info', 'label': '12339d28-9bb6-4835-8083-7be0fccbc978', 'context': [<snowplow_tracker.self_describing_json.SelfDescribingJson object at 0x000001ABD6D15BF0>]}
[0m21:34:36.175486 [info ] [MainThread]: Registered adapter: postgres=1.11.0
[0m21:34:36.546079 [debug] [MainThread]: checksum: 049a10f44362a5524acca9fa854d3fe668203bf39ab99b02e44d835b28230c69, vars: {}, profile: collieai_analytics, target: dev, version: 1.12.0
[0m21:34:36.908034 [debug] [MainThread]: Partial parsing enabled: 0 files deleted, 0 files added, 0 files changed.
[0m21:34:36.908498 [debug] [MainThread]: Nothing changed, skipping partial parsing.
[0m21:34:36.908833 [debug] [MainThread]: Partial parsing enabled, no changes found, skipping parsing
[0m21:34:36.920677 [debug] [MainThread]: Sending event: {'category': 'dbt', 'action': 'load_project', 'label': '12339d28-9bb6-4835-8083-7be0fccbc978', 'context': [<snowplow_tracker.self_describing_json.SelfDescribingJson object at 0x000001ABDB661C50>]}
[0m21:34:37.092060 [debug] [MainThread]: Wrote artifact WritableManifest to dbt_collieai\target\manifest.json
[0m21:34:37.096330 [debug] [MainThread]: Wrote artifact SemanticManifest to dbt_collieai\target\semantic_manifest.json
[0m21:34:37.139782 [debug] [MainThread]: Wrote artifact OsiDocument to dbt_collieai\target\osi_document.json
[0m21:34:37.165767 [debug] [MainThread]: Sending event: {'category': 'dbt', 'action': 'resource_counts', 'label': '12339d28-9bb6-4835-8083-7be0fccbc978', 'context': [<snowplow_tracker.self_describing_json.SelfDescribingJson object at 0x000001ABDB4D4500>]}
[0m21:34:37.166420 [info ] [MainThread]: Found 9 models, 41 sources, 477 macros
[0m21:34:37.167088 [debug] [MainThread]: Sending event: {'category': 'dbt', 'action': 'runnable_timing', 'label': '12339d28-9bb6-4835-8083-7be0fccbc978', 'context': [<snowplow_tracker.self_describing_json.SelfDescribingJson object at 0x000001ABDB50F690>]}
[0m21:34:37.171805 [info ] [MainThread]: 
[0m21:34:37.172589 [info ] [MainThread]: Concurrency: 4 threads (target='dev')
[0m21:34:37.173138 [info ] [MainThread]: 
[0m21:34:37.174003 [debug] [MainThread]: Acquiring new postgres connection 'master'
[0m21:34:37.181369 [debug] [ThreadPool]: Acquiring new postgres connection 'list_postgres'
[0m21:34:37.265697 [debug] [ThreadPool]: Using postgres connection "list_postgres"
[0m21:34:37.266089 [debug] [ThreadPool]: On list_postgres: /* {"app": "dbt", "dbt_version": "1.12.0", "profile_name": "collieai_analytics", "target_name": "dev", "connection_name": "list_postgres"} */

    select distinct nspname from pg_namespace
  
[0m21:34:37.266382 [debug] [ThreadPool]: Opening a new connection, currently in state init
[0m21:34:38.030578 [debug] [ThreadPool]: SQL status: SELECT 117 in 0.764 seconds
[0m21:34:38.032835 [debug] [ThreadPool]: On list_postgres: Close
[0m21:34:38.035624 [debug] [ThreadPool]: Acquiring new postgres connection 'list_postgres_analytics'
[0m21:34:38.043309 [debug] [ThreadPool]: Using postgres connection "list_postgres_analytics"
[0m21:34:38.043896 [debug] [ThreadPool]: On list_postgres_analytics: /* {"app": "dbt", "dbt_version": "1.12.0", "profile_name": "collieai_analytics", "target_name": "dev", "connection_name": "list_postgres_analytics"} */
select
      'postgres' as database,
      tablename as name,
      schemaname as schema,
      'table' as type
    from pg_tables
    where schemaname ilike 'analytics'
    union all
    select
      'postgres' as database,
      viewname as name,
      schemaname as schema,
      'view' as type
    from pg_views
    where schemaname ilike 'analytics'
    union all
    select
      'postgres' as database,
      matviewname as name,
      schemaname as schema,
      'materialized_view' as type
    from pg_matviews
    where schemaname ilike 'analytics'
    union all
    select distinct
     'postgres' as database,
     proname as name,
     ns.nspname as schema,
     'function' as type
    from pg_proc
     join pg_namespace as ns on pronamespace = ns.oid
    where ns.nspname ilike 'analytics'
  
[0m21:34:38.044600 [debug] [ThreadPool]: Opening a new connection, currently in state init
[0m21:34:38.714868 [debug] [ThreadPool]: SQL status: SELECT 1 in 0.670 seconds
[0m21:34:38.716837 [debug] [ThreadPool]: On list_postgres_analytics: ROLLBACK
[0m21:34:38.799204 [debug] [ThreadPool]: On list_postgres_analytics: Close
[0m21:34:38.804703 [debug] [MainThread]: Using postgres connection "master"
[0m21:34:38.805233 [debug] [MainThread]: On master: /* {"app": "dbt", "dbt_version": "1.12.0", "profile_name": "collieai_analytics", "target_name": "dev", "connection_name": "master"} */
select distinct
        dependent_namespace.nspname as dependent_schema,
        dependent_class.relname as dependent_name,
        referenced_namespace.nspname as referenced_schema,
        referenced_class.relname as referenced_name

    -- Query for views: views are entries in pg_class with an entry in pg_rewrite, but we avoid
    -- a seq scan on pg_rewrite by leveraging the fact there is an "internal" row in pg_depend for
    -- the view...
    from pg_class as dependent_class
    join pg_namespace as dependent_namespace on dependent_namespace.oid = dependent_class.relnamespace
    join pg_depend as dependent_depend on dependent_depend.refobjid = dependent_class.oid
        and dependent_depend.classid = 'pg_rewrite'::regclass
        and dependent_depend.refclassid = 'pg_class'::regclass
        and dependent_depend.deptype = 'i'

    -- ... and via pg_depend (that has a row per column, hence the need for "distinct" above, and
    -- making sure to exclude the internal row to avoid a view appearing to depend on itself)...
    join pg_depend as joining_depend on joining_depend.objid = dependent_depend.objid
        and joining_depend.classid = 'pg_rewrite'::regclass
        and joining_depend.refclassid = 'pg_class'::regclass
        and joining_depend.refobjid != dependent_depend.refobjid

    -- ... we can find the tables they query from in pg_class, but excluding system tables. Note we
    -- don't need need to exclude _dependent_ system tables, because they only query from other
    -- system tables, and so are automatically excluded by excluding _referenced_ system tables
    join pg_class as referenced_class on referenced_class.oid = joining_depend.refobjid
    join pg_namespace as referenced_namespace on referenced_namespace.oid = referenced_class.relnamespace
        and referenced_namespace.nspname != 'information_schema'
        and referenced_namespace.nspname not like 'pg\_%'

    order by
        dependent_schema, dependent_name, referenced_schema, referenced_name;
[0m21:34:38.805715 [debug] [MainThread]: Opening a new connection, currently in state init
[0m21:34:39.445204 [debug] [MainThread]: SQL status: SELECT 73 in 0.639 seconds
[0m21:34:39.447106 [debug] [MainThread]: Sending event: {'category': 'dbt', 'action': 'runnable_timing', 'label': '12339d28-9bb6-4835-8083-7be0fccbc978', 'context': [<snowplow_tracker.self_describing_json.SelfDescribingJson object at 0x000001ABDB872410>]}
[0m21:34:39.447847 [debug] [MainThread]: On master: ROLLBACK
[0m21:34:39.526887 [debug] [MainThread]: On master: COMMIT
[0m21:34:39.527822 [debug] [MainThread]: Using postgres connection "master"
[0m21:34:39.528689 [debug] [MainThread]: On master: COMMIT
[0m21:34:39.687664 [debug] [MainThread]: SQL status: COMMIT in 0.158 seconds
[0m21:34:39.688444 [debug] [MainThread]: On master: Close
[0m21:34:39.694788 [debug] [Thread-3 (]: Began running node model.collieai_analytics.mv_weekly_skill_mastery
[0m21:34:39.695747 [info ] [Thread-3 (]: 3 of 9 START sql materialized_view model analytics.mv_weekly_skill_mastery ..... [RUN]
[0m21:34:39.696357 [debug] [Thread-4 (]: Began running node model.collieai_analytics.vw_dda_effectiveness
[0m21:34:39.696828 [debug] [Thread-1 (]: Began running node model.collieai_analytics.mv_daily_student_performance
[0m21:34:39.697318 [debug] [Thread-2 (]: Began running node model.collieai_analytics.mv_topic_failure_patterns
[0m21:34:39.698023 [debug] [Thread-3 (]: Acquiring new postgres connection 'model.collieai_analytics.mv_weekly_skill_mastery'
[0m21:34:39.699304 [info ] [Thread-4 (]: 4 of 9 START sql view model analytics.vw_dda_effectiveness ..................... [RUN]
[0m21:34:39.700211 [info ] [Thread-1 (]: 1 of 9 START sql materialized_view model analytics.mv_daily_student_performance  [RUN]
[0m21:34:39.701203 [info ] [Thread-2 (]: 2 of 9 START sql materialized_view model analytics.mv_topic_failure_patterns ... [RUN]
[0m21:34:39.701697 [debug] [Thread-3 (]: Began compiling node model.collieai_analytics.mv_weekly_skill_mastery
[0m21:34:39.702369 [debug] [Thread-4 (]: Acquiring new postgres connection 'model.collieai_analytics.vw_dda_effectiveness'
[0m21:34:39.702908 [debug] [Thread-1 (]: Acquiring new postgres connection 'model.collieai_analytics.mv_daily_student_performance'
[0m21:34:39.703350 [debug] [Thread-2 (]: Acquiring new postgres connection 'model.collieai_analytics.mv_topic_failure_patterns'
[0m21:34:39.711701 [debug] [Thread-3 (]: Writing injected SQL for node "model.collieai_analytics.mv_weekly_skill_mastery"
[0m21:34:39.712085 [debug] [Thread-4 (]: Began compiling node model.collieai_analytics.vw_dda_effectiveness
[0m21:34:39.712406 [debug] [Thread-1 (]: Began compiling node model.collieai_analytics.mv_daily_student_performance
[0m21:34:39.712650 [debug] [Thread-2 (]: Began compiling node model.collieai_analytics.mv_topic_failure_patterns
[0m21:34:39.716736 [debug] [Thread-4 (]: Writing injected SQL for node "model.collieai_analytics.vw_dda_effectiveness"
[0m21:34:39.720144 [debug] [Thread-1 (]: Writing injected SQL for node "model.collieai_analytics.mv_daily_student_performance"
[0m21:34:39.723347 [debug] [Thread-2 (]: Writing injected SQL for node "model.collieai_analytics.mv_topic_failure_patterns"
[0m21:34:39.723834 [debug] [Thread-3 (]: Began executing node model.collieai_analytics.mv_weekly_skill_mastery
[0m21:34:39.771599 [debug] [Thread-3 (]: Writing runtime sql for node "model.collieai_analytics.mv_weekly_skill_mastery"
[0m21:34:39.772243 [debug] [Thread-1 (]: Began executing node model.collieai_analytics.mv_daily_student_performance
[0m21:34:39.775282 [debug] [Thread-1 (]: Writing runtime sql for node "model.collieai_analytics.mv_daily_student_performance"
[0m21:34:39.775879 [debug] [Thread-4 (]: Began executing node model.collieai_analytics.vw_dda_effectiveness
[0m21:34:39.789833 [debug] [Thread-4 (]: Writing runtime sql for node "model.collieai_analytics.vw_dda_effectiveness"
[0m21:34:39.790924 [debug] [Thread-3 (]: Using postgres connection "model.collieai_analytics.mv_weekly_skill_mastery"
[0m21:34:39.791813 [debug] [Thread-3 (]: On model.collieai_analytics.mv_weekly_skill_mastery: /* {"app": "dbt", "dbt_version": "1.12.0", "profile_name": "collieai_analytics", "target_name": "dev", "node_id": "model.collieai_analytics.mv_weekly_skill_mastery"} */

        
    create materialized view if not exists "postgres"."analytics"."mv_weekly_skill_mastery" as 

WITH attempt_weekly AS (
    SELECT
        DATE_TRUNC('week', a.created_at)::date AS week_start_date,
        a.student_id,
        mp.skill_id,
        COUNT(*) AS total_answer_attempts,
        COUNT(*) FILTER (WHERE a.is_correct IS TRUE) AS correct_attempts,
        COUNT(*) FILTER (WHERE a.is_correct IS FALSE) AS wrong_attempts,
        AVG(a.score) AS avg_score,
        AVG(a.time_spent_seconds::numeric) AS avg_time_spent_seconds
    FROM "postgres"."public"."student_attempts" AS a
    JOIN "postgres"."public"."math_problems" AS mp
        ON mp.problem_id = a.problem_id
    GROUP BY
        DATE_TRUNC('week', a.created_at)::date,
        a.student_id,
        mp.skill_id
),
attempt_hint AS (
    SELECT
        ast.attempt_id,
        BOOL_OR(ast.hint_used > 0) AS used_hint
    FROM "postgres"."public"."attempt_steps" AS ast
    GROUP BY ast.attempt_id
),
hint_weekly AS (
    SELECT
        DATE_TRUNC('week', a.created_at)::date AS week_start_date,
        a.student_id,
        mp.skill_id,
        COUNT(*) FILTER (WHERE ah.used_hint IS TRUE) AS hinted_attempt_count
    FROM "postgres"."public"."student_attempts" AS a
    JOIN "postgres"."public"."math_problems" AS mp
        ON mp.problem_id = a.problem_id
    JOIN attempt_hint AS ah
        ON ah.attempt_id = a.attempt_id
    GROUP BY
        DATE_TRUNC('week', a.created_at)::date,
        a.student_id,
        mp.skill_id
),
help_weekly AS (
    SELECT
        DATE_TRUNC('week', h.created_at)::date AS week_start_date,
        h.student_id,
        h.skill_id,
        COUNT(*) AS help_request_count
    FROM "postgres"."public"."student_help_events" AS h
    WHERE h.skill_id IS NOT NULL
    GROUP BY
        DATE_TRUNC('week', h.created_at)::date,
        h.student_id,
        h.skill_id
),
dda_weekly AS (
    SELECT
        DATE_TRUNC('week', d.created_at)::date AS week_start_date,
        d.student_id,
        d.skill_id,
        COUNT(*) AS dda_trigger_count
    FROM "postgres"."public"."dda_events" AS d
    GROUP BY
        DATE_TRUNC('week', d.created_at)::date,
        d.student_id,
        d.skill_id
),
show_me_weekly AS (
    SELECT
        DATE_TRUNC('week', b.created_at)::date AS week_start_date,
        s.student_id,
        b.skill_id,
        COUNT(*) AS show_me_count
    FROM "postgres"."public"."show_me_breakdowns" AS b
    JOIN "postgres"."public"."ai_sessions" AS s
        ON s.session_id = b.session_id
    GROUP BY
        DATE_TRUNC('week', b.created_at)::date,
        s.student_id,
        b.skill_id
),
activity_keys AS (
    SELECT a.week_start_date, a.student_id, a.skill_id FROM attempt_weekly AS a
    UNION
    SELECT h.week_start_date, h.student_id, h.skill_id FROM hint_weekly AS h
    UNION
    SELECT h.week_start_date, h.student_id, h.skill_id FROM help_weekly AS h
    UNION
    SELECT d.week_start_date, d.student_id, d.skill_id FROM dda_weekly AS d
    UNION
    SELECT b.week_start_date, b.student_id, b.skill_id FROM show_me_weekly AS b
)
SELECT
    k.week_start_date,
    k.student_id,
    k.skill_id,
    ms.skill_name,
    mt.topic_name,
    COALESCE(aw.total_answer_attempts, 0) AS total_answer_attempts,
    COALESCE(aw.correct_attempts, 0) AS correct_attempts,
    COALESCE(aw.wrong_attempts, 0) AS wrong_attempts,
    aw.avg_score,
    aw.avg_time_spent_seconds,
    COALESCE(hw.hinted_attempt_count, 0) AS hinted_attempt_count,
    CASE
        WHEN COALESCE(aw.total_answer_attempts, 0) = 0 THEN NULL
        ELSE ROUND(
            COALESCE(hw.hinted_attempt_count, 0)::numeric
            / aw.total_answer_attempts::numeric,
            4
        )
    END AS hint_usage_rate,
    COALESCE(he.help_request_count, 0) AS help_request_count,
    CASE
        WHEN COALESCE(aw.total_answer_attempts, 0)
             + COALESCE(he.help_request_count, 0) = 0 THEN NULL
        ELSE ROUND(
            COALESCE(he.help_request_count, 0)::numeric
            / (
                COALESCE(aw.total_answer_attempts, 0)
                + COALESCE(he.help_request_count, 0)
            )::numeric,
            4
        )
    END AS help_request_rate,
    COALESCE(dw.dda_trigger_count, 0) AS dda_trigger_count,
    COALESCE(sw.show_me_count, 0) AS show_me_count,
    CASE
        WHEN COALESCE(aw.total_answer_attempts, 0) = 0 THEN NULL
        ELSE ROUND(
            COALESCE(aw.correct_attempts, 0)::numeric
            / aw.total_answer_attempts::numeric,
            4
        )
    END AS accuracy_rate,
    prediction.predicted_mastery_score AS latest_predicted_mastery_score,
    prediction.risk_level AS latest_risk_level,
    prediction.recommended_action,
    prediction.predicted_at AS latest_prediction_at
FROM activity_keys AS k
JOIN "postgres"."public"."math_skills" AS ms
    ON ms.skill_id = k.skill_id
LEFT JOIN "postgres"."public"."math_topics" AS mt
    ON mt.topic_id = ms.topic_id
LEFT JOIN attempt_weekly AS aw
    ON aw.week_start_date = k.week_start_date
   AND aw.student_id = k.student_id
   AND aw.skill_id = k.skill_id
LEFT JOIN hint_weekly AS hw
    ON hw.week_start_date = k.week_start_date
   AND hw.student_id = k.student_id
   AND hw.skill_id = k.skill_id
LEFT JOIN help_weekly AS he
    ON he.week_start_date = k.week_start_date
   AND he.student_id = k.student_id
   AND he.skill_id = k.skill_id
LEFT JOIN dda_weekly AS dw
    ON dw.week_start_date = k.week_start_date
   AND dw.student_id = k.student_id
   AND dw.skill_id = k.skill_id
LEFT JOIN show_me_weekly AS sw
    ON sw.week_start_date = k.week_start_date
   AND sw.student_id = k.student_id
   AND sw.skill_id = k.skill_id
LEFT JOIN LATERAL (
    SELECT
        p.predicted_mastery_score,
        p.risk_level,
        p.recommended_action,
        p.predicted_at
    FROM "postgres"."public"."student_skill_predictions" AS p
    WHERE p.student_id = k.student_id
      AND p.skill_id = k.skill_id
      AND p.predicted_at < (k.week_start_date::timestamp + INTERVAL '7 days')
    ORDER BY p.predicted_at DESC, p.prediction_id DESC
    LIMIT 1
) AS prediction ON TRUE;

    
    
[0m21:34:39.792622 [debug] [Thread-2 (]: Began executing node model.collieai_analytics.mv_topic_failure_patterns
[0m21:34:39.792983 [debug] [Thread-1 (]: Using postgres connection "model.collieai_analytics.mv_daily_student_performance"
[0m21:34:39.793401 [debug] [Thread-3 (]: Opening a new connection, currently in state init
[0m21:34:39.793786 [debug] [Thread-4 (]: Using postgres connection "model.collieai_analytics.vw_dda_effectiveness"
[0m21:34:39.796035 [debug] [Thread-2 (]: Writing runtime sql for node "model.collieai_analytics.mv_topic_failure_patterns"
[0m21:34:39.796460 [debug] [Thread-1 (]: On model.collieai_analytics.mv_daily_student_performance: /* {"app": "dbt", "dbt_version": "1.12.0", "profile_name": "collieai_analytics", "target_name": "dev", "node_id": "model.collieai_analytics.mv_daily_student_performance"} */

        
    create materialized view if not exists "postgres"."analytics"."mv_daily_student_performance" as 

WITH session_daily AS (
    SELECT
        s.student_id,
        s.created_at::date AS performance_date,
        COUNT(*) AS sessions_started,
        COUNT(*) FILTER (WHERE s.session_status = 'completed') AS sessions_completed
    FROM "postgres"."public"."ai_sessions" AS s
    GROUP BY s.student_id, s.created_at::date
),
attempt_daily AS (
    SELECT
        a.student_id,
        a.created_at::date AS performance_date,
        COUNT(*) AS total_answer_attempts,
        COUNT(*) FILTER (WHERE a.is_correct IS TRUE) AS correct_attempts,
        COUNT(*) FILTER (WHERE a.is_correct IS FALSE) AS wrong_attempts,
        AVG(a.score) AS avg_score,
        AVG(a.time_spent_seconds::numeric) AS avg_time_spent_seconds
    FROM "postgres"."public"."student_attempts" AS a
    GROUP BY a.student_id, a.created_at::date
),
attempt_hint AS (
    SELECT
        a.attempt_id,
        a.student_id,
        a.created_at::date AS performance_date,
        BOOL_OR(ast.hint_used > 0) AS used_hint
    FROM "postgres"."public"."student_attempts" AS a
    JOIN "postgres"."public"."attempt_steps" AS ast
        ON ast.attempt_id = a.attempt_id
    GROUP BY a.attempt_id, a.student_id, a.created_at::date
),
hint_daily AS (
    SELECT
        h.student_id,
        h.performance_date,
        COUNT(*) FILTER (WHERE h.used_hint IS TRUE) AS hinted_attempt_count
    FROM attempt_hint AS h
    GROUP BY h.student_id, h.performance_date
),
help_daily AS (
    SELECT
        h.student_id,
        h.created_at::date AS performance_date,
        COUNT(*) AS help_request_count
    FROM "postgres"."public"."student_help_events" AS h
    GROUP BY h.student_id, h.created_at::date
),
dda_daily AS (
    SELECT
        d.student_id,
        d.created_at::date AS performance_date,
        COUNT(*) AS dda_trigger_count
    FROM "postgres"."public"."dda_events" AS d
    GROUP BY d.student_id, d.created_at::date
),
show_me_daily AS (
    SELECT
        s.student_id,
        b.created_at::date AS performance_date,
        COUNT(*) AS show_me_count
    FROM "postgres"."public"."show_me_breakdowns" AS b
    JOIN "postgres"."public"."ai_sessions" AS s
        ON s.session_id = b.session_id
    GROUP BY s.student_id, b.created_at::date
),
activity_keys AS (
    SELECT s.student_id, s.performance_date FROM session_daily AS s
    UNION
    SELECT a.student_id, a.performance_date FROM attempt_daily AS a
    UNION
    SELECT h.student_id, h.performance_date FROM hint_daily AS h
    UNION
    SELECT h.student_id, h.performance_date FROM help_daily AS h
    UNION
    SELECT d.student_id, d.performance_date FROM dda_daily AS d
    UNION
    SELECT b.student_id, b.performance_date FROM show_me_daily AS b
)
SELECT
    k.performance_date,
    k.student_id,
    cs.section_name,
    cs.grade_level,
    COALESCE(sd.sessions_started, 0) AS sessions_started,
    COALESCE(sd.sessions_completed, 0) AS sessions_completed,
    COALESCE(ad.total_answer_attempts, 0) AS total_answer_attempts,
    COALESCE(ad.correct_attempts, 0) AS correct_attempts,
    COALESCE(ad.wrong_attempts, 0) AS wrong_attempts,
    ad.avg_score,
    ad.avg_time_spent_seconds,
    COALESCE(hd.hinted_attempt_count, 0) AS hinted_attempt_count,
    COALESCE(he.help_request_count, 0) AS help_request_count,
    COALESCE(dd.dda_trigger_count, 0) AS dda_trigger_count,
    COALESCE(sm.show_me_count, 0) AS show_me_count,
    CASE
        WHEN COALESCE(ad.total_answer_attempts, 0) = 0 THEN NULL
        ELSE ROUND(
            COALESCE(ad.correct_attempts, 0)::numeric
            / ad.total_answer_attempts::numeric,
            4
        )
    END AS accuracy_rate
FROM activity_keys AS k
JOIN "postgres"."public"."student_profiles" AS sp
    ON sp.student_id = k.student_id
LEFT JOIN "postgres"."public"."class_sections" AS cs
    ON cs.section_id = sp.section_id
LEFT JOIN session_daily AS sd
    ON sd.student_id = k.student_id
   AND sd.performance_date = k.performance_date
LEFT JOIN attempt_daily AS ad
    ON ad.student_id = k.student_id
   AND ad.performance_date = k.performance_date
LEFT JOIN hint_daily AS hd
    ON hd.student_id = k.student_id
   AND hd.performance_date = k.performance_date
LEFT JOIN help_daily AS he
    ON he.student_id = k.student_id
   AND he.performance_date = k.performance_date
LEFT JOIN dda_daily AS dd
    ON dd.student_id = k.student_id
   AND dd.performance_date = k.performance_date
LEFT JOIN show_me_daily AS sm
    ON sm.student_id = k.student_id
   AND sm.performance_date = k.performance_date;

    
    
[0m21:34:39.797123 [debug] [Thread-4 (]: On model.collieai_analytics.vw_dda_effectiveness: /* {"app": "dbt", "dbt_version": "1.12.0", "profile_name": "collieai_analytics", "target_name": "dev", "node_id": "model.collieai_analytics.vw_dda_effectiveness"} */

  create view "postgres"."analytics"."vw_dda_effectiveness__dbt_tmp"
    
    
  as (
    

WITH help_agg AS (
    SELECT
        h.session_id,
        h.student_id,
        h.skill_id,
        COUNT(*) AS related_help_event_count
    FROM "postgres"."public"."student_help_events" AS h
    GROUP BY h.session_id, h.student_id, h.skill_id
),
show_me_agg AS (
    SELECT
        b.session_id,
        b.skill_id,
        COUNT(*) AS related_show_me_count
    FROM "postgres"."public"."show_me_breakdowns" AS b
    GROUP BY b.session_id, b.skill_id
),
feature_ranked AS (
    SELECT
        f.student_id,
        f.skill_id,
        f.accuracy_rate,
        ROW_NUMBER() OVER (
            PARTITION BY f.student_id, f.skill_id
            ORDER BY f.updated_at DESC, f.feature_id DESC
        ) AS row_num
    FROM "postgres"."public"."student_skill_features" AS f
),
latest_feature AS (
    SELECT f.student_id, f.skill_id, f.accuracy_rate
    FROM feature_ranked AS f
    WHERE f.row_num = 1
),
prediction_ranked AS (
    SELECT
        p.student_id,
        p.skill_id,
        p.risk_level,
        ROW_NUMBER() OVER (
            PARTITION BY p.student_id, p.skill_id
            ORDER BY p.predicted_at DESC, p.prediction_id DESC
        ) AS row_num
    FROM "postgres"."public"."student_skill_predictions" AS p
),
latest_prediction AS (
    SELECT p.student_id, p.skill_id, p.risk_level
    FROM prediction_ranked AS p
    WHERE p.row_num = 1
)
SELECT
    d.dda_event_id,
    d.student_id,
    cs.grade_level,
    ms.skill_name,
    mt.topic_name,
    d.trigger_reason,
    previous_difficulty.difficulty_name AS previous_difficulty_name,
    previous_difficulty.numerical_value AS previous_difficulty_value,
    new_difficulty.difficulty_name AS new_difficulty_name,
    new_difficulty.numerical_value AS new_difficulty_value,
    d.visual_analogy_used,
    d.created_at AS event_created_at,
    COALESCE(ha.related_help_event_count, 0) AS related_help_event_count,
    COALESCE(sm.related_show_me_count, 0) AS related_show_me_count,
    (COALESCE(sm.related_show_me_count, 0) > 0) AS show_me_triggered,
    lf.accuracy_rate AS latest_accuracy_rate,
    lp.risk_level AS latest_risk_level
FROM "postgres"."public"."dda_events" AS d
LEFT JOIN "postgres"."public"."student_profiles" AS sp
    ON sp.student_id = d.student_id
LEFT JOIN "postgres"."public"."class_sections" AS cs
    ON cs.section_id = sp.section_id
LEFT JOIN "postgres"."public"."math_skills" AS ms
    ON ms.skill_id = d.skill_id
LEFT JOIN "postgres"."public"."math_topics" AS mt
    ON mt.topic_id = ms.topic_id
LEFT JOIN "postgres"."public"."difficulty_levels" AS previous_difficulty
    ON previous_difficulty.difficulty_id = d.previous_difficulty_id
LEFT JOIN "postgres"."public"."difficulty_levels" AS new_difficulty
    ON new_difficulty.difficulty_id = d.new_difficulty_id
LEFT JOIN help_agg AS ha
    ON ha.session_id = d.session_id
   AND ha.student_id = d.student_id
   AND ha.skill_id = d.skill_id
LEFT JOIN show_me_agg AS sm
    ON sm.session_id = d.session_id
   AND sm.skill_id = d.skill_id
LEFT JOIN latest_feature AS lf
    ON lf.student_id = d.student_id
   AND lf.skill_id = d.skill_id
LEFT JOIN latest_prediction AS lp
    ON lp.student_id = d.student_id
   AND lp.skill_id = d.skill_id;
  );
[0m21:34:39.797695 [debug] [Thread-1 (]: Opening a new connection, currently in state init
[0m21:34:39.798036 [debug] [Thread-4 (]: Opening a new connection, currently in state init
[0m21:34:39.799385 [debug] [Thread-2 (]: Using postgres connection "model.collieai_analytics.mv_topic_failure_patterns"
[0m21:34:39.800147 [debug] [Thread-2 (]: On model.collieai_analytics.mv_topic_failure_patterns: /* {"app": "dbt", "dbt_version": "1.12.0", "profile_name": "collieai_analytics", "target_name": "dev", "node_id": "model.collieai_analytics.mv_topic_failure_patterns"} */

        
    create materialized view if not exists "postgres"."analytics"."mv_topic_failure_patterns" as 

WITH attempt_by_skill AS (
    SELECT
        mp.skill_id,
        COUNT(*) AS total_answer_attempts,
        COUNT(*) FILTER (WHERE a.is_correct IS TRUE) AS correct_attempts,
        COUNT(*) FILTER (WHERE a.is_correct IS FALSE) AS wrong_attempts,
        AVG(a.time_spent_seconds::numeric) AS avg_time_spent_seconds,
        COUNT(DISTINCT a.student_id) AS affected_student_count,
        MAX(a.created_at) FILTER (WHERE a.is_correct IS FALSE) AS latest_failure_at
    FROM "postgres"."public"."student_attempts" AS a
    JOIN "postgres"."public"."math_problems" AS mp
        ON mp.problem_id = a.problem_id
    GROUP BY mp.skill_id
),
step_by_skill AS (
    SELECT
        mp.skill_id,
        COUNT(*) FILTER (WHERE ast.is_step_correct IS FALSE) AS wrong_step_count,
        COUNT(*) FILTER (WHERE ast.hint_used > 0) AS hinted_step_count
    FROM "postgres"."public"."attempt_steps" AS ast
    JOIN "postgres"."public"."student_attempts" AS a
        ON a.attempt_id = ast.attempt_id
    JOIN "postgres"."public"."math_problems" AS mp
        ON mp.problem_id = a.problem_id
    GROUP BY mp.skill_id
),
help_by_skill AS (
    SELECT
        h.skill_id,
        COUNT(*) AS help_request_count
    FROM "postgres"."public"."student_help_events" AS h
    WHERE h.skill_id IS NOT NULL
    GROUP BY h.skill_id
),
dda_by_skill AS (
    SELECT
        d.skill_id,
        COUNT(*) AS dda_trigger_count
    FROM "postgres"."public"."dda_events" AS d
    GROUP BY d.skill_id
),
show_me_by_skill AS (
    SELECT
        b.skill_id,
        COUNT(*) AS show_me_count
    FROM "postgres"."public"."show_me_breakdowns" AS b
    GROUP BY b.skill_id
),
activity_skills AS (
    SELECT a.skill_id FROM attempt_by_skill AS a
    UNION
    SELECT s.skill_id FROM step_by_skill AS s
    UNION
    SELECT h.skill_id FROM help_by_skill AS h
    UNION
    SELECT d.skill_id FROM dda_by_skill AS d
    UNION
    SELECT b.skill_id FROM show_me_by_skill AS b
)
SELECT
    mt.topic_name,
    mt.grade_level,
    ms.skill_id,
    ms.skill_name,
    COALESCE(a.total_answer_attempts, 0) AS total_answer_attempts,
    COALESCE(a.correct_attempts, 0) AS correct_attempts,
    COALESCE(a.wrong_attempts, 0) AS wrong_attempts,
    CASE
        WHEN COALESCE(a.total_answer_attempts, 0) = 0 THEN NULL
        ELSE ROUND(
            COALESCE(a.wrong_attempts, 0)::numeric
            / a.total_answer_attempts::numeric,
            4
        )
    END AS failure_rate,
    a.avg_time_spent_seconds,
    COALESCE(a.affected_student_count, 0) AS affected_student_count,
    a.latest_failure_at,
    COALESCE(s.wrong_step_count, 0) AS wrong_step_count,
    COALESCE(s.hinted_step_count, 0) AS hinted_step_count,
    COALESCE(h.help_request_count, 0) AS help_request_count,
    COALESCE(d.dda_trigger_count, 0) AS dda_trigger_count,
    COALESCE(b.show_me_count, 0) AS show_me_count
FROM activity_skills AS k
JOIN "postgres"."public"."math_skills" AS ms
    ON ms.skill_id = k.skill_id
JOIN "postgres"."public"."math_topics" AS mt
    ON mt.topic_id = ms.topic_id
LEFT JOIN attempt_by_skill AS a
    ON a.skill_id = k.skill_id
LEFT JOIN step_by_skill AS s
    ON s.skill_id = k.skill_id
LEFT JOIN help_by_skill AS h
    ON h.skill_id = k.skill_id
LEFT JOIN dda_by_skill AS d
    ON d.skill_id = k.skill_id
LEFT JOIN show_me_by_skill AS b
    ON b.skill_id = k.skill_id;

    
    
[0m21:34:39.800520 [debug] [Thread-2 (]: Opening a new connection, currently in state init
[0m21:34:40.458428 [debug] [Thread-4 (]: Postgres adapter: Postgres error: syntax error at or near ";"
LINE 101:    AND lp.skill_id = d.skill_id;
                                         ^

[0m21:34:40.458835 [debug] [Thread-4 (]: On model.collieai_analytics.vw_dda_effectiveness: ROLLBACK
[0m21:34:40.508707 [debug] [Thread-2 (]: SQL status: SELECT 0 in 0.708 seconds
[0m21:34:40.525383 [debug] [Thread-2 (]: On model.collieai_analytics.mv_topic_failure_patterns: COMMIT
[0m21:34:40.525901 [debug] [Thread-3 (]: SQL status: SELECT 0 in 0.732 seconds
[0m21:34:40.526537 [debug] [Thread-2 (]: Using postgres connection "model.collieai_analytics.mv_topic_failure_patterns"
[0m21:34:40.527260 [debug] [Thread-1 (]: SQL status: SELECT 0 in 0.729 seconds
[0m21:34:40.529835 [debug] [Thread-3 (]: On model.collieai_analytics.mv_weekly_skill_mastery: COMMIT
[0m21:34:40.530456 [debug] [Thread-2 (]: On model.collieai_analytics.mv_topic_failure_patterns: COMMIT
[0m21:34:40.532446 [debug] [Thread-1 (]: On model.collieai_analytics.mv_daily_student_performance: COMMIT
[0m21:34:40.532994 [debug] [Thread-3 (]: Using postgres connection "model.collieai_analytics.mv_weekly_skill_mastery"
[0m21:34:40.533578 [debug] [Thread-1 (]: Using postgres connection "model.collieai_analytics.mv_daily_student_performance"
[0m21:34:40.534121 [debug] [Thread-3 (]: On model.collieai_analytics.mv_weekly_skill_mastery: COMMIT
[0m21:34:40.534442 [debug] [Thread-1 (]: On model.collieai_analytics.mv_daily_student_performance: COMMIT
[0m21:34:40.537886 [debug] [Thread-4 (]: On model.collieai_analytics.vw_dda_effectiveness: Close
[0m21:34:40.559215 [debug] [Thread-4 (]: Database Error in model vw_dda_effectiveness (models\marts\vw_dda_effectiveness.sql)
  syntax error at or near ";"
  LINE 101:    AND lp.skill_id = d.skill_id;
                                           ^
  compiled code at target\run\collieai_analytics\models\marts\vw_dda_effectiveness.sql
[0m21:34:40.561346 [debug] [Thread-4 (]: Sending event: {'category': 'dbt', 'action': 'run_model', 'label': '12339d28-9bb6-4835-8083-7be0fccbc978', 'context': [<snowplow_tracker.self_describing_json.SelfDescribingJson object at 0x000001ABDB4C7F50>]}
[0m21:34:40.561967 [error] [Thread-4 (]: 4 of 9 ERROR creating sql view model analytics.vw_dda_effectiveness ............ [[31mERROR[0m in 0.86s]
[0m21:34:40.562509 [debug] [Thread-4 (]: Finished running node model.collieai_analytics.vw_dda_effectiveness
[0m21:34:40.562881 [debug] [Thread-4 (]: Began running node model.collieai_analytics.vw_gamification_summary
[0m21:34:40.563980 [info ] [Thread-4 (]: 5 of 9 START sql view model analytics.vw_gamification_summary .................. [RUN]
[0m21:34:40.564685 [debug] [Thread-7 (]: Marking all children of 'model.collieai_analytics.vw_dda_effectiveness' to be skipped because of status 'error'.  Reason: Database Error in model vw_dda_effectiveness (models\marts\vw_dda_effectiveness.sql)
  syntax error at or near ";"
  LINE 101:    AND lp.skill_id = d.skill_id;
                                           ^
  compiled code at target\run\collieai_analytics\models\marts\vw_dda_effectiveness.sql.
[0m21:34:40.565373 [debug] [Thread-4 (]: Re-using an available connection from the pool (formerly model.collieai_analytics.vw_dda_effectiveness, now model.collieai_analytics.vw_gamification_summary)
[0m21:34:40.566927 [debug] [Thread-4 (]: Began compiling node model.collieai_analytics.vw_gamification_summary
[0m21:34:40.571074 [debug] [Thread-4 (]: Writing injected SQL for node "model.collieai_analytics.vw_gamification_summary"
[0m21:34:40.573283 [debug] [Thread-4 (]: Began executing node model.collieai_analytics.vw_gamification_summary
[0m21:34:40.577334 [debug] [Thread-4 (]: Writing runtime sql for node "model.collieai_analytics.vw_gamification_summary"
[0m21:34:40.579405 [debug] [Thread-4 (]: Using postgres connection "model.collieai_analytics.vw_gamification_summary"
[0m21:34:40.580374 [debug] [Thread-4 (]: On model.collieai_analytics.vw_gamification_summary: /* {"app": "dbt", "dbt_version": "1.12.0", "profile_name": "collieai_analytics", "target_name": "dev", "node_id": "model.collieai_analytics.vw_gamification_summary"} */

  create view "postgres"."analytics"."vw_gamification_summary__dbt_tmp"
    
    
  as (
    

WITH reward_agg AS (
    SELECT
        r.student_id,
        SUM(r.points_earned) AS total_points_earned,
        COUNT(*) AS reward_transaction_count,
        ((ARRAY_AGG(
            r.reward_reason
            ORDER BY r.created_at DESC, r.reward_id DESC
        )))[1] AS latest_reward_reason,
        MAX(r.created_at) AS latest_reward_at
    FROM "postgres"."public"."reward_transactions" AS r
    GROUP BY r.student_id
),
item_agg AS (
    SELECT
        sai.student_id,
        COUNT(*) AS unlocked_item_count,
        COUNT(*) FILTER (WHERE sai.equipped IS TRUE) AS equipped_item_count,
        JSONB_AGG(
            JSONB_BUILD_OBJECT(
                'item_name', ai.item_name,
                'item_type', ai.item_type,
                'unlocked_at', sai.unlocked_at,
                'equipped', sai.equipped
            )
            ORDER BY sai.unlocked_at DESC, ai.item_id
        ) AS item_details
    FROM "postgres"."public"."student_avatar_items" AS sai
    JOIN "postgres"."public"."avatar_items" AS ai
        ON ai.item_id = sai.item_id
    GROUP BY sai.student_id
)
SELECT
    sp.student_id,
    av.avatar_name,
    COALESCE(sp.total_star_points, 0::double precision) AS total_star_points,
    COALESCE(sp.current_streak, 0) AS current_streak,
    COALESCE(ra.total_points_earned, 0) AS total_points_earned,
    COALESCE(ra.reward_transaction_count, 0) AS reward_transaction_count,
    ra.latest_reward_reason,
    ra.latest_reward_at,
    COALESCE(ia.unlocked_item_count, 0) AS unlocked_item_count,
    COALESCE(ia.equipped_item_count, 0) AS equipped_item_count,
    COALESCE(ia.item_details, '[]'::jsonb) AS item_details
FROM "postgres"."public"."student_profiles" AS sp
LEFT JOIN "postgres"."public"."avatars" AS av
    ON av.avatar_id = sp.avatar_id
LEFT JOIN reward_agg AS ra
    ON ra.student_id = sp.student_id
LEFT JOIN item_agg AS ia
    ON ia.student_id = sp.student_id;


-- ============================================================================
-- MATERIALIZED VIEWS
-- ============================================================================
  );
[0m21:34:40.580738 [debug] [Thread-4 (]: Opening a new connection, currently in state closed
[0m21:34:40.617512 [debug] [Thread-2 (]: SQL status: COMMIT in 0.084 seconds
[0m21:34:40.627059 [debug] [Thread-2 (]: Applying DROP to: "postgres"."analytics"."mv_topic_failure_patterns__dbt_backup"
[0m21:34:40.627785 [debug] [Thread-3 (]: SQL status: COMMIT in 0.093 seconds
[0m21:34:40.635137 [debug] [Thread-2 (]: Using postgres connection "model.collieai_analytics.mv_topic_failure_patterns"
[0m21:34:40.635487 [debug] [Thread-1 (]: SQL status: COMMIT in 0.101 seconds
[0m21:34:40.637535 [debug] [Thread-3 (]: Applying DROP to: "postgres"."analytics"."mv_weekly_skill_mastery__dbt_backup"
[0m21:34:40.638032 [debug] [Thread-2 (]: On model.collieai_analytics.mv_topic_failure_patterns: /* {"app": "dbt", "dbt_version": "1.12.0", "profile_name": "collieai_analytics", "target_name": "dev", "node_id": "model.collieai_analytics.mv_topic_failure_patterns"} */
drop materialized view if exists "postgres"."analytics"."mv_topic_failure_patterns__dbt_backup" cascade
[0m21:34:40.639397 [debug] [Thread-1 (]: Applying DROP to: "postgres"."analytics"."mv_daily_student_performance__dbt_backup"
[0m21:34:40.640003 [debug] [Thread-3 (]: Using postgres connection "model.collieai_analytics.mv_weekly_skill_mastery"
[0m21:34:40.640970 [debug] [Thread-1 (]: Using postgres connection "model.collieai_analytics.mv_daily_student_performance"
[0m21:34:40.641482 [debug] [Thread-3 (]: On model.collieai_analytics.mv_weekly_skill_mastery: /* {"app": "dbt", "dbt_version": "1.12.0", "profile_name": "collieai_analytics", "target_name": "dev", "node_id": "model.collieai_analytics.mv_weekly_skill_mastery"} */
drop materialized view if exists "postgres"."analytics"."mv_weekly_skill_mastery__dbt_backup" cascade
[0m21:34:40.642008 [debug] [Thread-1 (]: On model.collieai_analytics.mv_daily_student_performance: /* {"app": "dbt", "dbt_version": "1.12.0", "profile_name": "collieai_analytics", "target_name": "dev", "node_id": "model.collieai_analytics.mv_daily_student_performance"} */
drop materialized view if exists "postgres"."analytics"."mv_daily_student_performance__dbt_backup" cascade
[0m21:34:40.719519 [debug] [Thread-2 (]: SQL status: DROP MATERIALIZED VIEW in 0.079 seconds
[0m21:34:40.721374 [debug] [Thread-2 (]: Applying DROP to: "postgres"."analytics"."mv_topic_failure_patterns__dbt_tmp"
[0m21:34:40.721954 [debug] [Thread-2 (]: Using postgres connection "model.collieai_analytics.mv_topic_failure_patterns"
[0m21:34:40.722259 [debug] [Thread-3 (]: SQL status: DROP MATERIALIZED VIEW in 0.080 seconds
[0m21:34:40.722607 [debug] [Thread-2 (]: On model.collieai_analytics.mv_topic_failure_patterns: /* {"app": "dbt", "dbt_version": "1.12.0", "profile_name": "collieai_analytics", "target_name": "dev", "node_id": "model.collieai_analytics.mv_topic_failure_patterns"} */
drop materialized view if exists "postgres"."analytics"."mv_topic_failure_patterns__dbt_tmp" cascade
[0m21:34:40.722916 [debug] [Thread-1 (]: SQL status: DROP MATERIALIZED VIEW in 0.080 seconds
[0m21:34:40.724412 [debug] [Thread-3 (]: Applying DROP to: "postgres"."analytics"."mv_weekly_skill_mastery__dbt_tmp"
[0m21:34:40.726000 [debug] [Thread-1 (]: Applying DROP to: "postgres"."analytics"."mv_daily_student_performance__dbt_tmp"
[0m21:34:40.726609 [debug] [Thread-3 (]: Using postgres connection "model.collieai_analytics.mv_weekly_skill_mastery"
[0m21:34:40.727187 [debug] [Thread-1 (]: Using postgres connection "model.collieai_analytics.mv_daily_student_performance"
[0m21:34:40.727485 [debug] [Thread-3 (]: On model.collieai_analytics.mv_weekly_skill_mastery: /* {"app": "dbt", "dbt_version": "1.12.0", "profile_name": "collieai_analytics", "target_name": "dev", "node_id": "model.collieai_analytics.mv_weekly_skill_mastery"} */
drop materialized view if exists "postgres"."analytics"."mv_weekly_skill_mastery__dbt_tmp" cascade
[0m21:34:40.727879 [debug] [Thread-1 (]: On model.collieai_analytics.mv_daily_student_performance: /* {"app": "dbt", "dbt_version": "1.12.0", "profile_name": "collieai_analytics", "target_name": "dev", "node_id": "model.collieai_analytics.mv_daily_student_performance"} */
drop materialized view if exists "postgres"."analytics"."mv_daily_student_performance__dbt_tmp" cascade
[0m21:34:40.803592 [debug] [Thread-2 (]: SQL status: DROP MATERIALIZED VIEW in 0.079 seconds
[0m21:34:40.806132 [debug] [Thread-2 (]: On model.collieai_analytics.mv_topic_failure_patterns: Close
[0m21:34:40.806901 [debug] [Thread-2 (]: Sending event: {'category': 'dbt', 'action': 'run_model', 'label': '12339d28-9bb6-4835-8083-7be0fccbc978', 'context': [<snowplow_tracker.self_describing_json.SelfDescribingJson object at 0x000001ABDBA4C5D0>]}
[0m21:34:40.807455 [info ] [Thread-2 (]: 2 of 9 OK created sql materialized_view model analytics.mv_topic_failure_patterns  [[32mSELECT 0[0m in 1.10s]
[0m21:34:40.807854 [debug] [Thread-3 (]: SQL status: DROP MATERIALIZED VIEW in 0.080 seconds
[0m21:34:40.808305 [debug] [Thread-2 (]: Finished running node model.collieai_analytics.mv_topic_failure_patterns
[0m21:34:40.808662 [debug] [Thread-1 (]: SQL status: DROP MATERIALIZED VIEW in 0.080 seconds
[0m21:34:40.811060 [debug] [Thread-3 (]: On model.collieai_analytics.mv_weekly_skill_mastery: Close
[0m21:34:40.811453 [debug] [Thread-2 (]: Began running node model.collieai_analytics.vw_guardrail_summary
[0m21:34:40.812516 [debug] [Thread-1 (]: On model.collieai_analytics.mv_daily_student_performance: Close
[0m21:34:40.813115 [info ] [Thread-2 (]: 6 of 9 START sql view model analytics.vw_guardrail_summary ..................... [RUN]
[0m21:34:40.813633 [debug] [Thread-3 (]: Sending event: {'category': 'dbt', 'action': 'run_model', 'label': '12339d28-9bb6-4835-8083-7be0fccbc978', 'context': [<snowplow_tracker.self_describing_json.SelfDescribingJson object at 0x000001ABD66BB070>]}
[0m21:34:40.814285 [debug] [Thread-2 (]: Re-using an available connection from the pool (formerly model.collieai_analytics.mv_topic_failure_patterns, now model.collieai_analytics.vw_guardrail_summary)
[0m21:34:40.815844 [debug] [Thread-1 (]: Sending event: {'category': 'dbt', 'action': 'run_model', 'label': '12339d28-9bb6-4835-8083-7be0fccbc978', 'context': [<snowplow_tracker.self_describing_json.SelfDescribingJson object at 0x000001ABDBB0DE50>]}
[0m21:34:40.815097 [info ] [Thread-3 (]: 3 of 9 OK created sql materialized_view model analytics.mv_weekly_skill_mastery  [[32mSELECT 0[0m in 1.12s]
[0m21:34:40.816426 [debug] [Thread-2 (]: Began compiling node model.collieai_analytics.vw_guardrail_summary
[0m21:34:40.817945 [debug] [Thread-3 (]: Finished running node model.collieai_analytics.mv_weekly_skill_mastery
[0m21:34:40.817155 [info ] [Thread-1 (]: 1 of 9 OK created sql materialized_view model analytics.mv_daily_student_performance  [[32mSELECT 0[0m in 1.11s]
[0m21:34:40.820734 [debug] [Thread-2 (]: Writing injected SQL for node "model.collieai_analytics.vw_guardrail_summary"
[0m21:34:40.821294 [debug] [Thread-3 (]: Began running node model.collieai_analytics.vw_parent_child_progress
[0m21:34:40.821892 [debug] [Thread-1 (]: Finished running node model.collieai_analytics.mv_daily_student_performance
[0m21:34:40.823116 [debug] [Thread-1 (]: Began running node model.collieai_analytics.vw_student_learning_summary
[0m21:34:40.822479 [info ] [Thread-3 (]: 7 of 9 START sql view model analytics.vw_parent_child_progress ................. [RUN]
[0m21:34:40.824194 [info ] [Thread-1 (]: 8 of 9 START sql view model analytics.vw_student_learning_summary .............. [RUN]
[0m21:34:40.825210 [debug] [Thread-3 (]: Re-using an available connection from the pool (formerly model.collieai_analytics.mv_weekly_skill_mastery, now model.collieai_analytics.vw_parent_child_progress)
[0m21:34:40.826493 [debug] [Thread-2 (]: Began executing node model.collieai_analytics.vw_guardrail_summary
[0m21:34:40.825818 [debug] [Thread-1 (]: Re-using an available connection from the pool (formerly model.collieai_analytics.mv_daily_student_performance, now model.collieai_analytics.vw_student_learning_summary)
[0m21:34:40.826821 [debug] [Thread-3 (]: Began compiling node model.collieai_analytics.vw_parent_child_progress
[0m21:34:40.830696 [debug] [Thread-2 (]: Writing runtime sql for node "model.collieai_analytics.vw_guardrail_summary"
[0m21:34:40.831165 [debug] [Thread-1 (]: Began compiling node model.collieai_analytics.vw_student_learning_summary
[0m21:34:40.835106 [debug] [Thread-3 (]: Writing injected SQL for node "model.collieai_analytics.vw_parent_child_progress"
[0m21:34:40.839488 [debug] [Thread-1 (]: Writing injected SQL for node "model.collieai_analytics.vw_student_learning_summary"
[0m21:34:40.840846 [debug] [Thread-2 (]: Using postgres connection "model.collieai_analytics.vw_guardrail_summary"
[0m21:34:40.841441 [debug] [Thread-2 (]: On model.collieai_analytics.vw_guardrail_summary: /* {"app": "dbt", "dbt_version": "1.12.0", "profile_name": "collieai_analytics", "target_name": "dev", "node_id": "model.collieai_analytics.vw_guardrail_summary"} */

  create view "postgres"."analytics"."vw_guardrail_summary__dbt_tmp"
    
    
  as (
    

SELECT
    g.guardrail_id,
    s.student_id,
    m.sender,
    m.message_type,
    m.message_text,
    g.is_math_related,
    g.prompt_injection_detected,
    g.violation_type,
    g.action_taken,
    g.confidence_score,
    g.created_at AS checked_at
FROM "postgres"."public"."guardrail_checks" AS g
LEFT JOIN "postgres"."public"."ai_messages" AS m
    ON m.message_id = g.message_id
LEFT JOIN "postgres"."public"."ai_sessions" AS s
    ON s.session_id = m.session_id;
  );
[0m21:34:40.841773 [debug] [Thread-2 (]: Opening a new connection, currently in state closed
[0m21:34:40.842371 [debug] [Thread-1 (]: Began executing node model.collieai_analytics.vw_student_learning_summary
[0m21:34:40.845841 [debug] [Thread-1 (]: Writing runtime sql for node "model.collieai_analytics.vw_student_learning_summary"
[0m21:34:40.846354 [debug] [Thread-3 (]: Began executing node model.collieai_analytics.vw_parent_child_progress
[0m21:34:40.850055 [debug] [Thread-3 (]: Writing runtime sql for node "model.collieai_analytics.vw_parent_child_progress"
[0m21:34:40.850972 [debug] [Thread-1 (]: Using postgres connection "model.collieai_analytics.vw_student_learning_summary"
[0m21:34:40.851411 [debug] [Thread-1 (]: On model.collieai_analytics.vw_student_learning_summary: /* {"app": "dbt", "dbt_version": "1.12.0", "profile_name": "collieai_analytics", "target_name": "dev", "node_id": "model.collieai_analytics.vw_student_learning_summary"} */

  create view "postgres"."analytics"."vw_student_learning_summary__dbt_tmp"
    
    
  as (
    

with session_agg as (
    select
        student_id,
        count(*) as total_sessions,
        count(*) filter (where session_status = 'completed') as completed_sessions,
        max(coalesce(ended_at, started_at, created_at)) as last_session_at
    from "postgres"."public"."ai_sessions"
    group by student_id
),
attempt_agg as (
    select
        student_id,
        count(*) as total_answer_attempts,
        count(*) filter (where is_correct is true) as correct_attempts,
        count(*) filter (where is_correct is false) as wrong_attempts,
        max(created_at) as last_attempt_at
    from "postgres"."public"."student_attempts"
    group by student_id
),
help_agg as (
    select
        student_id,
        count(*) as help_request_count,
        max(created_at) as last_help_at
    from "postgres"."public"."student_help_events"
    group by student_id
),
prediction_ranked as (
    select
        student_id,
        predicted_mastery_score,
        risk_level,
        predicted_at,
        row_number() over (
            partition by student_id
            order by predicted_at desc, prediction_id desc
        ) as row_num
    from "postgres"."public"."student_skill_predictions"
),
latest_prediction as (
    select
        student_id,
        risk_level as latest_risk_level,
        predicted_mastery_score as latest_mastery_score,
        predicted_at as latest_prediction_at
    from prediction_ranked
    where row_num = 1
),
recommendation_agg as (
    select
        student_id,
        count(*) filter (where is_completed is false) as active_recommendation_count,
        ((array_agg(
            recommendation_text
            order by created_at desc, recommendation_id desc
        ) filter (where is_completed is false)))[1] as latest_recommendation_text
    from "postgres"."public"."learning_recommendations"
    group by student_id
)
select
    sp.student_id,
    cs.section_name,
    cs.grade_level,
    sp.learning_status,
    coalesce(sp.current_streak, 0) as current_streak,
    coalesce(sp.total_star_points, 0::double precision) as total_star_points,
    coalesce(sa.total_sessions, 0) as total_sessions,
    coalesce(sa.completed_sessions, 0) as completed_sessions,
    sa.last_session_at,
    coalesce(aa.total_answer_attempts, 0) as total_answer_attempts,
    coalesce(aa.correct_attempts, 0) as correct_attempts,
    coalesce(aa.wrong_attempts, 0) as wrong_attempts,
    aa.last_attempt_at,
    case when coalesce(aa.total_answer_attempts, 0) = 0 then null
        else round(coalesce(aa.correct_attempts, 0)::numeric / aa.total_answer_attempts::numeric, 4)
    end as overall_accuracy_rate,
    coalesce(ha.help_request_count, 0) as help_request_count,
    ha.last_help_at,
    case when coalesce(aa.total_answer_attempts, 0) + coalesce(ha.help_request_count, 0) = 0 then null
        else round(coalesce(ha.help_request_count, 0)::numeric / (coalesce(aa.total_answer_attempts, 0) + coalesce(ha.help_request_count, 0))::numeric, 4)
    end as help_request_rate,
    lp.latest_risk_level,
    lp.latest_mastery_score,
    lp.latest_prediction_at,
    coalesce(ra.active_recommendation_count, 0) as active_recommendation_count,
    ra.latest_recommendation_text,
    greatest(sa.last_session_at, aa.last_attempt_at, ha.last_help_at, lp.latest_prediction_at) as last_activity_at
from "postgres"."public"."student_profiles" as sp
left join "postgres"."public"."class_sections" as cs on cs.section_id = sp.section_id
left join session_agg as sa on sa.student_id = sp.student_id
left join attempt_agg as aa on aa.student_id = sp.student_id
left join help_agg as ha on ha.student_id = sp.student_id
left join latest_prediction as lp on lp.student_id = sp.student_id
left join recommendation_agg as ra on ra.student_id = sp.student_id
  );
[0m21:34:40.851970 [debug] [Thread-3 (]: Using postgres connection "model.collieai_analytics.vw_parent_child_progress"
[0m21:34:40.852269 [debug] [Thread-1 (]: Opening a new connection, currently in state closed
[0m21:34:40.852691 [debug] [Thread-3 (]: On model.collieai_analytics.vw_parent_child_progress: /* {"app": "dbt", "dbt_version": "1.12.0", "profile_name": "collieai_analytics", "target_name": "dev", "node_id": "model.collieai_analytics.vw_parent_child_progress"} */

  create view "postgres"."analytics"."vw_parent_child_progress__dbt_tmp"
    
    
  as (
    

WITH link_ranked AS (
    SELECT
        l.*,
        ROW_NUMBER() OVER (
            PARTITION BY l.parent_id, l.student_id
            ORDER BY l.created_at DESC, l.student_parent_link_id DESC
        ) AS row_num
    FROM "postgres"."public"."student_parent_links" AS l
),
unique_link AS (
    SELECT l.*
    FROM link_ranked AS l
    WHERE l.row_num = 1
),
feature_ranked AS (
    SELECT
        f.*,
        ROW_NUMBER() OVER (
            PARTITION BY f.student_id, f.skill_id
            ORDER BY f.updated_at DESC, f.feature_id DESC
        ) AS row_num
    FROM "postgres"."public"."student_skill_features" AS f
),
feature_agg AS (
    SELECT
        f.student_id,
        SUM(f.total_attempts) AS total_answer_attempts,
        SUM(f.correct_attempts) AS correct_attempts,
        SUM(f.help_request_count) AS help_request_count,
        MAX(f.last_attempt_at) AS last_activity_at
    FROM feature_ranked AS f
    WHERE f.row_num = 1
    GROUP BY f.student_id
),
prediction_ranked AS (
    SELECT
        p.*,
        ROW_NUMBER() OVER (
            PARTITION BY p.student_id, p.skill_id
            ORDER BY p.predicted_at DESC, p.prediction_id DESC
        ) AS row_num
    FROM "postgres"."public"."student_skill_predictions" AS p
),
risk_agg AS (
    SELECT
        p.student_id,
        COUNT(*) FILTER (WHERE LOWER(p.risk_level) = 'at_risk') AS at_risk_skill_count,
        COUNT(*) FILTER (WHERE LOWER(p.risk_level) = 'needs_practice') AS needs_practice_skill_count
    FROM prediction_ranked AS p
    WHERE p.row_num = 1
    GROUP BY p.student_id
),
recommendation_agg AS (
    SELECT
        r.student_id,
        COUNT(*) FILTER (WHERE r.is_completed IS FALSE) AS active_recommendation_count,
        ((ARRAY_AGG(
            r.recommendation_text
            ORDER BY
                r.priority_level ASC,
                r.created_at DESC,
                r.recommendation_id DESC
        ) FILTER (WHERE r.is_completed IS FALSE)))[1] AS highest_priority_recommendation
    FROM "postgres"."public"."learning_recommendations" AS r
    GROUP BY r.student_id
)
SELECT
    l.parent_id,
    l.student_id,
    l.relationship_type,
    l.is_primary_guardian,
    cs.section_name,
    cs.grade_level,
    sp.learning_status,
    COALESCE(sp.current_streak, 0) AS current_streak,
    COALESCE(sp.total_star_points, 0::double precision) AS total_star_points,
    COALESCE(fa.total_answer_attempts, 0) AS total_answer_attempts,
    COALESCE(fa.correct_attempts, 0) AS correct_attempts,
    GREATEST(
        COALESCE(fa.total_answer_attempts, 0)
        - COALESCE(fa.correct_attempts, 0),
        0
    ) AS wrong_attempts,
    CASE
        WHEN COALESCE(fa.total_answer_attempts, 0) = 0 THEN NULL
        ELSE ROUND(
            COALESCE(fa.correct_attempts, 0)::numeric
            / fa.total_answer_attempts::numeric,
            4
        )
    END AS overall_accuracy_rate,
    COALESCE(fa.help_request_count, 0) AS help_request_count,
    fa.last_activity_at,
    COALESCE(rk.at_risk_skill_count, 0) AS at_risk_skill_count,
    COALESCE(rk.needs_practice_skill_count, 0) AS needs_practice_skill_count,
    COALESCE(ra.active_recommendation_count, 0) AS active_recommendation_count,
    ra.highest_priority_recommendation
FROM unique_link AS l
JOIN "postgres"."public"."parent_profiles" AS pp
    ON pp.parent_id = l.parent_id
JOIN "postgres"."public"."student_profiles" AS sp
    ON sp.student_id = l.student_id
LEFT JOIN "postgres"."public"."class_sections" AS cs
    ON cs.section_id = sp.section_id
LEFT JOIN feature_agg AS fa
    ON fa.student_id = l.student_id
LEFT JOIN risk_agg AS rk
    ON rk.student_id = l.student_id
LEFT JOIN recommendation_agg AS ra
    ON ra.student_id = l.student_id;
  );
[0m21:34:40.853472 [debug] [Thread-3 (]: Opening a new connection, currently in state closed
[0m21:34:41.236177 [debug] [Thread-4 (]: Postgres adapter: Postgres error: syntax error at or near ";"
LINE 59:     ON ia.student_id = sp.student_id;
                                             ^

[0m21:34:41.236880 [debug] [Thread-4 (]: On model.collieai_analytics.vw_gamification_summary: ROLLBACK
[0m21:34:41.315792 [debug] [Thread-4 (]: On model.collieai_analytics.vw_gamification_summary: Close
[0m21:34:41.321421 [debug] [Thread-4 (]: Database Error in model vw_gamification_summary (models\marts\vw_gamification_summary.sql)
  syntax error at or near ";"
  LINE 59:     ON ia.student_id = sp.student_id;
                                               ^
  compiled code at target\run\collieai_analytics\models\marts\vw_gamification_summary.sql
[0m21:34:41.322302 [debug] [Thread-4 (]: Sending event: {'category': 'dbt', 'action': 'run_model', 'label': '12339d28-9bb6-4835-8083-7be0fccbc978', 'context': [<snowplow_tracker.self_describing_json.SelfDescribingJson object at 0x000001ABDB9550F0>]}
[0m21:34:41.323252 [error] [Thread-4 (]: 5 of 9 ERROR creating sql view model analytics.vw_gamification_summary ......... [[31mERROR[0m in 0.76s]
[0m21:34:41.324274 [debug] [Thread-4 (]: Finished running node model.collieai_analytics.vw_gamification_summary
[0m21:34:41.324673 [debug] [Thread-4 (]: Began running node model.collieai_analytics.vw_student_skill_mastery
[0m21:34:41.325363 [debug] [Thread-7 (]: Marking all children of 'model.collieai_analytics.vw_gamification_summary' to be skipped because of status 'error'.  Reason: Database Error in model vw_gamification_summary (models\marts\vw_gamification_summary.sql)
  syntax error at or near ";"
  LINE 59:     ON ia.student_id = sp.student_id;
                                               ^
  compiled code at target\run\collieai_analytics\models\marts\vw_gamification_summary.sql.
[0m21:34:41.326443 [info ] [Thread-4 (]: 9 of 9 START sql view model analytics.vw_student_skill_mastery ................. [RUN]
[0m21:34:41.328435 [debug] [Thread-4 (]: Re-using an available connection from the pool (formerly model.collieai_analytics.vw_gamification_summary, now model.collieai_analytics.vw_student_skill_mastery)
[0m21:34:41.329411 [debug] [Thread-4 (]: Began compiling node model.collieai_analytics.vw_student_skill_mastery
[0m21:34:41.334408 [debug] [Thread-4 (]: Writing injected SQL for node "model.collieai_analytics.vw_student_skill_mastery"
[0m21:34:41.335883 [debug] [Thread-4 (]: Began executing node model.collieai_analytics.vw_student_skill_mastery
[0m21:34:41.339777 [debug] [Thread-4 (]: Writing runtime sql for node "model.collieai_analytics.vw_student_skill_mastery"
[0m21:34:41.340851 [debug] [Thread-4 (]: Using postgres connection "model.collieai_analytics.vw_student_skill_mastery"
[0m21:34:41.341283 [debug] [Thread-4 (]: On model.collieai_analytics.vw_student_skill_mastery: /* {"app": "dbt", "dbt_version": "1.12.0", "profile_name": "collieai_analytics", "target_name": "dev", "node_id": "model.collieai_analytics.vw_student_skill_mastery"} */

  create view "postgres"."analytics"."vw_student_skill_mastery__dbt_tmp"
    
    
  as (
    

WITH feature_ranked AS (
    SELECT
        f.*,
        ROW_NUMBER() OVER (
            PARTITION BY f.student_id, f.skill_id
            ORDER BY f.updated_at DESC, f.feature_id DESC
        ) AS row_num
    FROM "postgres"."public"."student_skill_features" AS f
),
latest_feature AS (
    SELECT f.*
    FROM feature_ranked AS f
    WHERE f.row_num = 1
),
prediction_ranked AS (
    SELECT
        p.*,
        ROW_NUMBER() OVER (
            PARTITION BY p.student_id, p.skill_id
            ORDER BY p.predicted_at DESC, p.prediction_id DESC
        ) AS row_num
    FROM "postgres"."public"."student_skill_predictions" AS p
),
latest_prediction AS (
    SELECT p.*
    FROM prediction_ranked AS p
    WHERE p.row_num = 1
),
student_skill_keys AS (
    SELECT f.student_id, f.skill_id
    FROM latest_feature AS f
    UNION
    SELECT p.student_id, p.skill_id
    FROM latest_prediction AS p
)
SELECT
    k.student_id,
    cs.grade_level,
    k.skill_id,
    ms.skill_name,
    mt.topic_name,
    COALESCE(f.total_attempts, 0) AS total_answer_attempts,
    COALESCE(f.correct_attempts, 0) AS correct_attempts,
    GREATEST(
        COALESCE(f.total_attempts, 0) - COALESCE(f.correct_attempts, 0),
        0
    ) AS wrong_attempts,
    f.accuracy_rate,
    f.avg_time_spent,
    f.hint_usage_rate,
    COALESCE(f.help_request_count, 0) AS help_request_count,
    f.help_request_rate,
    COALESCE(f.failed_loop_count, 0) AS failed_loop_count,
    COALESCE(f.dda_trigger_count, 0) AS dda_trigger_count,
    COALESCE(f.show_me_count, 0) AS show_me_count,
    f.recent_score_avg,
    f.last_attempt_at,
    p.predicted_mastery_score,
    p.risk_level,
    dl.difficulty_name AS recommended_difficulty_name,
    dl.numerical_value AS recommended_difficulty_value,
    p.recommended_action,
    p.predicted_at
FROM student_skill_keys AS k
JOIN "postgres"."public"."student_profiles" AS sp
    ON sp.student_id = k.student_id
LEFT JOIN "postgres"."public"."class_sections" AS cs
    ON cs.section_id = sp.section_id
JOIN "postgres"."public"."math_skills" AS ms
    ON ms.skill_id = k.skill_id
LEFT JOIN "postgres"."public"."math_topics" AS mt
    ON mt.topic_id = ms.topic_id
LEFT JOIN latest_feature AS f
    ON f.student_id = k.student_id
   AND f.skill_id = k.skill_id
LEFT JOIN latest_prediction AS p
    ON p.student_id = k.student_id
   AND p.skill_id = k.skill_id
LEFT JOIN "postgres"."public"."difficulty_levels" AS dl
    ON dl.difficulty_id = p.recommended_difficulty_id;
  );
[0m21:34:41.341659 [debug] [Thread-4 (]: Opening a new connection, currently in state closed
[0m21:34:41.492685 [debug] [Thread-3 (]: Postgres adapter: Postgres error: syntax error at or near ";"
LINE 118:     ON ra.student_id = l.student_id;
                                             ^

[0m21:34:41.493144 [debug] [Thread-3 (]: On model.collieai_analytics.vw_parent_child_progress: ROLLBACK
[0m21:34:41.507824 [debug] [Thread-2 (]: Postgres adapter: Postgres error: syntax error at or near ";"
LINE 25:     ON s.session_id = m.session_id;
                                           ^

[0m21:34:41.508270 [debug] [Thread-2 (]: On model.collieai_analytics.vw_guardrail_summary: ROLLBACK
[0m21:34:41.520692 [debug] [Thread-1 (]: SQL status: CREATE VIEW in 0.668 seconds
[0m21:34:41.528143 [debug] [Thread-1 (]: Using postgres connection "model.collieai_analytics.vw_student_learning_summary"
[0m21:34:41.528531 [debug] [Thread-1 (]: On model.collieai_analytics.vw_student_learning_summary: /* {"app": "dbt", "dbt_version": "1.12.0", "profile_name": "collieai_analytics", "target_name": "dev", "node_id": "model.collieai_analytics.vw_student_learning_summary"} */
alter table "postgres"."analytics"."vw_student_learning_summary" rename to "vw_student_learning_summary__dbt_backup"
[0m21:34:41.573314 [debug] [Thread-3 (]: On model.collieai_analytics.vw_parent_child_progress: Close
[0m21:34:41.579226 [debug] [Thread-3 (]: Database Error in model vw_parent_child_progress (models\marts\vw_parent_child_progress.sql)
  syntax error at or near ";"
  LINE 118:     ON ra.student_id = l.student_id;
                                               ^
  compiled code at target\run\collieai_analytics\models\marts\vw_parent_child_progress.sql
[0m21:34:41.580009 [debug] [Thread-3 (]: Sending event: {'category': 'dbt', 'action': 'run_model', 'label': '12339d28-9bb6-4835-8083-7be0fccbc978', 'context': [<snowplow_tracker.self_describing_json.SelfDescribingJson object at 0x000001ABDBEED790>]}
[0m21:34:41.580540 [error] [Thread-3 (]: 7 of 9 ERROR creating sql view model analytics.vw_parent_child_progress ........ [[31mERROR[0m in 0.75s]
[0m21:34:41.580985 [debug] [Thread-3 (]: Finished running node model.collieai_analytics.vw_parent_child_progress
[0m21:34:41.581518 [debug] [Thread-7 (]: Marking all children of 'model.collieai_analytics.vw_parent_child_progress' to be skipped because of status 'error'.  Reason: Database Error in model vw_parent_child_progress (models\marts\vw_parent_child_progress.sql)
  syntax error at or near ";"
  LINE 118:     ON ra.student_id = l.student_id;
                                               ^
  compiled code at target\run\collieai_analytics\models\marts\vw_parent_child_progress.sql.
[0m21:34:41.588803 [debug] [Thread-2 (]: On model.collieai_analytics.vw_guardrail_summary: Close
[0m21:34:41.594384 [debug] [Thread-2 (]: Database Error in model vw_guardrail_summary (models\marts\vw_guardrail_summary.sql)
  syntax error at or near ";"
  LINE 25:     ON s.session_id = m.session_id;
                                             ^
  compiled code at target\run\collieai_analytics\models\marts\vw_guardrail_summary.sql
[0m21:34:41.595290 [debug] [Thread-2 (]: Sending event: {'category': 'dbt', 'action': 'run_model', 'label': '12339d28-9bb6-4835-8083-7be0fccbc978', 'context': [<snowplow_tracker.self_describing_json.SelfDescribingJson object at 0x000001ABDBEED610>]}
[0m21:34:41.596149 [error] [Thread-2 (]: 6 of 9 ERROR creating sql view model analytics.vw_guardrail_summary ............ [[31mERROR[0m in 0.78s]
[0m21:34:41.597282 [debug] [Thread-2 (]: Finished running node model.collieai_analytics.vw_guardrail_summary
[0m21:34:41.598215 [debug] [Thread-7 (]: Marking all children of 'model.collieai_analytics.vw_guardrail_summary' to be skipped because of status 'error'.  Reason: Database Error in model vw_guardrail_summary (models\marts\vw_guardrail_summary.sql)
  syntax error at or near ";"
  LINE 25:     ON s.session_id = m.session_id;
                                             ^
  compiled code at target\run\collieai_analytics\models\marts\vw_guardrail_summary.sql.
[0m21:34:41.609281 [debug] [Thread-1 (]: SQL status: ALTER TABLE in 0.080 seconds
[0m21:34:41.612408 [debug] [Thread-1 (]: Using postgres connection "model.collieai_analytics.vw_student_learning_summary"
[0m21:34:41.613100 [debug] [Thread-1 (]: On model.collieai_analytics.vw_student_learning_summary: /* {"app": "dbt", "dbt_version": "1.12.0", "profile_name": "collieai_analytics", "target_name": "dev", "node_id": "model.collieai_analytics.vw_student_learning_summary"} */
alter table "postgres"."analytics"."vw_student_learning_summary__dbt_tmp" rename to "vw_student_learning_summary"
[0m21:34:41.693381 [debug] [Thread-1 (]: SQL status: ALTER TABLE in 0.080 seconds
[0m21:34:41.698476 [debug] [Thread-1 (]: On model.collieai_analytics.vw_student_learning_summary: COMMIT
[0m21:34:41.699443 [debug] [Thread-1 (]: Using postgres connection "model.collieai_analytics.vw_student_learning_summary"
[0m21:34:41.700213 [debug] [Thread-1 (]: On model.collieai_analytics.vw_student_learning_summary: COMMIT
[0m21:34:41.780604 [debug] [Thread-1 (]: SQL status: COMMIT in 0.080 seconds
[0m21:34:41.783665 [debug] [Thread-1 (]: Applying DROP to: "postgres"."analytics"."vw_student_learning_summary__dbt_backup"
[0m21:34:41.788737 [debug] [Thread-1 (]: Using postgres connection "model.collieai_analytics.vw_student_learning_summary"
[0m21:34:41.789537 [debug] [Thread-1 (]: On model.collieai_analytics.vw_student_learning_summary: /* {"app": "dbt", "dbt_version": "1.12.0", "profile_name": "collieai_analytics", "target_name": "dev", "node_id": "model.collieai_analytics.vw_student_learning_summary"} */
drop view if exists "postgres"."analytics"."vw_student_learning_summary__dbt_backup" cascade
[0m21:34:41.872925 [debug] [Thread-1 (]: SQL status: DROP VIEW in 0.083 seconds
[0m21:34:41.875657 [debug] [Thread-1 (]: On model.collieai_analytics.vw_student_learning_summary: Close
[0m21:34:41.876881 [debug] [Thread-1 (]: Sending event: {'category': 'dbt', 'action': 'run_model', 'label': '12339d28-9bb6-4835-8083-7be0fccbc978', 'context': [<snowplow_tracker.self_describing_json.SelfDescribingJson object at 0x000001ABDB9D08F0>]}
[0m21:34:41.877854 [info ] [Thread-1 (]: 8 of 9 OK created sql view model analytics.vw_student_learning_summary ......... [[32mCREATE VIEW[0m in 1.05s]
[0m21:34:41.879098 [debug] [Thread-1 (]: Finished running node model.collieai_analytics.vw_student_learning_summary
[0m21:34:41.983396 [debug] [Thread-4 (]: Postgres adapter: Postgres error: syntax error at or near ";"
LINE 88:     ON dl.difficulty_id = p.recommended_difficulty_id;
                                                              ^

[0m21:34:41.984026 [debug] [Thread-4 (]: On model.collieai_analytics.vw_student_skill_mastery: ROLLBACK
[0m21:34:42.063865 [debug] [Thread-4 (]: On model.collieai_analytics.vw_student_skill_mastery: Close
[0m21:34:42.070479 [debug] [Thread-4 (]: Database Error in model vw_student_skill_mastery (models\marts\vw_student_skill_mastery.sql)
  syntax error at or near ";"
  LINE 88:     ON dl.difficulty_id = p.recommended_difficulty_id;
                                                                ^
  compiled code at target\run\collieai_analytics\models\marts\vw_student_skill_mastery.sql
[0m21:34:42.071294 [debug] [Thread-4 (]: Sending event: {'category': 'dbt', 'action': 'run_model', 'label': '12339d28-9bb6-4835-8083-7be0fccbc978', 'context': [<snowplow_tracker.self_describing_json.SelfDescribingJson object at 0x000001ABDB077410>]}
[0m21:34:42.072309 [error] [Thread-4 (]: 9 of 9 ERROR creating sql view model analytics.vw_student_skill_mastery ........ [[31mERROR[0m in 0.74s]
[0m21:34:42.073282 [debug] [Thread-4 (]: Finished running node model.collieai_analytics.vw_student_skill_mastery
[0m21:34:42.074361 [debug] [Thread-7 (]: Marking all children of 'model.collieai_analytics.vw_student_skill_mastery' to be skipped because of status 'error'.  Reason: Database Error in model vw_student_skill_mastery (models\marts\vw_student_skill_mastery.sql)
  syntax error at or near ";"
  LINE 88:     ON dl.difficulty_id = p.recommended_difficulty_id;
                                                                ^
  compiled code at target\run\collieai_analytics\models\marts\vw_student_skill_mastery.sql.
[0m21:34:42.076394 [debug] [MainThread]: On master: COMMIT
[0m21:34:42.077027 [debug] [MainThread]: Using postgres connection "master"
[0m21:34:42.077493 [debug] [MainThread]: On master: COMMIT
[0m21:34:42.078049 [debug] [MainThread]: Opening a new connection, currently in state closed
[0m21:34:42.737511 [debug] [MainThread]: SQL status: COMMIT in 0.659 seconds
[0m21:34:42.737879 [debug] [MainThread]: On master: Close
[0m21:34:42.738459 [debug] [MainThread]: Connection 'master' was properly closed.
[0m21:34:42.738696 [debug] [MainThread]: Connection 'list_postgres' was properly closed.
[0m21:34:42.738855 [debug] [MainThread]: Connection 'list_postgres_analytics' was properly closed.
[0m21:34:42.739000 [debug] [MainThread]: Connection 'model.collieai_analytics.vw_parent_child_progress' was properly closed.
[0m21:34:42.739325 [debug] [MainThread]: Connection 'model.collieai_analytics.vw_student_skill_mastery' was properly closed.
[0m21:34:42.739638 [debug] [MainThread]: Connection 'model.collieai_analytics.vw_student_learning_summary' was properly closed.
[0m21:34:42.739930 [debug] [MainThread]: Connection 'model.collieai_analytics.vw_guardrail_summary' was properly closed.
[0m21:34:42.740377 [info ] [MainThread]: 
[0m21:34:42.740818 [info ] [MainThread]: Finished running 3 materialized view models, 6 view models in 0 hours 0 minutes and 5.57 seconds (5.57s).
[0m21:34:42.742560 [debug] [MainThread]: Command end result
[0m21:34:42.778136 [debug] [MainThread]: Wrote artifact WritableManifest to dbt_collieai\target\manifest.json
[0m21:34:42.781428 [debug] [MainThread]: Wrote artifact SemanticManifest to dbt_collieai\target\semantic_manifest.json
[0m21:34:42.783886 [debug] [MainThread]: Wrote artifact OsiDocument to dbt_collieai\target\osi_document.json
[0m21:34:42.789737 [debug] [MainThread]: Wrote artifact RunExecutionResult to dbt_collieai\target\run_results.json
[0m21:34:42.790092 [info ] [MainThread]: 
[0m21:34:42.790361 [info ] [MainThread]: [31mCompleted with 5 errors, 0 partial successes, and 0 warnings:[0m
[0m21:34:42.790583 [info ] [MainThread]: 
[0m21:34:42.790862 [error] [MainThread]: [[31mERROR[0m]: in model vw_dda_effectiveness (models\marts\vw_dda_effectiveness.sql)
[0m21:34:42.791121 [error] [MainThread]:   Database Error in model vw_dda_effectiveness (models\marts\vw_dda_effectiveness.sql)
  syntax error at or near ";"
  LINE 101:    AND lp.skill_id = d.skill_id;
                                           ^
  compiled code at target\run\collieai_analytics\models\marts\vw_dda_effectiveness.sql
[0m21:34:42.791322 [info ] [MainThread]: 
[0m21:34:42.791587 [info ] [MainThread]:   compiled code at target\compiled\collieai_analytics\models\marts\vw_dda_effectiveness.sql
[0m21:34:42.791819 [info ] [MainThread]: 
[0m21:34:42.792067 [error] [MainThread]: [[31mERROR[0m]: in model vw_gamification_summary (models\marts\vw_gamification_summary.sql)
[0m21:34:42.792297 [error] [MainThread]:   Database Error in model vw_gamification_summary (models\marts\vw_gamification_summary.sql)
  syntax error at or near ";"
  LINE 59:     ON ia.student_id = sp.student_id;
                                               ^
  compiled code at target\run\collieai_analytics\models\marts\vw_gamification_summary.sql
[0m21:34:42.792573 [info ] [MainThread]: 
[0m21:34:42.793359 [info ] [MainThread]:   compiled code at target\compiled\collieai_analytics\models\marts\vw_gamification_summary.sql
[0m21:34:42.793914 [info ] [MainThread]: 
[0m21:34:42.794446 [error] [MainThread]: [[31mERROR[0m]: in model vw_parent_child_progress (models\marts\vw_parent_child_progress.sql)
[0m21:34:42.794750 [error] [MainThread]:   Database Error in model vw_parent_child_progress (models\marts\vw_parent_child_progress.sql)
  syntax error at or near ";"
  LINE 118:     ON ra.student_id = l.student_id;
                                               ^
  compiled code at target\run\collieai_analytics\models\marts\vw_parent_child_progress.sql
[0m21:34:42.795016 [info ] [MainThread]: 
[0m21:34:42.795311 [info ] [MainThread]:   compiled code at target\compiled\collieai_analytics\models\marts\vw_parent_child_progress.sql
[0m21:34:42.795525 [info ] [MainThread]: 
[0m21:34:42.795770 [error] [MainThread]: [[31mERROR[0m]: in model vw_guardrail_summary (models\marts\vw_guardrail_summary.sql)
[0m21:34:42.796179 [error] [MainThread]:   Database Error in model vw_guardrail_summary (models\marts\vw_guardrail_summary.sql)
  syntax error at or near ";"
  LINE 25:     ON s.session_id = m.session_id;
                                             ^
  compiled code at target\run\collieai_analytics\models\marts\vw_guardrail_summary.sql
[0m21:34:42.796412 [info ] [MainThread]: 
[0m21:34:42.796727 [info ] [MainThread]:   compiled code at target\compiled\collieai_analytics\models\marts\vw_guardrail_summary.sql
[0m21:34:42.797069 [info ] [MainThread]: 
[0m21:34:42.797578 [error] [MainThread]: [[31mERROR[0m]: in model vw_student_skill_mastery (models\marts\vw_student_skill_mastery.sql)
[0m21:34:42.797950 [error] [MainThread]:   Database Error in model vw_student_skill_mastery (models\marts\vw_student_skill_mastery.sql)
  syntax error at or near ";"
  LINE 88:     ON dl.difficulty_id = p.recommended_difficulty_id;
                                                                ^
  compiled code at target\run\collieai_analytics\models\marts\vw_student_skill_mastery.sql
[0m21:34:42.798278 [info ] [MainThread]: 
[0m21:34:42.798608 [info ] [MainThread]:   compiled code at target\compiled\collieai_analytics\models\marts\vw_student_skill_mastery.sql
[0m21:34:42.798930 [info ] [MainThread]: 
[0m21:34:42.799281 [info ] [MainThread]: Done. PASS=4 WARN=0 ERROR=5 SKIP=0 NO-OP=0 REUSED=0 TOTAL=9
[0m21:34:42.799962 [debug] [MainThread]: Command `dbt run` failed at 21:34:42.799840 after 7.15 seconds
[0m21:34:42.800241 [debug] [MainThread]: Sending event: {'category': 'dbt', 'action': 'invocation', 'label': 'end', 'context': [<snowplow_tracker.self_describing_json.SelfDescribingJson object at 0x000001ABD8DD6DB0>, <snowplow_tracker.self_describing_json.SelfDescribingJson object at 0x000001ABDB4733B0>, <snowplow_tracker.self_describing_json.SelfDescribingJson object at 0x000001ABDBAE7710>]}
[0m21:34:42.800500 [debug] [MainThread]: Flushing usage events
[0m21:34:44.348766 [debug] [MainThread]: An error was encountered while trying to flush usage events
[0m21:34:46.798239 [debug] [MainThread]: Sending event: {'category': 'dbt', 'action': 'invocation', 'label': 'start', 'context': [<snowplow_tracker.self_describing_json.SelfDescribingJson object at 0x00000255E81FD400>, <snowplow_tracker.self_describing_json.SelfDescribingJson object at 0x00000255E50911D0>, <snowplow_tracker.self_describing_json.SelfDescribingJson object at 0x00000255EA9AFD90>]}


============================== 21:34:46.802639 | 0e51ad50-5b7b-4364-b778-9238b7c384e7 ==============================
[0m21:34:46.802639 [info ] [MainThread]: Running with dbt=1.12.0
[0m21:34:46.803092 [debug] [MainThread]: running dbt with arguments {'version_check': 'True', 'no_print': 'None', 'maximum_seed_size_mib': '1', 'warn_error_options': 'WarnErrorOptionsV2(error=[], warn=[], silence=[])', 'target_path': 'None', 'static_parser': 'True', 'printer_width': '80', 'write_json': 'True', 'introspect': 'True', 'log_cache_events': 'False', 'empty': 'None', 'cache_selected_only': 'False', 'fail_fast': 'False', 'debug': 'False', 'log_format': 'default', 'profiles_dir': 'dbt_collieai', 'send_anonymous_usage_stats': 'True', 'quiet': 'False', 'warn_error': 'None', 'partial_parse': 'True', 'use_colors': 'True', 'hints_enabled': 'True', 'invocation_command': 'dbt docs generate --project-dir dbt_collieai --profiles-dir dbt_collieai', 'use_experimental_parser': 'False', 'indirect_selection': 'eager', 'log_path': 'dbt_collieai\\logs'}
[0m21:34:46.967335 [debug] [MainThread]: Sending event: {'category': 'dbt', 'action': 'project_id', 'label': '0e51ad50-5b7b-4364-b778-9238b7c384e7', 'context': [<snowplow_tracker.self_describing_json.SelfDescribingJson object at 0x00000255E8911810>]}
[0m21:34:47.033348 [debug] [MainThread]: Sending event: {'category': 'dbt', 'action': 'adapter_info', 'label': '0e51ad50-5b7b-4364-b778-9238b7c384e7', 'context': [<snowplow_tracker.self_describing_json.SelfDescribingJson object at 0x00000255E6755BF0>]}
[0m21:34:47.035003 [info ] [MainThread]: Registered adapter: postgres=1.11.0
[0m21:34:47.208581 [debug] [MainThread]: checksum: 049a10f44362a5524acca9fa854d3fe668203bf39ab99b02e44d835b28230c69, vars: {}, profile: collieai_analytics, target: dev, version: 1.12.0
[0m21:34:47.377494 [debug] [MainThread]: Partial parsing enabled: 0 files deleted, 0 files added, 0 files changed.
[0m21:34:47.377976 [debug] [MainThread]: Nothing changed, skipping partial parsing.
[0m21:34:47.378241 [debug] [MainThread]: Partial parsing enabled, no changes found, skipping parsing
[0m21:34:47.387105 [debug] [MainThread]: Sending event: {'category': 'dbt', 'action': 'load_project', 'label': '0e51ad50-5b7b-4364-b778-9238b7c384e7', 'context': [<snowplow_tracker.self_describing_json.SelfDescribingJson object at 0x00000255EB071C50>]}
[0m21:34:47.424140 [debug] [MainThread]: Sending event: {'category': 'dbt', 'action': 'resource_counts', 'label': '0e51ad50-5b7b-4364-b778-9238b7c384e7', 'context': [<snowplow_tracker.self_describing_json.SelfDescribingJson object at 0x00000255EAF1B2F0>]}
[0m21:34:47.424650 [info ] [MainThread]: Found 9 models, 41 sources, 477 macros
[0m21:34:47.425077 [debug] [MainThread]: Sending event: {'category': 'dbt', 'action': 'runnable_timing', 'label': '0e51ad50-5b7b-4364-b778-9238b7c384e7', 'context': [<snowplow_tracker.self_describing_json.SelfDescribingJson object at 0x00000255EB0EFBD0>]}
[0m21:34:47.427226 [info ] [MainThread]: 
[0m21:34:47.427575 [info ] [MainThread]: Concurrency: 4 threads (target='dev')
[0m21:34:47.427790 [info ] [MainThread]: 
[0m21:34:47.428163 [debug] [MainThread]: Acquiring new postgres connection 'master'
[0m21:34:47.431610 [debug] [ThreadPool]: Acquiring new postgres connection 'list_postgres_analytics'
[0m21:34:47.477827 [debug] [ThreadPool]: Using postgres connection "list_postgres_analytics"
[0m21:34:47.478152 [debug] [ThreadPool]: On list_postgres_analytics: /* {"app": "dbt", "dbt_version": "1.12.0", "profile_name": "collieai_analytics", "target_name": "dev", "connection_name": "list_postgres_analytics"} */
select
      'postgres' as database,
      tablename as name,
      schemaname as schema,
      'table' as type
    from pg_tables
    where schemaname ilike 'analytics'
    union all
    select
      'postgres' as database,
      viewname as name,
      schemaname as schema,
      'view' as type
    from pg_views
    where schemaname ilike 'analytics'
    union all
    select
      'postgres' as database,
      matviewname as name,
      schemaname as schema,
      'materialized_view' as type
    from pg_matviews
    where schemaname ilike 'analytics'
    union all
    select distinct
     'postgres' as database,
     proname as name,
     ns.nspname as schema,
     'function' as type
    from pg_proc
     join pg_namespace as ns on pronamespace = ns.oid
    where ns.nspname ilike 'analytics'
  
[0m21:34:47.478466 [debug] [ThreadPool]: Opening a new connection, currently in state init
[0m21:34:48.145856 [debug] [ThreadPool]: SQL status: SELECT 4 in 0.667 seconds
[0m21:34:48.147317 [debug] [ThreadPool]: On list_postgres_analytics: ROLLBACK
[0m21:34:48.226306 [debug] [ThreadPool]: On list_postgres_analytics: Close
[0m21:34:48.232224 [debug] [MainThread]: Using postgres connection "master"
[0m21:34:48.232576 [debug] [MainThread]: On master: /* {"app": "dbt", "dbt_version": "1.12.0", "profile_name": "collieai_analytics", "target_name": "dev", "connection_name": "master"} */
select distinct
        dependent_namespace.nspname as dependent_schema,
        dependent_class.relname as dependent_name,
        referenced_namespace.nspname as referenced_schema,
        referenced_class.relname as referenced_name

    -- Query for views: views are entries in pg_class with an entry in pg_rewrite, but we avoid
    -- a seq scan on pg_rewrite by leveraging the fact there is an "internal" row in pg_depend for
    -- the view...
    from pg_class as dependent_class
    join pg_namespace as dependent_namespace on dependent_namespace.oid = dependent_class.relnamespace
    join pg_depend as dependent_depend on dependent_depend.refobjid = dependent_class.oid
        and dependent_depend.classid = 'pg_rewrite'::regclass
        and dependent_depend.refclassid = 'pg_class'::regclass
        and dependent_depend.deptype = 'i'

    -- ... and via pg_depend (that has a row per column, hence the need for "distinct" above, and
    -- making sure to exclude the internal row to avoid a view appearing to depend on itself)...
    join pg_depend as joining_depend on joining_depend.objid = dependent_depend.objid
        and joining_depend.classid = 'pg_rewrite'::regclass
        and joining_depend.refclassid = 'pg_class'::regclass
        and joining_depend.refobjid != dependent_depend.refobjid

    -- ... we can find the tables they query from in pg_class, but excluding system tables. Note we
    -- don't need need to exclude _dependent_ system tables, because they only query from other
    -- system tables, and so are automatically excluded by excluding _referenced_ system tables
    join pg_class as referenced_class on referenced_class.oid = joining_depend.refobjid
    join pg_namespace as referenced_namespace on referenced_namespace.oid = referenced_class.relnamespace
        and referenced_namespace.nspname != 'information_schema'
        and referenced_namespace.nspname not like 'pg\_%'

    order by
        dependent_schema, dependent_name, referenced_schema, referenced_name;
[0m21:34:48.232854 [debug] [MainThread]: Opening a new connection, currently in state init
[0m21:34:48.886527 [debug] [MainThread]: SQL status: SELECT 99 in 0.654 seconds
[0m21:34:48.888790 [debug] [MainThread]: Sending event: {'category': 'dbt', 'action': 'runnable_timing', 'label': '0e51ad50-5b7b-4364-b778-9238b7c384e7', 'context': [<snowplow_tracker.self_describing_json.SelfDescribingJson object at 0x00000255EB3587A0>]}
[0m21:34:48.889259 [debug] [MainThread]: On master: ROLLBACK
[0m21:34:48.968200 [debug] [MainThread]: On master: Close
[0m21:34:48.972510 [debug] [Thread-1 (]: Began running node model.collieai_analytics.mv_daily_student_performance
[0m21:34:48.973011 [debug] [Thread-1 (]: Acquiring new postgres connection 'model.collieai_analytics.mv_daily_student_performance'
[0m21:34:48.973319 [debug] [Thread-1 (]: Began compiling node model.collieai_analytics.mv_daily_student_performance
[0m21:34:48.973604 [debug] [Thread-3 (]: Began running node model.collieai_analytics.mv_weekly_skill_mastery
[0m21:34:48.973886 [debug] [Thread-2 (]: Began running node model.collieai_analytics.mv_topic_failure_patterns
[0m21:34:48.981957 [debug] [Thread-1 (]: Writing injected SQL for node "model.collieai_analytics.mv_daily_student_performance"
[0m21:34:48.983026 [debug] [Thread-4 (]: Began running node model.collieai_analytics.vw_dda_effectiveness
[0m21:34:48.983632 [debug] [Thread-3 (]: Acquiring new postgres connection 'model.collieai_analytics.mv_weekly_skill_mastery'
[0m21:34:48.984070 [debug] [Thread-2 (]: Acquiring new postgres connection 'model.collieai_analytics.mv_topic_failure_patterns'
[0m21:34:48.984784 [debug] [Thread-4 (]: Acquiring new postgres connection 'model.collieai_analytics.vw_dda_effectiveness'
[0m21:34:48.985090 [debug] [Thread-3 (]: Began compiling node model.collieai_analytics.mv_weekly_skill_mastery
[0m21:34:48.985476 [debug] [Thread-2 (]: Began compiling node model.collieai_analytics.mv_topic_failure_patterns
[0m21:34:48.985761 [debug] [Thread-4 (]: Began compiling node model.collieai_analytics.vw_dda_effectiveness
[0m21:34:48.989945 [debug] [Thread-3 (]: Writing injected SQL for node "model.collieai_analytics.mv_weekly_skill_mastery"
[0m21:34:48.990396 [debug] [Thread-1 (]: Began executing node model.collieai_analytics.mv_daily_student_performance
[0m21:34:48.993914 [debug] [Thread-2 (]: Writing injected SQL for node "model.collieai_analytics.mv_topic_failure_patterns"
[0m21:34:48.997816 [debug] [Thread-4 (]: Writing injected SQL for node "model.collieai_analytics.vw_dda_effectiveness"
[0m21:34:48.998646 [debug] [Thread-1 (]: Finished running node model.collieai_analytics.mv_daily_student_performance
[0m21:34:48.999454 [debug] [Thread-1 (]: Began running node model.collieai_analytics.vw_gamification_summary
[0m21:34:48.999777 [debug] [Thread-3 (]: Began executing node model.collieai_analytics.mv_weekly_skill_mastery
[0m21:34:49.000332 [debug] [Thread-1 (]: Re-using an available connection from the pool (formerly model.collieai_analytics.mv_daily_student_performance, now model.collieai_analytics.vw_gamification_summary)
[0m21:34:49.000876 [debug] [Thread-3 (]: Finished running node model.collieai_analytics.mv_weekly_skill_mastery
[0m21:34:49.001162 [debug] [Thread-1 (]: Began compiling node model.collieai_analytics.vw_gamification_summary
[0m21:34:49.001501 [debug] [Thread-3 (]: Began running node model.collieai_analytics.vw_guardrail_summary
[0m21:34:49.001884 [debug] [Thread-2 (]: Began executing node model.collieai_analytics.mv_topic_failure_patterns
[0m21:34:49.006218 [debug] [Thread-1 (]: Writing injected SQL for node "model.collieai_analytics.vw_gamification_summary"
[0m21:34:49.007284 [debug] [Thread-3 (]: Re-using an available connection from the pool (formerly model.collieai_analytics.mv_weekly_skill_mastery, now model.collieai_analytics.vw_guardrail_summary)
[0m21:34:49.007721 [debug] [Thread-4 (]: Began executing node model.collieai_analytics.vw_dda_effectiveness
[0m21:34:49.008320 [debug] [Thread-2 (]: Finished running node model.collieai_analytics.mv_topic_failure_patterns
[0m21:34:49.008729 [debug] [Thread-3 (]: Began compiling node model.collieai_analytics.vw_guardrail_summary
[0m21:34:49.009419 [debug] [Thread-4 (]: Finished running node model.collieai_analytics.vw_dda_effectiveness
[0m21:34:49.009797 [debug] [Thread-2 (]: Began running node model.collieai_analytics.vw_parent_child_progress
[0m21:34:49.011937 [debug] [Thread-3 (]: Writing injected SQL for node "model.collieai_analytics.vw_guardrail_summary"
[0m21:34:49.012892 [debug] [Thread-4 (]: Began running node model.collieai_analytics.vw_student_learning_summary
[0m21:34:49.013233 [debug] [Thread-1 (]: Began executing node model.collieai_analytics.vw_gamification_summary
[0m21:34:49.013622 [debug] [Thread-2 (]: Re-using an available connection from the pool (formerly model.collieai_analytics.mv_topic_failure_patterns, now model.collieai_analytics.vw_parent_child_progress)
[0m21:34:49.014481 [debug] [Thread-4 (]: Re-using an available connection from the pool (formerly model.collieai_analytics.vw_dda_effectiveness, now model.collieai_analytics.vw_student_learning_summary)
[0m21:34:49.015106 [debug] [Thread-1 (]: Finished running node model.collieai_analytics.vw_gamification_summary
[0m21:34:49.015614 [debug] [Thread-2 (]: Began compiling node model.collieai_analytics.vw_parent_child_progress
[0m21:34:49.016168 [debug] [Thread-4 (]: Began compiling node model.collieai_analytics.vw_student_learning_summary
[0m21:34:49.017469 [debug] [Thread-3 (]: Began executing node model.collieai_analytics.vw_guardrail_summary
[0m21:34:49.018395 [debug] [Thread-1 (]: Began running node model.collieai_analytics.vw_student_skill_mastery
[0m21:34:49.022635 [debug] [Thread-2 (]: Writing injected SQL for node "model.collieai_analytics.vw_parent_child_progress"
[0m21:34:49.025753 [debug] [Thread-4 (]: Writing injected SQL for node "model.collieai_analytics.vw_student_learning_summary"
[0m21:34:49.026470 [debug] [Thread-3 (]: Finished running node model.collieai_analytics.vw_guardrail_summary
[0m21:34:49.027142 [debug] [Thread-1 (]: Re-using an available connection from the pool (formerly model.collieai_analytics.vw_gamification_summary, now model.collieai_analytics.vw_student_skill_mastery)
[0m21:34:49.028152 [debug] [Thread-1 (]: Began compiling node model.collieai_analytics.vw_student_skill_mastery
[0m21:34:49.033877 [debug] [Thread-1 (]: Writing injected SQL for node "model.collieai_analytics.vw_student_skill_mastery"
[0m21:34:49.034932 [debug] [Thread-2 (]: Began executing node model.collieai_analytics.vw_parent_child_progress
[0m21:34:49.035880 [debug] [Thread-2 (]: Finished running node model.collieai_analytics.vw_parent_child_progress
[0m21:34:49.036685 [debug] [Thread-4 (]: Began executing node model.collieai_analytics.vw_student_learning_summary
[0m21:34:49.037784 [debug] [Thread-4 (]: Finished running node model.collieai_analytics.vw_student_learning_summary
[0m21:34:49.038208 [debug] [Thread-1 (]: Began executing node model.collieai_analytics.vw_student_skill_mastery
[0m21:34:49.038840 [debug] [Thread-1 (]: Finished running node model.collieai_analytics.vw_student_skill_mastery
[0m21:34:49.040099 [debug] [MainThread]: Connection 'master' was properly closed.
[0m21:34:49.040454 [debug] [MainThread]: Connection 'list_postgres_analytics' was properly closed.
[0m21:34:49.040783 [debug] [MainThread]: Connection 'model.collieai_analytics.vw_student_skill_mastery' was properly closed.
[0m21:34:49.040955 [debug] [MainThread]: Connection 'model.collieai_analytics.vw_guardrail_summary' was properly closed.
[0m21:34:49.041107 [debug] [MainThread]: Connection 'model.collieai_analytics.vw_parent_child_progress' was properly closed.
[0m21:34:49.041248 [debug] [MainThread]: Connection 'model.collieai_analytics.vw_student_learning_summary' was properly closed.
[0m21:34:49.042423 [debug] [MainThread]: Command end result
[0m21:34:49.139157 [debug] [MainThread]: Wrote artifact WritableManifest to dbt_collieai\target\manifest.json
[0m21:34:49.142109 [debug] [MainThread]: Wrote artifact SemanticManifest to dbt_collieai\target\semantic_manifest.json
[0m21:34:49.166714 [debug] [MainThread]: Wrote artifact OsiDocument to dbt_collieai\target\osi_document.json
[0m21:34:49.174883 [debug] [MainThread]: Wrote artifact RunExecutionResult to dbt_collieai\target\run_results.json
[0m21:34:49.177486 [debug] [MainThread]: Acquiring new postgres connection 'generate_catalog'
[0m21:34:49.177797 [info ] [MainThread]: Building catalog
[0m21:34:49.194909 [debug] [ThreadPool]: Acquiring new postgres connection 'postgres.information_schema'
[0m21:34:49.200021 [debug] [ThreadPool]: Using postgres connection "postgres.information_schema"
[0m21:34:49.200516 [debug] [ThreadPool]: On postgres.information_schema: /* {"app": "dbt", "dbt_version": "1.12.0", "profile_name": "collieai_analytics", "target_name": "dev", "connection_name": "postgres.information_schema"} */

    
    

    select
        'postgres' as table_database,
        sch.nspname as table_schema,
        tbl.relname as table_name,
        case tbl.relkind
            when 'v' then 'VIEW'
            when 'm' then 'MATERIALIZED VIEW'
            else 'BASE TABLE'
        end as table_type,
        tbl_desc.description as table_comment,
        col.attname as column_name,
        col.attnum as column_index,
        pg_catalog.format_type(col.atttypid, col.atttypmod) as column_type,
        col_desc.description as column_comment,
        pg_get_userbyid(tbl.relowner) as table_owner

    from pg_catalog.pg_namespace sch
    join pg_catalog.pg_class tbl on tbl.relnamespace = sch.oid
    join pg_catalog.pg_attribute col on col.attrelid = tbl.oid
    left outer join pg_catalog.pg_description tbl_desc on (tbl_desc.objoid = tbl.oid and tbl_desc.objsubid = 0)
    left outer join pg_catalog.pg_description col_desc on (col_desc.objoid = tbl.oid and col_desc.objsubid = col.attnum)
    where ((upper(sch.nspname) = upper('analytics') and
           upper(tbl.relname) = upper('vw_dda_effectiveness')) or (upper(sch.nspname) = upper('public') and
           upper(tbl.relname) = upper('speech_to_text_logs')) or (upper(sch.nspname) = upper('public') and
           upper(tbl.relname) = upper('session_states')) or (upper(sch.nspname) = upper('public') and
           upper(tbl.relname) = upper('users')) or (upper(sch.nspname) = upper('public') and
           upper(tbl.relname) = upper('ai_sessions')) or (upper(sch.nspname) = upper('public') and
           upper(tbl.relname) = upper('student_skill_features')) or (upper(sch.nspname) = upper('public') and
           upper(tbl.relname) = upper('ocr_logs')) or (upper(sch.nspname) = upper('public') and
           upper(tbl.relname) = upper('student_skill_predictions')) or (upper(sch.nspname) = upper('public') and
           upper(tbl.relname) = upper('dda_events')) or (upper(sch.nspname) = upper('public') and
           upper(tbl.relname) = upper('text_to_speech_logs')) or (upper(sch.nspname) = upper('public') and
           upper(tbl.relname) = upper('student_attempts')) or (upper(sch.nspname) = upper('analytics') and
           upper(tbl.relname) = upper('mv_topic_failure_patterns')) or (upper(sch.nspname) = upper('analytics') and
           upper(tbl.relname) = upper('mv_daily_student_performance')) or (upper(sch.nspname) = upper('public') and
           upper(tbl.relname) = upper('file_assets')) or (upper(sch.nspname) = upper('public') and
           upper(tbl.relname) = upper('student_inputs')) or (upper(sch.nspname) = upper('public') and
           upper(tbl.relname) = upper('student_help_events')) or (upper(sch.nspname) = upper('public') and
           upper(tbl.relname) = upper('roles')) or (upper(sch.nspname) = upper('public') and
           upper(tbl.relname) = upper('avatar_items')) or (upper(sch.nspname) = upper('public') and
           upper(tbl.relname) = upper('n8n_workflow_logs')) or (upper(sch.nspname) = upper('public') and
           upper(tbl.relname) = upper('class_sections')) or (upper(sch.nspname) = upper('analytics') and
           upper(tbl.relname) = upper('vw_student_skill_mastery')) or (upper(sch.nspname) = upper('analytics') and
           upper(tbl.relname) = upper('vw_gamification_summary')) or (upper(sch.nspname) = upper('public') and
           upper(tbl.relname) = upper('student_parent_links')) or (upper(sch.nspname) = upper('analytics') and
           upper(tbl.relname) = upper('vw_guardrail_summary')) or (upper(sch.nspname) = upper('public') and
           upper(tbl.relname) = upper('user_auth')) or (upper(sch.nspname) = upper('public') and
           upper(tbl.relname) = upper('math_skills')) or (upper(sch.nspname) = upper('public') and
           upper(tbl.relname) = upper('system_prompts')) or (upper(sch.nspname) = upper('public') and
           upper(tbl.relname) = upper('guardrail_checks')) or (upper(sch.nspname) = upper('public') and
           upper(tbl.relname) = upper('vector_records')) or (upper(sch.nspname) = upper('public') and
           upper(tbl.relname) = upper('notifications')) or (upper(sch.nspname) = upper('public') and
           upper(tbl.relname) = upper('student_avatar_items')) or (upper(sch.nspname) = upper('public') and
           upper(tbl.relname) = upper('math_topics')) or (upper(sch.nspname) = upper('public') and
           upper(tbl.relname) = upper('prompt_usage_logs')) or (upper(sch.nspname) = upper('public') and
           upper(tbl.relname) = upper('parent_profiles')) or (upper(sch.nspname) = upper('public') and
           upper(tbl.relname) = upper('api_request_logs')) or (upper(sch.nspname) = upper('analytics') and
           upper(tbl.relname) = upper('mv_weekly_skill_mastery')) or (upper(sch.nspname) = upper('public') and
           upper(tbl.relname) = upper('teacher_profiles')) or (upper(sch.nspname) = upper('public') and
           upper(tbl.relname) = upper('reward_transactions')) or (upper(sch.nspname) = upper('analytics') and
           upper(tbl.relname) = upper('vw_student_learning_summary')) or (upper(sch.nspname) = upper('public') and
           upper(tbl.relname) = upper('learning_recommendations')) or (upper(sch.nspname) = upper('public') and
           upper(tbl.relname) = upper('ai_messages')) or (upper(sch.nspname) = upper('public') and
           upper(tbl.relname) = upper('student_teacher_links')) or (upper(sch.nspname) = upper('public') and
           upper(tbl.relname) = upper('difficulty_levels')) or (upper(sch.nspname) = upper('public') and
           upper(tbl.relname) = upper('math_problems')) or (upper(sch.nspname) = upper('public') and
           upper(tbl.relname) = upper('show_me_breakdowns')) or (upper(sch.nspname) = upper('public') and
           upper(tbl.relname) = upper('avatars')) or (upper(sch.nspname) = upper('public') and
           upper(tbl.relname) = upper('student_profiles')) or (upper(sch.nspname) = upper('analytics') and
           upper(tbl.relname) = upper('vw_parent_child_progress')) or (upper(sch.nspname) = upper('public') and
           upper(tbl.relname) = upper('ml_models')) or (upper(sch.nspname) = upper('public') and
           upper(tbl.relname) = upper('attempt_steps')))
      and not pg_is_other_temp_schema(sch.oid) -- not a temporary schema belonging to another session
      and tbl.relpersistence in ('p', 'u') -- [p]ermanent table or [u]nlogged table. Exclude [t]emporary tables
      and tbl.relkind in ('r', 'v', 'f', 'p', 'm') -- o[r]dinary table, [v]iew, [f]oreign table, [p]artitioned table, [m]aterialized view. Other values are [i]ndex, [S]equence, [c]omposite type, [t]OAST table
      and col.attnum > 0 -- negative numbers are used for system columns such as oid
      and not col.attisdropped -- column as not been dropped

    order by
        sch.nspname,
        tbl.relname,
        col.attnum
[0m21:34:49.200932 [debug] [ThreadPool]: Opening a new connection, currently in state init
[0m21:34:50.008679 [debug] [ThreadPool]: SQL status: SELECT 396 in 0.808 seconds
[0m21:34:50.018272 [debug] [ThreadPool]: On postgres.information_schema: ROLLBACK
[0m21:34:50.097976 [debug] [ThreadPool]: On postgres.information_schema: Close
[0m21:34:50.125124 [debug] [MainThread]: Wrote artifact CatalogArtifact to dbt_collieai\target\catalog.json
[0m21:34:50.150075 [debug] [MainThread]: Wrote artifact WritableManifest to dbt_collieai\target\manifest.json
[0m21:34:50.152763 [debug] [MainThread]: Wrote artifact SemanticManifest to dbt_collieai\target\semantic_manifest.json
[0m21:34:50.155236 [debug] [MainThread]: Wrote artifact OsiDocument to dbt_collieai\target\osi_document.json
[0m21:34:50.155491 [info ] [MainThread]: Catalog written to C:\Users\YEN YEN\Desktop\ERD\ERD-Portfolio-Repo\CollieAI_ERD\dbt_collieai\target\catalog.json
[0m21:34:50.156332 [debug] [MainThread]: Command `dbt docs generate` succeeded at 21:34:50.156206 after 3.51 seconds
[0m21:34:50.156578 [debug] [MainThread]: Connection 'generate_catalog' was properly closed.
[0m21:34:50.156752 [debug] [MainThread]: Connection 'postgres.information_schema' was properly closed.
[0m21:34:50.156945 [debug] [MainThread]: Sending event: {'category': 'dbt', 'action': 'invocation', 'label': 'end', 'context': [<snowplow_tracker.self_describing_json.SelfDescribingJson object at 0x00000255EA901550>, <snowplow_tracker.self_describing_json.SelfDescribingJson object at 0x00000255EB11BA10>, <snowplow_tracker.self_describing_json.SelfDescribingJson object at 0x00000255EB11B8B0>]}
[0m21:34:50.157186 [debug] [MainThread]: Flushing usage events
[0m21:34:51.299833 [debug] [MainThread]: An error was encountered while trying to flush usage events
[0m21:35:20.388191 [debug] [MainThread]: Sending event: {'category': 'dbt', 'action': 'invocation', 'label': 'start', 'context': [<snowplow_tracker.self_describing_json.SelfDescribingJson object at 0x000001F70566D400>, <snowplow_tracker.self_describing_json.SelfDescribingJson object at 0x000001F707E0FD90>, <snowplow_tracker.self_describing_json.SelfDescribingJson object at 0x000001F707E0F890>]}


============================== 21:35:20.392760 | 90f213ca-462d-4493-8de1-28502a176847 ==============================
[0m21:35:20.392760 [info ] [MainThread]: Running with dbt=1.12.0
[0m21:35:20.393278 [debug] [MainThread]: running dbt with arguments {'static_parser': 'True', 'no_print': 'None', 'version_check': 'True', 'target_path': 'None', 'warn_error_options': 'WarnErrorOptionsV2(error=[], warn=[], silence=[])', 'maximum_seed_size_mib': '1', 'printer_width': '80', 'write_json': 'True', 'introspect': 'True', 'log_cache_events': 'False', 'empty': 'False', 'cache_selected_only': 'False', 'log_format': 'default', 'debug': 'False', 'fail_fast': 'False', 'partial_parse': 'True', 'send_anonymous_usage_stats': 'True', 'quiet': 'False', 'warn_error': 'None', 'profiles_dir': 'dbt_collieai', 'use_colors': 'True', 'hints_enabled': 'True', 'indirect_selection': 'eager', 'use_experimental_parser': 'False', 'invocation_command': 'dbt run --project-dir dbt_collieai --profiles-dir dbt_collieai', 'log_path': 'dbt_collieai\\logs'}
[0m21:35:20.571535 [debug] [MainThread]: Sending event: {'category': 'dbt', 'action': 'project_id', 'label': '90f213ca-462d-4493-8de1-28502a176847', 'context': [<snowplow_tracker.self_describing_json.SelfDescribingJson object at 0x000001F705D71810>]}
[0m21:35:20.644471 [debug] [MainThread]: Sending event: {'category': 'dbt', 'action': 'adapter_info', 'label': '90f213ca-462d-4493-8de1-28502a176847', 'context': [<snowplow_tracker.self_describing_json.SelfDescribingJson object at 0x000001F703BC5BF0>]}
[0m21:35:20.646116 [info ] [MainThread]: Registered adapter: postgres=1.11.0
[0m21:35:20.821367 [debug] [MainThread]: checksum: 049a10f44362a5524acca9fa854d3fe668203bf39ab99b02e44d835b28230c69, vars: {}, profile: collieai_analytics, target: dev, version: 1.12.0
[0m21:35:20.991080 [debug] [MainThread]: Partial parsing enabled: 0 files deleted, 0 files added, 5 files changed.
[0m21:35:20.991624 [debug] [MainThread]: Partial parsing: updated file: collieai_analytics://models\marts\vw_student_skill_mastery.sql
[0m21:35:20.991940 [debug] [MainThread]: Partial parsing: updated file: collieai_analytics://models\marts\vw_gamification_summary.sql
[0m21:35:20.992227 [debug] [MainThread]: Partial parsing: updated file: collieai_analytics://models\marts\vw_parent_child_progress.sql
[0m21:35:20.992468 [debug] [MainThread]: Partial parsing: updated file: collieai_analytics://models\marts\vw_dda_effectiveness.sql
[0m21:35:20.992709 [debug] [MainThread]: Partial parsing: updated file: collieai_analytics://models\marts\vw_guardrail_summary.sql
[0m21:35:21.283208 [debug] [MainThread]: Sending event: {'category': 'dbt', 'action': 'load_project', 'label': '90f213ca-462d-4493-8de1-28502a176847', 'context': [<snowplow_tracker.self_describing_json.SelfDescribingJson object at 0x000001F7085D5050>]}
[0m21:35:21.370772 [debug] [MainThread]: Wrote artifact WritableManifest to dbt_collieai\target\manifest.json
[0m21:35:21.374089 [debug] [MainThread]: Wrote artifact SemanticManifest to dbt_collieai\target\semantic_manifest.json
[0m21:35:21.400697 [debug] [MainThread]: Wrote artifact OsiDocument to dbt_collieai\target\osi_document.json
[0m21:35:21.416354 [debug] [MainThread]: Sending event: {'category': 'dbt', 'action': 'resource_counts', 'label': '90f213ca-462d-4493-8de1-28502a176847', 'context': [<snowplow_tracker.self_describing_json.SelfDescribingJson object at 0x000001F7086ED220>]}
[0m21:35:21.416884 [info ] [MainThread]: Found 9 models, 41 sources, 477 macros
[0m21:35:21.417209 [debug] [MainThread]: Sending event: {'category': 'dbt', 'action': 'runnable_timing', 'label': '90f213ca-462d-4493-8de1-28502a176847', 'context': [<snowplow_tracker.self_describing_json.SelfDescribingJson object at 0x000001F7086F3BD0>]}
[0m21:35:21.419477 [info ] [MainThread]: 
[0m21:35:21.419874 [info ] [MainThread]: Concurrency: 4 threads (target='dev')
[0m21:35:21.420113 [info ] [MainThread]: 
[0m21:35:21.420695 [debug] [MainThread]: Acquiring new postgres connection 'master'
[0m21:35:21.424644 [debug] [ThreadPool]: Acquiring new postgres connection 'list_postgres'
[0m21:35:21.472879 [debug] [ThreadPool]: Using postgres connection "list_postgres"
[0m21:35:21.473264 [debug] [ThreadPool]: On list_postgres: /* {"app": "dbt", "dbt_version": "1.12.0", "profile_name": "collieai_analytics", "target_name": "dev", "connection_name": "list_postgres"} */

    select distinct nspname from pg_namespace
  
[0m21:35:21.473496 [debug] [ThreadPool]: Opening a new connection, currently in state init
[0m21:35:22.147054 [debug] [ThreadPool]: SQL status: SELECT 117 in 0.673 seconds
[0m21:35:22.148661 [debug] [ThreadPool]: On list_postgres: Close
[0m21:35:22.152783 [debug] [ThreadPool]: Acquiring new postgres connection 'list_postgres_analytics'
[0m21:35:22.158702 [debug] [ThreadPool]: Using postgres connection "list_postgres_analytics"
[0m21:35:22.159283 [debug] [ThreadPool]: On list_postgres_analytics: /* {"app": "dbt", "dbt_version": "1.12.0", "profile_name": "collieai_analytics", "target_name": "dev", "connection_name": "list_postgres_analytics"} */
select
      'postgres' as database,
      tablename as name,
      schemaname as schema,
      'table' as type
    from pg_tables
    where schemaname ilike 'analytics'
    union all
    select
      'postgres' as database,
      viewname as name,
      schemaname as schema,
      'view' as type
    from pg_views
    where schemaname ilike 'analytics'
    union all
    select
      'postgres' as database,
      matviewname as name,
      schemaname as schema,
      'materialized_view' as type
    from pg_matviews
    where schemaname ilike 'analytics'
    union all
    select distinct
     'postgres' as database,
     proname as name,
     ns.nspname as schema,
     'function' as type
    from pg_proc
     join pg_namespace as ns on pronamespace = ns.oid
    where ns.nspname ilike 'analytics'
  
[0m21:35:22.159699 [debug] [ThreadPool]: Opening a new connection, currently in state init
[0m21:35:22.829488 [debug] [ThreadPool]: SQL status: SELECT 4 in 0.670 seconds
[0m21:35:22.831979 [debug] [ThreadPool]: On list_postgres_analytics: ROLLBACK
[0m21:35:22.911738 [debug] [ThreadPool]: On list_postgres_analytics: Close
[0m21:35:22.917088 [debug] [MainThread]: Using postgres connection "master"
[0m21:35:22.917473 [debug] [MainThread]: On master: /* {"app": "dbt", "dbt_version": "1.12.0", "profile_name": "collieai_analytics", "target_name": "dev", "connection_name": "master"} */
select distinct
        dependent_namespace.nspname as dependent_schema,
        dependent_class.relname as dependent_name,
        referenced_namespace.nspname as referenced_schema,
        referenced_class.relname as referenced_name

    -- Query for views: views are entries in pg_class with an entry in pg_rewrite, but we avoid
    -- a seq scan on pg_rewrite by leveraging the fact there is an "internal" row in pg_depend for
    -- the view...
    from pg_class as dependent_class
    join pg_namespace as dependent_namespace on dependent_namespace.oid = dependent_class.relnamespace
    join pg_depend as dependent_depend on dependent_depend.refobjid = dependent_class.oid
        and dependent_depend.classid = 'pg_rewrite'::regclass
        and dependent_depend.refclassid = 'pg_class'::regclass
        and dependent_depend.deptype = 'i'

    -- ... and via pg_depend (that has a row per column, hence the need for "distinct" above, and
    -- making sure to exclude the internal row to avoid a view appearing to depend on itself)...
    join pg_depend as joining_depend on joining_depend.objid = dependent_depend.objid
        and joining_depend.classid = 'pg_rewrite'::regclass
        and joining_depend.refclassid = 'pg_class'::regclass
        and joining_depend.refobjid != dependent_depend.refobjid

    -- ... we can find the tables they query from in pg_class, but excluding system tables. Note we
    -- don't need need to exclude _dependent_ system tables, because they only query from other
    -- system tables, and so are automatically excluded by excluding _referenced_ system tables
    join pg_class as referenced_class on referenced_class.oid = joining_depend.refobjid
    join pg_namespace as referenced_namespace on referenced_namespace.oid = referenced_class.relnamespace
        and referenced_namespace.nspname != 'information_schema'
        and referenced_namespace.nspname not like 'pg\_%'

    order by
        dependent_schema, dependent_name, referenced_schema, referenced_name;
[0m21:35:22.917739 [debug] [MainThread]: Opening a new connection, currently in state init
[0m21:35:23.560111 [debug] [MainThread]: SQL status: SELECT 99 in 0.642 seconds
[0m21:35:23.563071 [debug] [MainThread]: Sending event: {'category': 'dbt', 'action': 'runnable_timing', 'label': '90f213ca-462d-4493-8de1-28502a176847', 'context': [<snowplow_tracker.self_describing_json.SelfDescribingJson object at 0x000001F708966270>]}
[0m21:35:23.563586 [debug] [MainThread]: On master: ROLLBACK
[0m21:35:23.642512 [debug] [MainThread]: On master: COMMIT
[0m21:35:23.642899 [debug] [MainThread]: Using postgres connection "master"
[0m21:35:23.643144 [debug] [MainThread]: On master: COMMIT
[0m21:35:23.800716 [debug] [MainThread]: SQL status: COMMIT in 0.157 seconds
[0m21:35:23.801201 [debug] [MainThread]: On master: Close
[0m21:35:23.808479 [debug] [Thread-1 (]: Began running node model.collieai_analytics.mv_daily_student_performance
[0m21:35:23.809162 [debug] [Thread-2 (]: Began running node model.collieai_analytics.mv_topic_failure_patterns
[0m21:35:23.809649 [debug] [Thread-4 (]: Began running node model.collieai_analytics.vw_dda_effectiveness
[0m21:35:23.810389 [info ] [Thread-1 (]: 1 of 9 START sql materialized_view model analytics.mv_daily_student_performance  [RUN]
[0m21:35:23.811796 [info ] [Thread-2 (]: 2 of 9 START sql materialized_view model analytics.mv_topic_failure_patterns ... [RUN]
[0m21:35:23.813446 [debug] [Thread-3 (]: Began running node model.collieai_analytics.mv_weekly_skill_mastery
[0m21:35:23.812924 [info ] [Thread-4 (]: 4 of 9 START sql view model analytics.vw_dda_effectiveness ..................... [RUN]
[0m21:35:23.814483 [debug] [Thread-1 (]: Acquiring new postgres connection 'model.collieai_analytics.mv_daily_student_performance'
[0m21:35:23.815199 [debug] [Thread-2 (]: Acquiring new postgres connection 'model.collieai_analytics.mv_topic_failure_patterns'
[0m21:35:23.816134 [info ] [Thread-3 (]: 3 of 9 START sql materialized_view model analytics.mv_weekly_skill_mastery ..... [RUN]
[0m21:35:23.816947 [debug] [Thread-4 (]: Acquiring new postgres connection 'model.collieai_analytics.vw_dda_effectiveness'
[0m21:35:23.817459 [debug] [Thread-1 (]: Began compiling node model.collieai_analytics.mv_daily_student_performance
[0m21:35:23.818018 [debug] [Thread-2 (]: Began compiling node model.collieai_analytics.mv_topic_failure_patterns
[0m21:35:23.818533 [debug] [Thread-3 (]: Acquiring new postgres connection 'model.collieai_analytics.mv_weekly_skill_mastery'
[0m21:35:23.818849 [debug] [Thread-4 (]: Began compiling node model.collieai_analytics.vw_dda_effectiveness
[0m21:35:23.828859 [debug] [Thread-1 (]: Writing injected SQL for node "model.collieai_analytics.mv_daily_student_performance"
[0m21:35:23.832729 [debug] [Thread-2 (]: Writing injected SQL for node "model.collieai_analytics.mv_topic_failure_patterns"
[0m21:35:23.833193 [debug] [Thread-3 (]: Began compiling node model.collieai_analytics.mv_weekly_skill_mastery
[0m21:35:23.837208 [debug] [Thread-4 (]: Writing injected SQL for node "model.collieai_analytics.vw_dda_effectiveness"
[0m21:35:23.841933 [debug] [Thread-3 (]: Writing injected SQL for node "model.collieai_analytics.mv_weekly_skill_mastery"
[0m21:35:23.842912 [debug] [Thread-1 (]: Began executing node model.collieai_analytics.mv_daily_student_performance
[0m21:35:23.850518 [debug] [Thread-2 (]: Began executing node model.collieai_analytics.mv_topic_failure_patterns
[0m21:35:23.883819 [debug] [Thread-1 (]: Determining configuration changes on: "postgres"."analytics"."mv_daily_student_performance"
[0m21:35:23.884672 [debug] [Thread-2 (]: Determining configuration changes on: "postgres"."analytics"."mv_topic_failure_patterns"
[0m21:35:23.891797 [debug] [Thread-1 (]: Using postgres connection "model.collieai_analytics.mv_daily_student_performance"
[0m21:35:23.892730 [debug] [Thread-2 (]: Using postgres connection "model.collieai_analytics.mv_topic_failure_patterns"
[0m21:35:23.893113 [debug] [Thread-4 (]: Began executing node model.collieai_analytics.vw_dda_effectiveness
[0m21:35:23.893449 [debug] [Thread-3 (]: Began executing node model.collieai_analytics.mv_weekly_skill_mastery
[0m21:35:23.893751 [debug] [Thread-1 (]: On model.collieai_analytics.mv_daily_student_performance: /* {"app": "dbt", "dbt_version": "1.12.0", "profile_name": "collieai_analytics", "target_name": "dev", "node_id": "model.collieai_analytics.mv_daily_student_performance"} */

    
    select
        i.relname                                   as name,
        m.amname                                    as method,
        ix.indisunique                              as "unique",
        array_to_string(array_agg(a.attname), ',')  as column_names
    from pg_index ix
    join pg_class i
        on i.oid = ix.indexrelid
    join pg_am m
        on m.oid=i.relam
    join pg_class t
        on t.oid = ix.indrelid
    join pg_namespace n
        on n.oid = t.relnamespace
    join pg_attribute a
        on a.attrelid = t.oid
        and a.attnum = ANY(ix.indkey)
    where t.relname = 'mv_daily_student_performance'
      and n.nspname = 'analytics'
      and t.relkind in ('r', 'm')
    group by 1, 2, 3
    order by 1, 2, 3

  
[0m21:35:23.894091 [debug] [Thread-2 (]: On model.collieai_analytics.mv_topic_failure_patterns: /* {"app": "dbt", "dbt_version": "1.12.0", "profile_name": "collieai_analytics", "target_name": "dev", "node_id": "model.collieai_analytics.mv_topic_failure_patterns"} */

    
    select
        i.relname                                   as name,
        m.amname                                    as method,
        ix.indisunique                              as "unique",
        array_to_string(array_agg(a.attname), ',')  as column_names
    from pg_index ix
    join pg_class i
        on i.oid = ix.indexrelid
    join pg_am m
        on m.oid=i.relam
    join pg_class t
        on t.oid = ix.indrelid
    join pg_namespace n
        on n.oid = t.relnamespace
    join pg_attribute a
        on a.attrelid = t.oid
        and a.attnum = ANY(ix.indkey)
    where t.relname = 'mv_topic_failure_patterns'
      and n.nspname = 'analytics'
      and t.relkind in ('r', 'm')
    group by 1, 2, 3
    order by 1, 2, 3

  
[0m21:35:23.909493 [debug] [Thread-4 (]: Writing runtime sql for node "model.collieai_analytics.vw_dda_effectiveness"
[0m21:35:23.911850 [debug] [Thread-3 (]: Determining configuration changes on: "postgres"."analytics"."mv_weekly_skill_mastery"
[0m21:35:23.912367 [debug] [Thread-1 (]: Opening a new connection, currently in state init
[0m21:35:23.912960 [debug] [Thread-2 (]: Opening a new connection, currently in state init
[0m21:35:23.913933 [debug] [Thread-3 (]: Using postgres connection "model.collieai_analytics.mv_weekly_skill_mastery"
[0m21:35:23.915010 [debug] [Thread-3 (]: On model.collieai_analytics.mv_weekly_skill_mastery: /* {"app": "dbt", "dbt_version": "1.12.0", "profile_name": "collieai_analytics", "target_name": "dev", "node_id": "model.collieai_analytics.mv_weekly_skill_mastery"} */

    
    select
        i.relname                                   as name,
        m.amname                                    as method,
        ix.indisunique                              as "unique",
        array_to_string(array_agg(a.attname), ',')  as column_names
    from pg_index ix
    join pg_class i
        on i.oid = ix.indexrelid
    join pg_am m
        on m.oid=i.relam
    join pg_class t
        on t.oid = ix.indrelid
    join pg_namespace n
        on n.oid = t.relnamespace
    join pg_attribute a
        on a.attrelid = t.oid
        and a.attnum = ANY(ix.indkey)
    where t.relname = 'mv_weekly_skill_mastery'
      and n.nspname = 'analytics'
      and t.relkind in ('r', 'm')
    group by 1, 2, 3
    order by 1, 2, 3

  
[0m21:35:23.915545 [debug] [Thread-3 (]: Opening a new connection, currently in state init
[0m21:35:23.916949 [debug] [Thread-4 (]: Using postgres connection "model.collieai_analytics.vw_dda_effectiveness"
[0m21:35:23.917431 [debug] [Thread-4 (]: On model.collieai_analytics.vw_dda_effectiveness: /* {"app": "dbt", "dbt_version": "1.12.0", "profile_name": "collieai_analytics", "target_name": "dev", "node_id": "model.collieai_analytics.vw_dda_effectiveness"} */

  create view "postgres"."analytics"."vw_dda_effectiveness__dbt_tmp"
    
    
  as (
    

WITH help_agg AS (
    SELECT
        h.session_id,
        h.student_id,
        h.skill_id,
        COUNT(*) AS related_help_event_count
    FROM "postgres"."public"."student_help_events" AS h
    GROUP BY h.session_id, h.student_id, h.skill_id
),
show_me_agg AS (
    SELECT
        b.session_id,
        b.skill_id,
        COUNT(*) AS related_show_me_count
    FROM "postgres"."public"."show_me_breakdowns" AS b
    GROUP BY b.session_id, b.skill_id
),
feature_ranked AS (
    SELECT
        f.student_id,
        f.skill_id,
        f.accuracy_rate,
        ROW_NUMBER() OVER (
            PARTITION BY f.student_id, f.skill_id
            ORDER BY f.updated_at DESC, f.feature_id DESC
        ) AS row_num
    FROM "postgres"."public"."student_skill_features" AS f
),
latest_feature AS (
    SELECT f.student_id, f.skill_id, f.accuracy_rate
    FROM feature_ranked AS f
    WHERE f.row_num = 1
),
prediction_ranked AS (
    SELECT
        p.student_id,
        p.skill_id,
        p.risk_level,
        ROW_NUMBER() OVER (
            PARTITION BY p.student_id, p.skill_id
            ORDER BY p.predicted_at DESC, p.prediction_id DESC
        ) AS row_num
    FROM "postgres"."public"."student_skill_predictions" AS p
),
latest_prediction AS (
    SELECT p.student_id, p.skill_id, p.risk_level
    FROM prediction_ranked AS p
    WHERE p.row_num = 1
)
SELECT
    d.dda_event_id,
    d.student_id,
    cs.grade_level,
    ms.skill_name,
    mt.topic_name,
    d.trigger_reason,
    previous_difficulty.difficulty_name AS previous_difficulty_name,
    previous_difficulty.numerical_value AS previous_difficulty_value,
    new_difficulty.difficulty_name AS new_difficulty_name,
    new_difficulty.numerical_value AS new_difficulty_value,
    d.visual_analogy_used,
    d.created_at AS event_created_at,
    COALESCE(ha.related_help_event_count, 0) AS related_help_event_count,
    COALESCE(sm.related_show_me_count, 0) AS related_show_me_count,
    (COALESCE(sm.related_show_me_count, 0) > 0) AS show_me_triggered,
    lf.accuracy_rate AS latest_accuracy_rate,
    lp.risk_level AS latest_risk_level
FROM "postgres"."public"."dda_events" AS d
LEFT JOIN "postgres"."public"."student_profiles" AS sp
    ON sp.student_id = d.student_id
LEFT JOIN "postgres"."public"."class_sections" AS cs
    ON cs.section_id = sp.section_id
LEFT JOIN "postgres"."public"."math_skills" AS ms
    ON ms.skill_id = d.skill_id
LEFT JOIN "postgres"."public"."math_topics" AS mt
    ON mt.topic_id = ms.topic_id
LEFT JOIN "postgres"."public"."difficulty_levels" AS previous_difficulty
    ON previous_difficulty.difficulty_id = d.previous_difficulty_id
LEFT JOIN "postgres"."public"."difficulty_levels" AS new_difficulty
    ON new_difficulty.difficulty_id = d.new_difficulty_id
LEFT JOIN help_agg AS ha
    ON ha.session_id = d.session_id
   AND ha.student_id = d.student_id
   AND ha.skill_id = d.skill_id
LEFT JOIN show_me_agg AS sm
    ON sm.session_id = d.session_id
   AND sm.skill_id = d.skill_id
LEFT JOIN latest_feature AS lf
    ON lf.student_id = d.student_id
   AND lf.skill_id = d.skill_id
LEFT JOIN latest_prediction AS lp
    ON lp.student_id = d.student_id
   AND lp.skill_id = d.skill_id
  );
[0m21:35:23.917840 [debug] [Thread-4 (]: Opening a new connection, currently in state init
[0m21:35:24.566938 [debug] [Thread-3 (]: SQL status: SELECT 0 in 0.651 seconds
[0m21:35:24.567510 [debug] [Thread-2 (]: SQL status: SELECT 0 in 0.655 seconds
[0m21:35:24.570197 [debug] [Thread-3 (]: Applying REFRESH to: "postgres"."analytics"."mv_weekly_skill_mastery"
[0m21:35:24.571758 [debug] [Thread-2 (]: Applying REFRESH to: "postgres"."analytics"."mv_topic_failure_patterns"
[0m21:35:24.575879 [debug] [Thread-3 (]: Writing runtime sql for node "model.collieai_analytics.mv_weekly_skill_mastery"
[0m21:35:24.576333 [debug] [Thread-1 (]: SQL status: SELECT 0 in 0.664 seconds
[0m21:35:24.577075 [debug] [Thread-2 (]: Writing runtime sql for node "model.collieai_analytics.mv_topic_failure_patterns"
[0m21:35:24.578559 [debug] [Thread-1 (]: Applying REFRESH to: "postgres"."analytics"."mv_daily_student_performance"
[0m21:35:24.579391 [debug] [Thread-1 (]: Writing runtime sql for node "model.collieai_analytics.mv_daily_student_performance"
[0m21:35:24.580799 [debug] [Thread-3 (]: Using postgres connection "model.collieai_analytics.mv_weekly_skill_mastery"
[0m21:35:24.581538 [debug] [Thread-3 (]: On model.collieai_analytics.mv_weekly_skill_mastery: /* {"app": "dbt", "dbt_version": "1.12.0", "profile_name": "collieai_analytics", "target_name": "dev", "node_id": "model.collieai_analytics.mv_weekly_skill_mastery"} */

        
    refresh materialized view "postgres"."analytics"."mv_weekly_skill_mastery"

    
[0m21:35:24.581991 [debug] [Thread-1 (]: Using postgres connection "model.collieai_analytics.mv_daily_student_performance"
[0m21:35:24.582373 [debug] [Thread-2 (]: Using postgres connection "model.collieai_analytics.mv_topic_failure_patterns"
[0m21:35:24.582748 [debug] [Thread-1 (]: On model.collieai_analytics.mv_daily_student_performance: /* {"app": "dbt", "dbt_version": "1.12.0", "profile_name": "collieai_analytics", "target_name": "dev", "node_id": "model.collieai_analytics.mv_daily_student_performance"} */

        
    refresh materialized view "postgres"."analytics"."mv_daily_student_performance"

    
[0m21:35:24.583076 [debug] [Thread-2 (]: On model.collieai_analytics.mv_topic_failure_patterns: /* {"app": "dbt", "dbt_version": "1.12.0", "profile_name": "collieai_analytics", "target_name": "dev", "node_id": "model.collieai_analytics.mv_topic_failure_patterns"} */

        
    refresh materialized view "postgres"."analytics"."mv_topic_failure_patterns"

    
[0m21:35:24.585402 [debug] [Thread-4 (]: SQL status: CREATE VIEW in 0.668 seconds
[0m21:35:24.589837 [debug] [Thread-4 (]: Using postgres connection "model.collieai_analytics.vw_dda_effectiveness"
[0m21:35:24.590275 [debug] [Thread-4 (]: On model.collieai_analytics.vw_dda_effectiveness: /* {"app": "dbt", "dbt_version": "1.12.0", "profile_name": "collieai_analytics", "target_name": "dev", "node_id": "model.collieai_analytics.vw_dda_effectiveness"} */
alter table "postgres"."analytics"."vw_dda_effectiveness__dbt_tmp" rename to "vw_dda_effectiveness"
[0m21:35:24.671215 [debug] [Thread-4 (]: SQL status: ALTER TABLE in 0.080 seconds
[0m21:35:24.684177 [debug] [Thread-1 (]: SQL status: REFRESH MATERIALIZED VIEW in 0.101 seconds
[0m21:35:24.692574 [debug] [Thread-4 (]: On model.collieai_analytics.vw_dda_effectiveness: COMMIT
[0m21:35:24.693017 [debug] [Thread-2 (]: SQL status: REFRESH MATERIALIZED VIEW in 0.109 seconds
[0m21:35:24.693317 [debug] [Thread-3 (]: SQL status: REFRESH MATERIALIZED VIEW in 0.111 seconds
[0m21:35:24.696856 [debug] [Thread-1 (]: On model.collieai_analytics.mv_daily_student_performance: COMMIT
[0m21:35:24.697376 [debug] [Thread-4 (]: Using postgres connection "model.collieai_analytics.vw_dda_effectiveness"
[0m21:35:24.698842 [debug] [Thread-2 (]: On model.collieai_analytics.mv_topic_failure_patterns: COMMIT
[0m21:35:24.700845 [debug] [Thread-3 (]: On model.collieai_analytics.mv_weekly_skill_mastery: COMMIT
[0m21:35:24.701319 [debug] [Thread-1 (]: Using postgres connection "model.collieai_analytics.mv_daily_student_performance"
[0m21:35:24.701862 [debug] [Thread-4 (]: On model.collieai_analytics.vw_dda_effectiveness: COMMIT
[0m21:35:24.702161 [debug] [Thread-2 (]: Using postgres connection "model.collieai_analytics.mv_topic_failure_patterns"
[0m21:35:24.702412 [debug] [Thread-3 (]: Using postgres connection "model.collieai_analytics.mv_weekly_skill_mastery"
[0m21:35:24.702692 [debug] [Thread-1 (]: On model.collieai_analytics.mv_daily_student_performance: COMMIT
[0m21:35:24.703248 [debug] [Thread-2 (]: On model.collieai_analytics.mv_topic_failure_patterns: COMMIT
[0m21:35:24.703713 [debug] [Thread-3 (]: On model.collieai_analytics.mv_weekly_skill_mastery: COMMIT
[0m21:35:24.784355 [debug] [Thread-4 (]: SQL status: COMMIT in 0.081 seconds
[0m21:35:24.789182 [debug] [Thread-4 (]: Applying DROP to: "postgres"."analytics"."vw_dda_effectiveness__dbt_backup"
[0m21:35:24.795647 [debug] [Thread-4 (]: Using postgres connection "model.collieai_analytics.vw_dda_effectiveness"
[0m21:35:24.796712 [debug] [Thread-4 (]: On model.collieai_analytics.vw_dda_effectiveness: /* {"app": "dbt", "dbt_version": "1.12.0", "profile_name": "collieai_analytics", "target_name": "dev", "node_id": "model.collieai_analytics.vw_dda_effectiveness"} */
drop view if exists "postgres"."analytics"."vw_dda_effectiveness__dbt_backup" cascade
[0m21:35:24.797469 [debug] [Thread-2 (]: SQL status: COMMIT in 0.093 seconds
[0m21:35:24.797933 [debug] [Thread-1 (]: SQL status: COMMIT in 0.094 seconds
[0m21:35:24.798317 [debug] [Thread-3 (]: SQL status: COMMIT in 0.094 seconds
[0m21:35:24.802713 [debug] [Thread-2 (]: Applying DROP to: "postgres"."analytics"."mv_topic_failure_patterns__dbt_backup"
[0m21:35:24.804583 [debug] [Thread-1 (]: Applying DROP to: "postgres"."analytics"."mv_daily_student_performance__dbt_backup"
[0m21:35:24.806180 [debug] [Thread-3 (]: Applying DROP to: "postgres"."analytics"."mv_weekly_skill_mastery__dbt_backup"
[0m21:35:24.809296 [debug] [Thread-2 (]: Using postgres connection "model.collieai_analytics.mv_topic_failure_patterns"
[0m21:35:24.810283 [debug] [Thread-1 (]: Using postgres connection "model.collieai_analytics.mv_daily_student_performance"
[0m21:35:24.811356 [debug] [Thread-3 (]: Using postgres connection "model.collieai_analytics.mv_weekly_skill_mastery"
[0m21:35:24.811743 [debug] [Thread-2 (]: On model.collieai_analytics.mv_topic_failure_patterns: /* {"app": "dbt", "dbt_version": "1.12.0", "profile_name": "collieai_analytics", "target_name": "dev", "node_id": "model.collieai_analytics.mv_topic_failure_patterns"} */
drop materialized view if exists "postgres"."analytics"."mv_topic_failure_patterns__dbt_backup" cascade
[0m21:35:24.812089 [debug] [Thread-1 (]: On model.collieai_analytics.mv_daily_student_performance: /* {"app": "dbt", "dbt_version": "1.12.0", "profile_name": "collieai_analytics", "target_name": "dev", "node_id": "model.collieai_analytics.mv_daily_student_performance"} */
drop materialized view if exists "postgres"."analytics"."mv_daily_student_performance__dbt_backup" cascade
[0m21:35:24.812426 [debug] [Thread-3 (]: On model.collieai_analytics.mv_weekly_skill_mastery: /* {"app": "dbt", "dbt_version": "1.12.0", "profile_name": "collieai_analytics", "target_name": "dev", "node_id": "model.collieai_analytics.mv_weekly_skill_mastery"} */
drop materialized view if exists "postgres"."analytics"."mv_weekly_skill_mastery__dbt_backup" cascade
[0m21:35:24.878536 [debug] [Thread-4 (]: SQL status: DROP VIEW in 0.080 seconds
[0m21:35:24.880625 [debug] [Thread-4 (]: On model.collieai_analytics.vw_dda_effectiveness: Close
[0m21:35:24.883110 [debug] [Thread-4 (]: Sending event: {'category': 'dbt', 'action': 'run_model', 'label': '90f213ca-462d-4493-8de1-28502a176847', 'context': [<snowplow_tracker.self_describing_json.SelfDescribingJson object at 0x000001F708A8C7D0>]}
[0m21:35:24.883711 [info ] [Thread-4 (]: 4 of 9 OK created sql view model analytics.vw_dda_effectiveness ................ [[32mCREATE VIEW[0m in 1.06s]
[0m21:35:24.884362 [debug] [Thread-4 (]: Finished running node model.collieai_analytics.vw_dda_effectiveness
[0m21:35:24.884994 [debug] [Thread-4 (]: Began running node model.collieai_analytics.vw_gamification_summary
[0m21:35:24.886269 [info ] [Thread-4 (]: 5 of 9 START sql view model analytics.vw_gamification_summary .................. [RUN]
[0m21:35:24.887240 [debug] [Thread-4 (]: Re-using an available connection from the pool (formerly model.collieai_analytics.vw_dda_effectiveness, now model.collieai_analytics.vw_gamification_summary)
[0m21:35:24.887719 [debug] [Thread-4 (]: Began compiling node model.collieai_analytics.vw_gamification_summary
[0m21:35:24.892401 [debug] [Thread-4 (]: Writing injected SQL for node "model.collieai_analytics.vw_gamification_summary"
[0m21:35:24.893001 [debug] [Thread-1 (]: SQL status: DROP MATERIALIZED VIEW in 0.080 seconds
[0m21:35:24.894875 [debug] [Thread-1 (]: Applying DROP to: "postgres"."analytics"."mv_daily_student_performance__dbt_tmp"
[0m21:35:24.895516 [debug] [Thread-1 (]: Using postgres connection "model.collieai_analytics.mv_daily_student_performance"
[0m21:35:24.895826 [debug] [Thread-1 (]: On model.collieai_analytics.mv_daily_student_performance: /* {"app": "dbt", "dbt_version": "1.12.0", "profile_name": "collieai_analytics", "target_name": "dev", "node_id": "model.collieai_analytics.mv_daily_student_performance"} */
drop materialized view if exists "postgres"."analytics"."mv_daily_student_performance__dbt_tmp" cascade
[0m21:35:24.896250 [debug] [Thread-3 (]: SQL status: DROP MATERIALIZED VIEW in 0.083 seconds
[0m21:35:24.896968 [debug] [Thread-2 (]: SQL status: DROP MATERIALIZED VIEW in 0.084 seconds
[0m21:35:24.898931 [debug] [Thread-3 (]: Applying DROP to: "postgres"."analytics"."mv_weekly_skill_mastery__dbt_tmp"
[0m21:35:24.901109 [debug] [Thread-2 (]: Applying DROP to: "postgres"."analytics"."mv_topic_failure_patterns__dbt_tmp"
[0m21:35:24.902034 [debug] [Thread-3 (]: Using postgres connection "model.collieai_analytics.mv_weekly_skill_mastery"
[0m21:35:24.902486 [debug] [Thread-4 (]: Began executing node model.collieai_analytics.vw_gamification_summary
[0m21:35:24.903515 [debug] [Thread-2 (]: Using postgres connection "model.collieai_analytics.mv_topic_failure_patterns"
[0m21:35:24.903924 [debug] [Thread-3 (]: On model.collieai_analytics.mv_weekly_skill_mastery: /* {"app": "dbt", "dbt_version": "1.12.0", "profile_name": "collieai_analytics", "target_name": "dev", "node_id": "model.collieai_analytics.mv_weekly_skill_mastery"} */
drop materialized view if exists "postgres"."analytics"."mv_weekly_skill_mastery__dbt_tmp" cascade
[0m21:35:24.910493 [debug] [Thread-4 (]: Writing runtime sql for node "model.collieai_analytics.vw_gamification_summary"
[0m21:35:24.910989 [debug] [Thread-2 (]: On model.collieai_analytics.mv_topic_failure_patterns: /* {"app": "dbt", "dbt_version": "1.12.0", "profile_name": "collieai_analytics", "target_name": "dev", "node_id": "model.collieai_analytics.mv_topic_failure_patterns"} */
drop materialized view if exists "postgres"."analytics"."mv_topic_failure_patterns__dbt_tmp" cascade
[0m21:35:24.912883 [debug] [Thread-4 (]: Using postgres connection "model.collieai_analytics.vw_gamification_summary"
[0m21:35:24.913263 [debug] [Thread-4 (]: On model.collieai_analytics.vw_gamification_summary: /* {"app": "dbt", "dbt_version": "1.12.0", "profile_name": "collieai_analytics", "target_name": "dev", "node_id": "model.collieai_analytics.vw_gamification_summary"} */

  create view "postgres"."analytics"."vw_gamification_summary__dbt_tmp"
    
    
  as (
    

WITH reward_agg AS (
    SELECT
        r.student_id,
        SUM(r.points_earned) AS total_points_earned,
        COUNT(*) AS reward_transaction_count,
        ((ARRAY_AGG(
            r.reward_reason
            ORDER BY r.created_at DESC, r.reward_id DESC
        )))[1] AS latest_reward_reason,
        MAX(r.created_at) AS latest_reward_at
    FROM "postgres"."public"."reward_transactions" AS r
    GROUP BY r.student_id
),
item_agg AS (
    SELECT
        sai.student_id,
        COUNT(*) AS unlocked_item_count,
        COUNT(*) FILTER (WHERE sai.equipped IS TRUE) AS equipped_item_count,
        JSONB_AGG(
            JSONB_BUILD_OBJECT(
                'item_name', ai.item_name,
                'item_type', ai.item_type,
                'unlocked_at', sai.unlocked_at,
                'equipped', sai.equipped
            )
            ORDER BY sai.unlocked_at DESC, ai.item_id
        ) AS item_details
    FROM "postgres"."public"."student_avatar_items" AS sai
    JOIN "postgres"."public"."avatar_items" AS ai
        ON ai.item_id = sai.item_id
    GROUP BY sai.student_id
)
SELECT
    sp.student_id,
    av.avatar_name,
    COALESCE(sp.total_star_points, 0::double precision) AS total_star_points,
    COALESCE(sp.current_streak, 0) AS current_streak,
    COALESCE(ra.total_points_earned, 0) AS total_points_earned,
    COALESCE(ra.reward_transaction_count, 0) AS reward_transaction_count,
    ra.latest_reward_reason,
    ra.latest_reward_at,
    COALESCE(ia.unlocked_item_count, 0) AS unlocked_item_count,
    COALESCE(ia.equipped_item_count, 0) AS equipped_item_count,
    COALESCE(ia.item_details, '[]'::jsonb) AS item_details
FROM "postgres"."public"."student_profiles" AS sp
LEFT JOIN "postgres"."public"."avatars" AS av
    ON av.avatar_id = sp.avatar_id
LEFT JOIN reward_agg AS ra
    ON ra.student_id = sp.student_id
LEFT JOIN item_agg AS ia
    ON ia.student_id = sp.student_id


-- ============================================================================
-- MATERIALIZED VIEWS
-- ============================================================================
  );
[0m21:35:24.913640 [debug] [Thread-4 (]: Opening a new connection, currently in state closed
[0m21:35:24.977454 [debug] [Thread-1 (]: SQL status: DROP MATERIALIZED VIEW in 0.080 seconds
[0m21:35:24.979125 [debug] [Thread-1 (]: On model.collieai_analytics.mv_daily_student_performance: Close
[0m21:35:24.979785 [debug] [Thread-1 (]: Sending event: {'category': 'dbt', 'action': 'run_model', 'label': '90f213ca-462d-4493-8de1-28502a176847', 'context': [<snowplow_tracker.self_describing_json.SelfDescribingJson object at 0x000001F708A992E0>]}
[0m21:35:24.980696 [info ] [Thread-1 (]: 1 of 9 OK created sql materialized_view model analytics.mv_daily_student_performance  [[32mREFRESH MATERIALIZED VIEW[0m in 1.17s]
[0m21:35:24.981564 [debug] [Thread-1 (]: Finished running node model.collieai_analytics.mv_daily_student_performance
[0m21:35:24.981939 [debug] [Thread-1 (]: Began running node model.collieai_analytics.vw_guardrail_summary
[0m21:35:24.982386 [info ] [Thread-1 (]: 6 of 9 START sql view model analytics.vw_guardrail_summary ..................... [RUN]
[0m21:35:24.982845 [debug] [Thread-1 (]: Re-using an available connection from the pool (formerly model.collieai_analytics.mv_daily_student_performance, now model.collieai_analytics.vw_guardrail_summary)
[0m21:35:24.983113 [debug] [Thread-1 (]: Began compiling node model.collieai_analytics.vw_guardrail_summary
[0m21:35:24.985091 [debug] [Thread-1 (]: Writing injected SQL for node "model.collieai_analytics.vw_guardrail_summary"
[0m21:35:24.986165 [debug] [Thread-1 (]: Began executing node model.collieai_analytics.vw_guardrail_summary
[0m21:35:24.988574 [debug] [Thread-1 (]: Writing runtime sql for node "model.collieai_analytics.vw_guardrail_summary"
[0m21:35:24.989512 [debug] [Thread-1 (]: Using postgres connection "model.collieai_analytics.vw_guardrail_summary"
[0m21:35:24.989846 [debug] [Thread-1 (]: On model.collieai_analytics.vw_guardrail_summary: /* {"app": "dbt", "dbt_version": "1.12.0", "profile_name": "collieai_analytics", "target_name": "dev", "node_id": "model.collieai_analytics.vw_guardrail_summary"} */

  create view "postgres"."analytics"."vw_guardrail_summary__dbt_tmp"
    
    
  as (
    

SELECT
    g.guardrail_id,
    s.student_id,
    m.sender,
    m.message_type,
    m.message_text,
    g.is_math_related,
    g.prompt_injection_detected,
    g.violation_type,
    g.action_taken,
    g.confidence_score,
    g.created_at AS checked_at
FROM "postgres"."public"."guardrail_checks" AS g
LEFT JOIN "postgres"."public"."ai_messages" AS m
    ON m.message_id = g.message_id
LEFT JOIN "postgres"."public"."ai_sessions" AS s
    ON s.session_id = m.session_id
  );
[0m21:35:24.990131 [debug] [Thread-1 (]: Opening a new connection, currently in state closed
[0m21:35:24.991263 [debug] [Thread-2 (]: SQL status: DROP MATERIALIZED VIEW in 0.079 seconds
[0m21:35:24.991695 [debug] [Thread-3 (]: SQL status: DROP MATERIALIZED VIEW in 0.080 seconds
[0m21:35:24.992959 [debug] [Thread-2 (]: On model.collieai_analytics.mv_topic_failure_patterns: Close
[0m21:35:24.994072 [debug] [Thread-3 (]: On model.collieai_analytics.mv_weekly_skill_mastery: Close
[0m21:35:24.995015 [debug] [Thread-3 (]: Sending event: {'category': 'dbt', 'action': 'run_model', 'label': '90f213ca-462d-4493-8de1-28502a176847', 'context': [<snowplow_tracker.self_describing_json.SelfDescribingJson object at 0x000001F7089E9090>]}
[0m21:35:24.995573 [debug] [Thread-2 (]: Sending event: {'category': 'dbt', 'action': 'run_model', 'label': '90f213ca-462d-4493-8de1-28502a176847', 'context': [<snowplow_tracker.self_describing_json.SelfDescribingJson object at 0x000001F708B5A2A0>]}
[0m21:35:24.996298 [info ] [Thread-3 (]: 3 of 9 OK created sql materialized_view model analytics.mv_weekly_skill_mastery  [[32mREFRESH MATERIALIZED VIEW[0m in 1.18s]
[0m21:35:24.996955 [info ] [Thread-2 (]: 2 of 9 OK created sql materialized_view model analytics.mv_topic_failure_patterns  [[32mREFRESH MATERIALIZED VIEW[0m in 1.18s]
[0m21:35:24.997697 [debug] [Thread-3 (]: Finished running node model.collieai_analytics.mv_weekly_skill_mastery
[0m21:35:24.998401 [debug] [Thread-2 (]: Finished running node model.collieai_analytics.mv_topic_failure_patterns
[0m21:35:24.998786 [debug] [Thread-3 (]: Began running node model.collieai_analytics.vw_parent_child_progress
[0m21:35:24.999188 [debug] [Thread-2 (]: Began running node model.collieai_analytics.vw_student_learning_summary
[0m21:35:24.999610 [info ] [Thread-3 (]: 7 of 9 START sql view model analytics.vw_parent_child_progress ................. [RUN]
[0m21:35:25.000071 [info ] [Thread-2 (]: 8 of 9 START sql view model analytics.vw_student_learning_summary .............. [RUN]
[0m21:35:25.000770 [debug] [Thread-3 (]: Re-using an available connection from the pool (formerly model.collieai_analytics.mv_weekly_skill_mastery, now model.collieai_analytics.vw_parent_child_progress)
[0m21:35:25.001279 [debug] [Thread-2 (]: Re-using an available connection from the pool (formerly model.collieai_analytics.mv_topic_failure_patterns, now model.collieai_analytics.vw_student_learning_summary)
[0m21:35:25.001624 [debug] [Thread-3 (]: Began compiling node model.collieai_analytics.vw_parent_child_progress
[0m21:35:25.001912 [debug] [Thread-2 (]: Began compiling node model.collieai_analytics.vw_student_learning_summary
[0m21:35:25.005350 [debug] [Thread-3 (]: Writing injected SQL for node "model.collieai_analytics.vw_parent_child_progress"
[0m21:35:25.008779 [debug] [Thread-2 (]: Writing injected SQL for node "model.collieai_analytics.vw_student_learning_summary"
[0m21:35:25.010127 [debug] [Thread-3 (]: Began executing node model.collieai_analytics.vw_parent_child_progress
[0m21:35:25.010742 [debug] [Thread-2 (]: Began executing node model.collieai_analytics.vw_student_learning_summary
[0m21:35:25.013861 [debug] [Thread-3 (]: Writing runtime sql for node "model.collieai_analytics.vw_parent_child_progress"
[0m21:35:25.016768 [debug] [Thread-2 (]: Writing runtime sql for node "model.collieai_analytics.vw_student_learning_summary"
[0m21:35:25.017839 [debug] [Thread-3 (]: Using postgres connection "model.collieai_analytics.vw_parent_child_progress"
[0m21:35:25.018251 [debug] [Thread-3 (]: On model.collieai_analytics.vw_parent_child_progress: /* {"app": "dbt", "dbt_version": "1.12.0", "profile_name": "collieai_analytics", "target_name": "dev", "node_id": "model.collieai_analytics.vw_parent_child_progress"} */

  create view "postgres"."analytics"."vw_parent_child_progress__dbt_tmp"
    
    
  as (
    

WITH link_ranked AS (
    SELECT
        l.*,
        ROW_NUMBER() OVER (
            PARTITION BY l.parent_id, l.student_id
            ORDER BY l.created_at DESC, l.student_parent_link_id DESC
        ) AS row_num
    FROM "postgres"."public"."student_parent_links" AS l
),
unique_link AS (
    SELECT l.*
    FROM link_ranked AS l
    WHERE l.row_num = 1
),
feature_ranked AS (
    SELECT
        f.*,
        ROW_NUMBER() OVER (
            PARTITION BY f.student_id, f.skill_id
            ORDER BY f.updated_at DESC, f.feature_id DESC
        ) AS row_num
    FROM "postgres"."public"."student_skill_features" AS f
),
feature_agg AS (
    SELECT
        f.student_id,
        SUM(f.total_attempts) AS total_answer_attempts,
        SUM(f.correct_attempts) AS correct_attempts,
        SUM(f.help_request_count) AS help_request_count,
        MAX(f.last_attempt_at) AS last_activity_at
    FROM feature_ranked AS f
    WHERE f.row_num = 1
    GROUP BY f.student_id
),
prediction_ranked AS (
    SELECT
        p.*,
        ROW_NUMBER() OVER (
            PARTITION BY p.student_id, p.skill_id
            ORDER BY p.predicted_at DESC, p.prediction_id DESC
        ) AS row_num
    FROM "postgres"."public"."student_skill_predictions" AS p
),
risk_agg AS (
    SELECT
        p.student_id,
        COUNT(*) FILTER (WHERE LOWER(p.risk_level) = 'at_risk') AS at_risk_skill_count,
        COUNT(*) FILTER (WHERE LOWER(p.risk_level) = 'needs_practice') AS needs_practice_skill_count
    FROM prediction_ranked AS p
    WHERE p.row_num = 1
    GROUP BY p.student_id
),
recommendation_agg AS (
    SELECT
        r.student_id,
        COUNT(*) FILTER (WHERE r.is_completed IS FALSE) AS active_recommendation_count,
        ((ARRAY_AGG(
            r.recommendation_text
            ORDER BY
                r.priority_level ASC,
                r.created_at DESC,
                r.recommendation_id DESC
        ) FILTER (WHERE r.is_completed IS FALSE)))[1] AS highest_priority_recommendation
    FROM "postgres"."public"."learning_recommendations" AS r
    GROUP BY r.student_id
)
SELECT
    l.parent_id,
    l.student_id,
    l.relationship_type,
    l.is_primary_guardian,
    cs.section_name,
    cs.grade_level,
    sp.learning_status,
    COALESCE(sp.current_streak, 0) AS current_streak,
    COALESCE(sp.total_star_points, 0::double precision) AS total_star_points,
    COALESCE(fa.total_answer_attempts, 0) AS total_answer_attempts,
    COALESCE(fa.correct_attempts, 0) AS correct_attempts,
    GREATEST(
        COALESCE(fa.total_answer_attempts, 0)
        - COALESCE(fa.correct_attempts, 0),
        0
    ) AS wrong_attempts,
    CASE
        WHEN COALESCE(fa.total_answer_attempts, 0) = 0 THEN NULL
        ELSE ROUND(
            COALESCE(fa.correct_attempts, 0)::numeric
            / fa.total_answer_attempts::numeric,
            4
        )
    END AS overall_accuracy_rate,
    COALESCE(fa.help_request_count, 0) AS help_request_count,
    fa.last_activity_at,
    COALESCE(rk.at_risk_skill_count, 0) AS at_risk_skill_count,
    COALESCE(rk.needs_practice_skill_count, 0) AS needs_practice_skill_count,
    COALESCE(ra.active_recommendation_count, 0) AS active_recommendation_count,
    ra.highest_priority_recommendation
FROM unique_link AS l
JOIN "postgres"."public"."parent_profiles" AS pp
    ON pp.parent_id = l.parent_id
JOIN "postgres"."public"."student_profiles" AS sp
    ON sp.student_id = l.student_id
LEFT JOIN "postgres"."public"."class_sections" AS cs
    ON cs.section_id = sp.section_id
LEFT JOIN feature_agg AS fa
    ON fa.student_id = l.student_id
LEFT JOIN risk_agg AS rk
    ON rk.student_id = l.student_id
LEFT JOIN recommendation_agg AS ra
    ON ra.student_id = l.student_id
  );
[0m21:35:25.018710 [debug] [Thread-2 (]: Using postgres connection "model.collieai_analytics.vw_student_learning_summary"
[0m21:35:25.019026 [debug] [Thread-3 (]: Opening a new connection, currently in state closed
[0m21:35:25.019457 [debug] [Thread-2 (]: On model.collieai_analytics.vw_student_learning_summary: /* {"app": "dbt", "dbt_version": "1.12.0", "profile_name": "collieai_analytics", "target_name": "dev", "node_id": "model.collieai_analytics.vw_student_learning_summary"} */

  create view "postgres"."analytics"."vw_student_learning_summary__dbt_tmp"
    
    
  as (
    

with session_agg as (
    select
        student_id,
        count(*) as total_sessions,
        count(*) filter (where session_status = 'completed') as completed_sessions,
        max(coalesce(ended_at, started_at, created_at)) as last_session_at
    from "postgres"."public"."ai_sessions"
    group by student_id
),
attempt_agg as (
    select
        student_id,
        count(*) as total_answer_attempts,
        count(*) filter (where is_correct is true) as correct_attempts,
        count(*) filter (where is_correct is false) as wrong_attempts,
        max(created_at) as last_attempt_at
    from "postgres"."public"."student_attempts"
    group by student_id
),
help_agg as (
    select
        student_id,
        count(*) as help_request_count,
        max(created_at) as last_help_at
    from "postgres"."public"."student_help_events"
    group by student_id
),
prediction_ranked as (
    select
        student_id,
        predicted_mastery_score,
        risk_level,
        predicted_at,
        row_number() over (
            partition by student_id
            order by predicted_at desc, prediction_id desc
        ) as row_num
    from "postgres"."public"."student_skill_predictions"
),
latest_prediction as (
    select
        student_id,
        risk_level as latest_risk_level,
        predicted_mastery_score as latest_mastery_score,
        predicted_at as latest_prediction_at
    from prediction_ranked
    where row_num = 1
),
recommendation_agg as (
    select
        student_id,
        count(*) filter (where is_completed is false) as active_recommendation_count,
        ((array_agg(
            recommendation_text
            order by created_at desc, recommendation_id desc
        ) filter (where is_completed is false)))[1] as latest_recommendation_text
    from "postgres"."public"."learning_recommendations"
    group by student_id
)
select
    sp.student_id,
    cs.section_name,
    cs.grade_level,
    sp.learning_status,
    coalesce(sp.current_streak, 0) as current_streak,
    coalesce(sp.total_star_points, 0::double precision) as total_star_points,
    coalesce(sa.total_sessions, 0) as total_sessions,
    coalesce(sa.completed_sessions, 0) as completed_sessions,
    sa.last_session_at,
    coalesce(aa.total_answer_attempts, 0) as total_answer_attempts,
    coalesce(aa.correct_attempts, 0) as correct_attempts,
    coalesce(aa.wrong_attempts, 0) as wrong_attempts,
    aa.last_attempt_at,
    case when coalesce(aa.total_answer_attempts, 0) = 0 then null
        else round(coalesce(aa.correct_attempts, 0)::numeric / aa.total_answer_attempts::numeric, 4)
    end as overall_accuracy_rate,
    coalesce(ha.help_request_count, 0) as help_request_count,
    ha.last_help_at,
    case when coalesce(aa.total_answer_attempts, 0) + coalesce(ha.help_request_count, 0) = 0 then null
        else round(coalesce(ha.help_request_count, 0)::numeric / (coalesce(aa.total_answer_attempts, 0) + coalesce(ha.help_request_count, 0))::numeric, 4)
    end as help_request_rate,
    lp.latest_risk_level,
    lp.latest_mastery_score,
    lp.latest_prediction_at,
    coalesce(ra.active_recommendation_count, 0) as active_recommendation_count,
    ra.latest_recommendation_text,
    greatest(sa.last_session_at, aa.last_attempt_at, ha.last_help_at, lp.latest_prediction_at) as last_activity_at
from "postgres"."public"."student_profiles" as sp
left join "postgres"."public"."class_sections" as cs on cs.section_id = sp.section_id
left join session_agg as sa on sa.student_id = sp.student_id
left join attempt_agg as aa on aa.student_id = sp.student_id
left join help_agg as ha on ha.student_id = sp.student_id
left join latest_prediction as lp on lp.student_id = sp.student_id
left join recommendation_agg as ra on ra.student_id = sp.student_id
  );
[0m21:35:25.019980 [debug] [Thread-2 (]: Opening a new connection, currently in state closed
[0m21:35:25.554821 [debug] [Thread-4 (]: SQL status: CREATE VIEW in 0.641 seconds
[0m21:35:25.557136 [debug] [Thread-4 (]: Using postgres connection "model.collieai_analytics.vw_gamification_summary"
[0m21:35:25.557556 [debug] [Thread-4 (]: On model.collieai_analytics.vw_gamification_summary: /* {"app": "dbt", "dbt_version": "1.12.0", "profile_name": "collieai_analytics", "target_name": "dev", "node_id": "model.collieai_analytics.vw_gamification_summary"} */
alter table "postgres"."analytics"."vw_gamification_summary__dbt_tmp" rename to "vw_gamification_summary"
[0m21:35:25.624060 [debug] [Thread-1 (]: SQL status: CREATE VIEW in 0.634 seconds
[0m21:35:25.626486 [debug] [Thread-1 (]: Using postgres connection "model.collieai_analytics.vw_guardrail_summary"
[0m21:35:25.626887 [debug] [Thread-1 (]: On model.collieai_analytics.vw_guardrail_summary: /* {"app": "dbt", "dbt_version": "1.12.0", "profile_name": "collieai_analytics", "target_name": "dev", "node_id": "model.collieai_analytics.vw_guardrail_summary"} */
alter table "postgres"."analytics"."vw_guardrail_summary__dbt_tmp" rename to "vw_guardrail_summary"
[0m21:35:25.637663 [debug] [Thread-4 (]: SQL status: ALTER TABLE in 0.080 seconds
[0m21:35:25.639058 [debug] [Thread-4 (]: On model.collieai_analytics.vw_gamification_summary: COMMIT
[0m21:35:25.639402 [debug] [Thread-4 (]: Using postgres connection "model.collieai_analytics.vw_gamification_summary"
[0m21:35:25.639634 [debug] [Thread-4 (]: On model.collieai_analytics.vw_gamification_summary: COMMIT
[0m21:35:25.681175 [debug] [Thread-2 (]: SQL status: CREATE VIEW in 0.661 seconds
[0m21:35:25.683330 [debug] [Thread-2 (]: Using postgres connection "model.collieai_analytics.vw_student_learning_summary"
[0m21:35:25.683815 [debug] [Thread-3 (]: SQL status: CREATE VIEW in 0.665 seconds
[0m21:35:25.684217 [debug] [Thread-2 (]: On model.collieai_analytics.vw_student_learning_summary: /* {"app": "dbt", "dbt_version": "1.12.0", "profile_name": "collieai_analytics", "target_name": "dev", "node_id": "model.collieai_analytics.vw_student_learning_summary"} */
alter table "postgres"."analytics"."vw_student_learning_summary" rename to "vw_student_learning_summary__dbt_backup"
[0m21:35:25.687099 [debug] [Thread-3 (]: Using postgres connection "model.collieai_analytics.vw_parent_child_progress"
[0m21:35:25.687580 [debug] [Thread-3 (]: On model.collieai_analytics.vw_parent_child_progress: /* {"app": "dbt", "dbt_version": "1.12.0", "profile_name": "collieai_analytics", "target_name": "dev", "node_id": "model.collieai_analytics.vw_parent_child_progress"} */
alter table "postgres"."analytics"."vw_parent_child_progress__dbt_tmp" rename to "vw_parent_child_progress"
[0m21:35:25.705998 [debug] [Thread-1 (]: SQL status: ALTER TABLE in 0.079 seconds
[0m21:35:25.707378 [debug] [Thread-1 (]: On model.collieai_analytics.vw_guardrail_summary: COMMIT
[0m21:35:25.707707 [debug] [Thread-1 (]: Using postgres connection "model.collieai_analytics.vw_guardrail_summary"
[0m21:35:25.707934 [debug] [Thread-1 (]: On model.collieai_analytics.vw_guardrail_summary: COMMIT
[0m21:35:25.720676 [debug] [Thread-4 (]: SQL status: COMMIT in 0.081 seconds
[0m21:35:25.722082 [debug] [Thread-4 (]: Applying DROP to: "postgres"."analytics"."vw_gamification_summary__dbt_backup"
[0m21:35:25.722709 [debug] [Thread-4 (]: Using postgres connection "model.collieai_analytics.vw_gamification_summary"
[0m21:35:25.722959 [debug] [Thread-4 (]: On model.collieai_analytics.vw_gamification_summary: /* {"app": "dbt", "dbt_version": "1.12.0", "profile_name": "collieai_analytics", "target_name": "dev", "node_id": "model.collieai_analytics.vw_gamification_summary"} */
drop view if exists "postgres"."analytics"."vw_gamification_summary__dbt_backup" cascade
[0m21:35:25.767876 [debug] [Thread-2 (]: SQL status: ALTER TABLE in 0.080 seconds
[0m21:35:25.769860 [debug] [Thread-2 (]: Using postgres connection "model.collieai_analytics.vw_student_learning_summary"
[0m21:35:25.770228 [debug] [Thread-3 (]: SQL status: ALTER TABLE in 0.082 seconds
[0m21:35:25.770624 [debug] [Thread-2 (]: On model.collieai_analytics.vw_student_learning_summary: /* {"app": "dbt", "dbt_version": "1.12.0", "profile_name": "collieai_analytics", "target_name": "dev", "node_id": "model.collieai_analytics.vw_student_learning_summary"} */
alter table "postgres"."analytics"."vw_student_learning_summary__dbt_tmp" rename to "vw_student_learning_summary"
[0m21:35:25.772081 [debug] [Thread-3 (]: On model.collieai_analytics.vw_parent_child_progress: COMMIT
[0m21:35:25.772581 [debug] [Thread-3 (]: Using postgres connection "model.collieai_analytics.vw_parent_child_progress"
[0m21:35:25.772974 [debug] [Thread-3 (]: On model.collieai_analytics.vw_parent_child_progress: COMMIT
[0m21:35:25.788259 [debug] [Thread-1 (]: SQL status: COMMIT in 0.080 seconds
[0m21:35:25.789795 [debug] [Thread-1 (]: Applying DROP to: "postgres"."analytics"."vw_guardrail_summary__dbt_backup"
[0m21:35:25.790451 [debug] [Thread-1 (]: Using postgres connection "model.collieai_analytics.vw_guardrail_summary"
[0m21:35:25.790727 [debug] [Thread-1 (]: On model.collieai_analytics.vw_guardrail_summary: /* {"app": "dbt", "dbt_version": "1.12.0", "profile_name": "collieai_analytics", "target_name": "dev", "node_id": "model.collieai_analytics.vw_guardrail_summary"} */
drop view if exists "postgres"."analytics"."vw_guardrail_summary__dbt_backup" cascade
[0m21:35:25.803815 [debug] [Thread-4 (]: SQL status: DROP VIEW in 0.081 seconds
[0m21:35:25.805092 [debug] [Thread-4 (]: On model.collieai_analytics.vw_gamification_summary: Close
[0m21:35:25.805853 [debug] [Thread-4 (]: Sending event: {'category': 'dbt', 'action': 'run_model', 'label': '90f213ca-462d-4493-8de1-28502a176847', 'context': [<snowplow_tracker.self_describing_json.SelfDescribingJson object at 0x000001F708687930>]}
[0m21:35:25.806382 [info ] [Thread-4 (]: 5 of 9 OK created sql view model analytics.vw_gamification_summary ............. [[32mCREATE VIEW[0m in 0.92s]
[0m21:35:25.806855 [debug] [Thread-4 (]: Finished running node model.collieai_analytics.vw_gamification_summary
[0m21:35:25.807139 [debug] [Thread-4 (]: Began running node model.collieai_analytics.vw_student_skill_mastery
[0m21:35:25.807580 [info ] [Thread-4 (]: 9 of 9 START sql view model analytics.vw_student_skill_mastery ................. [RUN]
[0m21:35:25.808013 [debug] [Thread-4 (]: Re-using an available connection from the pool (formerly model.collieai_analytics.vw_gamification_summary, now model.collieai_analytics.vw_student_skill_mastery)
[0m21:35:25.808379 [debug] [Thread-4 (]: Began compiling node model.collieai_analytics.vw_student_skill_mastery
[0m21:35:25.811498 [debug] [Thread-4 (]: Writing injected SQL for node "model.collieai_analytics.vw_student_skill_mastery"
[0m21:35:25.812773 [debug] [Thread-4 (]: Began executing node model.collieai_analytics.vw_student_skill_mastery
[0m21:35:25.815637 [debug] [Thread-4 (]: Writing runtime sql for node "model.collieai_analytics.vw_student_skill_mastery"
[0m21:35:25.816745 [debug] [Thread-4 (]: Using postgres connection "model.collieai_analytics.vw_student_skill_mastery"
[0m21:35:25.817253 [debug] [Thread-4 (]: On model.collieai_analytics.vw_student_skill_mastery: /* {"app": "dbt", "dbt_version": "1.12.0", "profile_name": "collieai_analytics", "target_name": "dev", "node_id": "model.collieai_analytics.vw_student_skill_mastery"} */

  create view "postgres"."analytics"."vw_student_skill_mastery__dbt_tmp"
    
    
  as (
    

WITH feature_ranked AS (
    SELECT
        f.*,
        ROW_NUMBER() OVER (
            PARTITION BY f.student_id, f.skill_id
            ORDER BY f.updated_at DESC, f.feature_id DESC
        ) AS row_num
    FROM "postgres"."public"."student_skill_features" AS f
),
latest_feature AS (
    SELECT f.*
    FROM feature_ranked AS f
    WHERE f.row_num = 1
),
prediction_ranked AS (
    SELECT
        p.*,
        ROW_NUMBER() OVER (
            PARTITION BY p.student_id, p.skill_id
            ORDER BY p.predicted_at DESC, p.prediction_id DESC
        ) AS row_num
    FROM "postgres"."public"."student_skill_predictions" AS p
),
latest_prediction AS (
    SELECT p.*
    FROM prediction_ranked AS p
    WHERE p.row_num = 1
),
student_skill_keys AS (
    SELECT f.student_id, f.skill_id
    FROM latest_feature AS f
    UNION
    SELECT p.student_id, p.skill_id
    FROM latest_prediction AS p
)
SELECT
    k.student_id,
    cs.grade_level,
    k.skill_id,
    ms.skill_name,
    mt.topic_name,
    COALESCE(f.total_attempts, 0) AS total_answer_attempts,
    COALESCE(f.correct_attempts, 0) AS correct_attempts,
    GREATEST(
        COALESCE(f.total_attempts, 0) - COALESCE(f.correct_attempts, 0),
        0
    ) AS wrong_attempts,
    f.accuracy_rate,
    f.avg_time_spent,
    f.hint_usage_rate,
    COALESCE(f.help_request_count, 0) AS help_request_count,
    f.help_request_rate,
    COALESCE(f.failed_loop_count, 0) AS failed_loop_count,
    COALESCE(f.dda_trigger_count, 0) AS dda_trigger_count,
    COALESCE(f.show_me_count, 0) AS show_me_count,
    f.recent_score_avg,
    f.last_attempt_at,
    p.predicted_mastery_score,
    p.risk_level,
    dl.difficulty_name AS recommended_difficulty_name,
    dl.numerical_value AS recommended_difficulty_value,
    p.recommended_action,
    p.predicted_at
FROM student_skill_keys AS k
JOIN "postgres"."public"."student_profiles" AS sp
    ON sp.student_id = k.student_id
LEFT JOIN "postgres"."public"."class_sections" AS cs
    ON cs.section_id = sp.section_id
JOIN "postgres"."public"."math_skills" AS ms
    ON ms.skill_id = k.skill_id
LEFT JOIN "postgres"."public"."math_topics" AS mt
    ON mt.topic_id = ms.topic_id
LEFT JOIN latest_feature AS f
    ON f.student_id = k.student_id
   AND f.skill_id = k.skill_id
LEFT JOIN latest_prediction AS p
    ON p.student_id = k.student_id
   AND p.skill_id = k.skill_id
LEFT JOIN "postgres"."public"."difficulty_levels" AS dl
    ON dl.difficulty_id = p.recommended_difficulty_id
  );
[0m21:35:25.817598 [debug] [Thread-4 (]: Opening a new connection, currently in state closed
[0m21:35:25.852880 [debug] [Thread-2 (]: SQL status: ALTER TABLE in 0.080 seconds
[0m21:35:25.853318 [debug] [Thread-3 (]: SQL status: COMMIT in 0.080 seconds
[0m21:35:25.854917 [debug] [Thread-2 (]: On model.collieai_analytics.vw_student_learning_summary: COMMIT
[0m21:35:25.856468 [debug] [Thread-3 (]: Applying DROP to: "postgres"."analytics"."vw_parent_child_progress__dbt_backup"
[0m21:35:25.856898 [debug] [Thread-2 (]: Using postgres connection "model.collieai_analytics.vw_student_learning_summary"
[0m21:35:25.857509 [debug] [Thread-3 (]: Using postgres connection "model.collieai_analytics.vw_parent_child_progress"
[0m21:35:25.857847 [debug] [Thread-2 (]: On model.collieai_analytics.vw_student_learning_summary: COMMIT
[0m21:35:25.858199 [debug] [Thread-3 (]: On model.collieai_analytics.vw_parent_child_progress: /* {"app": "dbt", "dbt_version": "1.12.0", "profile_name": "collieai_analytics", "target_name": "dev", "node_id": "model.collieai_analytics.vw_parent_child_progress"} */
drop view if exists "postgres"."analytics"."vw_parent_child_progress__dbt_backup" cascade
[0m21:35:25.869822 [debug] [Thread-1 (]: SQL status: DROP VIEW in 0.079 seconds
[0m21:35:25.871145 [debug] [Thread-1 (]: On model.collieai_analytics.vw_guardrail_summary: Close
[0m21:35:25.871877 [debug] [Thread-1 (]: Sending event: {'category': 'dbt', 'action': 'run_model', 'label': '90f213ca-462d-4493-8de1-28502a176847', 'context': [<snowplow_tracker.self_describing_json.SelfDescribingJson object at 0x000001F708A09B50>]}
[0m21:35:25.872433 [info ] [Thread-1 (]: 6 of 9 OK created sql view model analytics.vw_guardrail_summary ................ [[32mCREATE VIEW[0m in 0.89s]
[0m21:35:25.872896 [debug] [Thread-1 (]: Finished running node model.collieai_analytics.vw_guardrail_summary
[0m21:35:25.938255 [debug] [Thread-3 (]: SQL status: DROP VIEW in 0.080 seconds
[0m21:35:25.939519 [debug] [Thread-3 (]: On model.collieai_analytics.vw_parent_child_progress: Close
[0m21:35:25.939902 [debug] [Thread-2 (]: SQL status: COMMIT in 0.081 seconds
[0m21:35:25.941776 [debug] [Thread-2 (]: Applying DROP to: "postgres"."analytics"."vw_student_learning_summary__dbt_backup"
[0m21:35:25.942468 [debug] [Thread-3 (]: Sending event: {'category': 'dbt', 'action': 'run_model', 'label': '90f213ca-462d-4493-8de1-28502a176847', 'context': [<snowplow_tracker.self_describing_json.SelfDescribingJson object at 0x000001F708B4F050>]}
[0m21:35:25.943215 [debug] [Thread-2 (]: Using postgres connection "model.collieai_analytics.vw_student_learning_summary"
[0m21:35:25.944006 [info ] [Thread-3 (]: 7 of 9 OK created sql view model analytics.vw_parent_child_progress ............ [[32mCREATE VIEW[0m in 0.94s]
[0m21:35:25.944704 [debug] [Thread-2 (]: On model.collieai_analytics.vw_student_learning_summary: /* {"app": "dbt", "dbt_version": "1.12.0", "profile_name": "collieai_analytics", "target_name": "dev", "node_id": "model.collieai_analytics.vw_student_learning_summary"} */
drop view if exists "postgres"."analytics"."vw_student_learning_summary__dbt_backup" cascade
[0m21:35:25.945364 [debug] [Thread-3 (]: Finished running node model.collieai_analytics.vw_parent_child_progress
[0m21:35:26.028064 [debug] [Thread-2 (]: SQL status: DROP VIEW in 0.082 seconds
[0m21:35:26.029524 [debug] [Thread-2 (]: On model.collieai_analytics.vw_student_learning_summary: Close
[0m21:35:26.030415 [debug] [Thread-2 (]: Sending event: {'category': 'dbt', 'action': 'run_model', 'label': '90f213ca-462d-4493-8de1-28502a176847', 'context': [<snowplow_tracker.self_describing_json.SelfDescribingJson object at 0x000001F708A0A210>]}
[0m21:35:26.031277 [info ] [Thread-2 (]: 8 of 9 OK created sql view model analytics.vw_student_learning_summary ......... [[32mCREATE VIEW[0m in 1.03s]
[0m21:35:26.032066 [debug] [Thread-2 (]: Finished running node model.collieai_analytics.vw_student_learning_summary
[0m21:35:26.465298 [debug] [Thread-4 (]: SQL status: CREATE VIEW in 0.648 seconds
[0m21:35:26.467471 [debug] [Thread-4 (]: Using postgres connection "model.collieai_analytics.vw_student_skill_mastery"
[0m21:35:26.467801 [debug] [Thread-4 (]: On model.collieai_analytics.vw_student_skill_mastery: /* {"app": "dbt", "dbt_version": "1.12.0", "profile_name": "collieai_analytics", "target_name": "dev", "node_id": "model.collieai_analytics.vw_student_skill_mastery"} */
alter table "postgres"."analytics"."vw_student_skill_mastery__dbt_tmp" rename to "vw_student_skill_mastery"
[0m21:35:26.548550 [debug] [Thread-4 (]: SQL status: ALTER TABLE in 0.080 seconds
[0m21:35:26.550437 [debug] [Thread-4 (]: On model.collieai_analytics.vw_student_skill_mastery: COMMIT
[0m21:35:26.551024 [debug] [Thread-4 (]: Using postgres connection "model.collieai_analytics.vw_student_skill_mastery"
[0m21:35:26.551520 [debug] [Thread-4 (]: On model.collieai_analytics.vw_student_skill_mastery: COMMIT
[0m21:35:26.633337 [debug] [Thread-4 (]: SQL status: COMMIT in 0.081 seconds
[0m21:35:26.635013 [debug] [Thread-4 (]: Applying DROP to: "postgres"."analytics"."vw_student_skill_mastery__dbt_backup"
[0m21:35:26.636455 [debug] [Thread-4 (]: Using postgres connection "model.collieai_analytics.vw_student_skill_mastery"
[0m21:35:26.636913 [debug] [Thread-4 (]: On model.collieai_analytics.vw_student_skill_mastery: /* {"app": "dbt", "dbt_version": "1.12.0", "profile_name": "collieai_analytics", "target_name": "dev", "node_id": "model.collieai_analytics.vw_student_skill_mastery"} */
drop view if exists "postgres"."analytics"."vw_student_skill_mastery__dbt_backup" cascade
[0m21:35:26.717666 [debug] [Thread-4 (]: SQL status: DROP VIEW in 0.080 seconds
[0m21:35:26.718878 [debug] [Thread-4 (]: On model.collieai_analytics.vw_student_skill_mastery: Close
[0m21:35:26.719605 [debug] [Thread-4 (]: Sending event: {'category': 'dbt', 'action': 'run_model', 'label': '90f213ca-462d-4493-8de1-28502a176847', 'context': [<snowplow_tracker.self_describing_json.SelfDescribingJson object at 0x000001F708B821B0>]}
[0m21:35:26.720137 [info ] [Thread-4 (]: 9 of 9 OK created sql view model analytics.vw_student_skill_mastery ............ [[32mCREATE VIEW[0m in 0.91s]
[0m21:35:26.720636 [debug] [Thread-4 (]: Finished running node model.collieai_analytics.vw_student_skill_mastery
[0m21:35:26.723744 [debug] [MainThread]: On master: COMMIT
[0m21:35:26.724115 [debug] [MainThread]: Using postgres connection "master"
[0m21:35:26.724333 [debug] [MainThread]: On master: COMMIT
[0m21:35:26.724566 [debug] [MainThread]: Opening a new connection, currently in state closed
[0m21:35:27.381596 [debug] [MainThread]: SQL status: COMMIT in 0.657 seconds
[0m21:35:27.382058 [debug] [MainThread]: On master: Close
[0m21:35:27.382664 [debug] [MainThread]: Connection 'master' was properly closed.
[0m21:35:27.382883 [debug] [MainThread]: Connection 'list_postgres' was properly closed.
[0m21:35:27.383098 [debug] [MainThread]: Connection 'list_postgres_analytics' was properly closed.
[0m21:35:27.383307 [debug] [MainThread]: Connection 'model.collieai_analytics.vw_guardrail_summary' was properly closed.
[0m21:35:27.383458 [debug] [MainThread]: Connection 'model.collieai_analytics.vw_student_learning_summary' was properly closed.
[0m21:35:27.383611 [debug] [MainThread]: Connection 'model.collieai_analytics.vw_student_skill_mastery' was properly closed.
[0m21:35:27.383756 [debug] [MainThread]: Connection 'model.collieai_analytics.vw_parent_child_progress' was properly closed.
[0m21:35:27.384019 [info ] [MainThread]: 
[0m21:35:27.384299 [info ] [MainThread]: Finished running 3 materialized view models, 6 view models in 0 hours 0 minutes and 5.96 seconds (5.96s).
[0m21:35:27.385625 [debug] [MainThread]: Command end result
[0m21:35:27.418999 [debug] [MainThread]: Wrote artifact WritableManifest to dbt_collieai\target\manifest.json
[0m21:35:27.422967 [debug] [MainThread]: Wrote artifact SemanticManifest to dbt_collieai\target\semantic_manifest.json
[0m21:35:27.426418 [debug] [MainThread]: Wrote artifact OsiDocument to dbt_collieai\target\osi_document.json
[0m21:35:27.434515 [debug] [MainThread]: Wrote artifact RunExecutionResult to dbt_collieai\target\run_results.json
[0m21:35:27.434839 [info ] [MainThread]: 
[0m21:35:27.435331 [info ] [MainThread]: [32mCompleted successfully[0m
[0m21:35:27.435892 [info ] [MainThread]: 
[0m21:35:27.436627 [info ] [MainThread]: Done. PASS=9 WARN=0 ERROR=0 SKIP=0 NO-OP=0 REUSED=0 TOTAL=9
[0m21:35:27.437948 [debug] [MainThread]: Command `dbt run` succeeded at 21:35:27.437724 after 7.20 seconds
[0m21:35:27.438531 [debug] [MainThread]: Sending event: {'category': 'dbt', 'action': 'invocation', 'label': 'end', 'context': [<snowplow_tracker.self_describing_json.SelfDescribingJson object at 0x000001F707BDAAB0>, <snowplow_tracker.self_describing_json.SelfDescribingJson object at 0x000001F70873F2F0>, <snowplow_tracker.self_describing_json.SelfDescribingJson object at 0x000001F70849F410>]}
[0m21:35:27.439040 [debug] [MainThread]: Flushing usage events
[0m21:35:28.713504 [debug] [MainThread]: An error was encountered while trying to flush usage events
[0m21:35:31.416842 [debug] [MainThread]: Sending event: {'category': 'dbt', 'action': 'invocation', 'label': 'start', 'context': [<snowplow_tracker.self_describing_json.SelfDescribingJson object at 0x0000024052C2D400>, <snowplow_tracker.self_describing_json.SelfDescribingJson object at 0x000002404FA751D0>, <snowplow_tracker.self_describing_json.SelfDescribingJson object at 0x00000240553DFD90>]}


============================== 21:35:31.421713 | 6894eb17-851b-4de5-821a-1cb5ccad01c5 ==============================
[0m21:35:31.421713 [info ] [MainThread]: Running with dbt=1.12.0
[0m21:35:31.422229 [debug] [MainThread]: running dbt with arguments {'static_parser': 'True', 'no_print': 'None', 'version_check': 'True', 'warn_error_options': 'WarnErrorOptionsV2(error=[], warn=[], silence=[])', 'target_path': 'None', 'maximum_seed_size_mib': '1', 'printer_width': '80', 'write_json': 'True', 'introspect': 'True', 'log_cache_events': 'False', 'empty': 'None', 'cache_selected_only': 'False', 'fail_fast': 'False', 'debug': 'False', 'log_format': 'default', 'partial_parse': 'True', 'send_anonymous_usage_stats': 'True', 'quiet': 'False', 'warn_error': 'None', 'profiles_dir': 'dbt_collieai', 'indirect_selection': 'eager', 'hints_enabled': 'True', 'use_colors': 'True', 'use_experimental_parser': 'False', 'invocation_command': 'dbt docs generate --project-dir dbt_collieai --profiles-dir dbt_collieai', 'log_path': 'dbt_collieai\\logs'}
[0m21:35:31.598956 [debug] [MainThread]: Sending event: {'category': 'dbt', 'action': 'project_id', 'label': '6894eb17-851b-4de5-821a-1cb5ccad01c5', 'context': [<snowplow_tracker.self_describing_json.SelfDescribingJson object at 0x0000024053341810>]}
[0m21:35:31.666604 [debug] [MainThread]: Sending event: {'category': 'dbt', 'action': 'adapter_info', 'label': '6894eb17-851b-4de5-821a-1cb5ccad01c5', 'context': [<snowplow_tracker.self_describing_json.SelfDescribingJson object at 0x0000024051185BF0>]}
[0m21:35:31.668032 [info ] [MainThread]: Registered adapter: postgres=1.11.0
[0m21:35:31.838857 [debug] [MainThread]: checksum: 049a10f44362a5524acca9fa854d3fe668203bf39ab99b02e44d835b28230c69, vars: {}, profile: collieai_analytics, target: dev, version: 1.12.0
[0m21:35:32.041095 [debug] [MainThread]: Partial parsing enabled: 0 files deleted, 0 files added, 0 files changed.
[0m21:35:32.041571 [debug] [MainThread]: Nothing changed, skipping partial parsing.
[0m21:35:32.041869 [debug] [MainThread]: Partial parsing enabled, no changes found, skipping parsing
[0m21:35:32.049931 [debug] [MainThread]: Sending event: {'category': 'dbt', 'action': 'load_project', 'label': '6894eb17-851b-4de5-821a-1cb5ccad01c5', 'context': [<snowplow_tracker.self_describing_json.SelfDescribingJson object at 0x0000024055AA1C50>]}
[0m21:35:32.088202 [debug] [MainThread]: Sending event: {'category': 'dbt', 'action': 'resource_counts', 'label': '6894eb17-851b-4de5-821a-1cb5ccad01c5', 'context': [<snowplow_tracker.self_describing_json.SelfDescribingJson object at 0x000002405594F2F0>]}
[0m21:35:32.088679 [info ] [MainThread]: Found 9 models, 41 sources, 477 macros
[0m21:35:32.088985 [debug] [MainThread]: Sending event: {'category': 'dbt', 'action': 'runnable_timing', 'label': '6894eb17-851b-4de5-821a-1cb5ccad01c5', 'context': [<snowplow_tracker.self_describing_json.SelfDescribingJson object at 0x0000024055B1FBD0>]}
[0m21:35:32.091692 [info ] [MainThread]: 
[0m21:35:32.092099 [info ] [MainThread]: Concurrency: 4 threads (target='dev')
[0m21:35:32.092362 [info ] [MainThread]: 
[0m21:35:32.092971 [debug] [MainThread]: Acquiring new postgres connection 'master'
[0m21:35:32.097555 [debug] [ThreadPool]: Acquiring new postgres connection 'list_postgres_analytics'
[0m21:35:32.155071 [debug] [ThreadPool]: Using postgres connection "list_postgres_analytics"
[0m21:35:32.155423 [debug] [ThreadPool]: On list_postgres_analytics: /* {"app": "dbt", "dbt_version": "1.12.0", "profile_name": "collieai_analytics", "target_name": "dev", "connection_name": "list_postgres_analytics"} */
select
      'postgres' as database,
      tablename as name,
      schemaname as schema,
      'table' as type
    from pg_tables
    where schemaname ilike 'analytics'
    union all
    select
      'postgres' as database,
      viewname as name,
      schemaname as schema,
      'view' as type
    from pg_views
    where schemaname ilike 'analytics'
    union all
    select
      'postgres' as database,
      matviewname as name,
      schemaname as schema,
      'materialized_view' as type
    from pg_matviews
    where schemaname ilike 'analytics'
    union all
    select distinct
     'postgres' as database,
     proname as name,
     ns.nspname as schema,
     'function' as type
    from pg_proc
     join pg_namespace as ns on pronamespace = ns.oid
    where ns.nspname ilike 'analytics'
  
[0m21:35:32.155720 [debug] [ThreadPool]: Opening a new connection, currently in state init
[0m21:35:32.818428 [debug] [ThreadPool]: SQL status: SELECT 9 in 0.663 seconds
[0m21:35:32.819929 [debug] [ThreadPool]: On list_postgres_analytics: ROLLBACK
[0m21:35:32.899476 [debug] [ThreadPool]: On list_postgres_analytics: Close
[0m21:35:32.908501 [debug] [MainThread]: Using postgres connection "master"
[0m21:35:32.909117 [debug] [MainThread]: On master: /* {"app": "dbt", "dbt_version": "1.12.0", "profile_name": "collieai_analytics", "target_name": "dev", "connection_name": "master"} */
select distinct
        dependent_namespace.nspname as dependent_schema,
        dependent_class.relname as dependent_name,
        referenced_namespace.nspname as referenced_schema,
        referenced_class.relname as referenced_name

    -- Query for views: views are entries in pg_class with an entry in pg_rewrite, but we avoid
    -- a seq scan on pg_rewrite by leveraging the fact there is an "internal" row in pg_depend for
    -- the view...
    from pg_class as dependent_class
    join pg_namespace as dependent_namespace on dependent_namespace.oid = dependent_class.relnamespace
    join pg_depend as dependent_depend on dependent_depend.refobjid = dependent_class.oid
        and dependent_depend.classid = 'pg_rewrite'::regclass
        and dependent_depend.refclassid = 'pg_class'::regclass
        and dependent_depend.deptype = 'i'

    -- ... and via pg_depend (that has a row per column, hence the need for "distinct" above, and
    -- making sure to exclude the internal row to avoid a view appearing to depend on itself)...
    join pg_depend as joining_depend on joining_depend.objid = dependent_depend.objid
        and joining_depend.classid = 'pg_rewrite'::regclass
        and joining_depend.refclassid = 'pg_class'::regclass
        and joining_depend.refobjid != dependent_depend.refobjid

    -- ... we can find the tables they query from in pg_class, but excluding system tables. Note we
    -- don't need need to exclude _dependent_ system tables, because they only query from other
    -- system tables, and so are automatically excluded by excluding _referenced_ system tables
    join pg_class as referenced_class on referenced_class.oid = joining_depend.refobjid
    join pg_namespace as referenced_namespace on referenced_namespace.oid = referenced_class.relnamespace
        and referenced_namespace.nspname != 'information_schema'
        and referenced_namespace.nspname not like 'pg\_%'

    order by
        dependent_schema, dependent_name, referenced_schema, referenced_name;
[0m21:35:32.909442 [debug] [MainThread]: Opening a new connection, currently in state init
[0m21:35:33.575259 [debug] [MainThread]: SQL status: SELECT 131 in 0.666 seconds
[0m21:35:33.578714 [debug] [MainThread]: Sending event: {'category': 'dbt', 'action': 'runnable_timing', 'label': '6894eb17-851b-4de5-821a-1cb5ccad01c5', 'context': [<snowplow_tracker.self_describing_json.SelfDescribingJson object at 0x0000024055D887A0>]}
[0m21:35:33.579199 [debug] [MainThread]: On master: ROLLBACK
[0m21:35:33.659168 [debug] [MainThread]: On master: Close
[0m21:35:33.663680 [debug] [Thread-1 (]: Began running node model.collieai_analytics.mv_daily_student_performance
[0m21:35:33.664187 [debug] [Thread-1 (]: Acquiring new postgres connection 'model.collieai_analytics.mv_daily_student_performance'
[0m21:35:33.664500 [debug] [Thread-2 (]: Began running node model.collieai_analytics.mv_topic_failure_patterns
[0m21:35:33.664826 [debug] [Thread-3 (]: Began running node model.collieai_analytics.mv_weekly_skill_mastery
[0m21:35:33.665096 [debug] [Thread-4 (]: Began running node model.collieai_analytics.vw_dda_effectiveness
[0m21:35:33.665412 [debug] [Thread-1 (]: Began compiling node model.collieai_analytics.mv_daily_student_performance
[0m21:35:33.665952 [debug] [Thread-2 (]: Acquiring new postgres connection 'model.collieai_analytics.mv_topic_failure_patterns'
[0m21:35:33.666368 [debug] [Thread-3 (]: Acquiring new postgres connection 'model.collieai_analytics.mv_weekly_skill_mastery'
[0m21:35:33.666852 [debug] [Thread-4 (]: Acquiring new postgres connection 'model.collieai_analytics.vw_dda_effectiveness'
[0m21:35:33.674064 [debug] [Thread-1 (]: Writing injected SQL for node "model.collieai_analytics.mv_daily_student_performance"
[0m21:35:33.674514 [debug] [Thread-2 (]: Began compiling node model.collieai_analytics.mv_topic_failure_patterns
[0m21:35:33.674809 [debug] [Thread-3 (]: Began compiling node model.collieai_analytics.mv_weekly_skill_mastery
[0m21:35:33.675054 [debug] [Thread-4 (]: Began compiling node model.collieai_analytics.vw_dda_effectiveness
[0m21:35:33.678946 [debug] [Thread-2 (]: Writing injected SQL for node "model.collieai_analytics.mv_topic_failure_patterns"
[0m21:35:33.683577 [debug] [Thread-3 (]: Writing injected SQL for node "model.collieai_analytics.mv_weekly_skill_mastery"
[0m21:35:33.687656 [debug] [Thread-4 (]: Writing injected SQL for node "model.collieai_analytics.vw_dda_effectiveness"
[0m21:35:33.688626 [debug] [Thread-1 (]: Began executing node model.collieai_analytics.mv_daily_student_performance
[0m21:35:33.689253 [debug] [Thread-1 (]: Finished running node model.collieai_analytics.mv_daily_student_performance
[0m21:35:33.689591 [debug] [Thread-1 (]: Began running node model.collieai_analytics.vw_gamification_summary
[0m21:35:33.689901 [debug] [Thread-1 (]: Re-using an available connection from the pool (formerly model.collieai_analytics.mv_daily_student_performance, now model.collieai_analytics.vw_gamification_summary)
[0m21:35:33.690155 [debug] [Thread-1 (]: Began compiling node model.collieai_analytics.vw_gamification_summary
[0m21:35:33.692928 [debug] [Thread-1 (]: Writing injected SQL for node "model.collieai_analytics.vw_gamification_summary"
[0m21:35:33.693596 [debug] [Thread-2 (]: Began executing node model.collieai_analytics.mv_topic_failure_patterns
[0m21:35:33.694562 [debug] [Thread-2 (]: Finished running node model.collieai_analytics.mv_topic_failure_patterns
[0m21:35:33.694872 [debug] [Thread-3 (]: Began executing node model.collieai_analytics.mv_weekly_skill_mastery
[0m21:35:33.695196 [debug] [Thread-2 (]: Began running node model.collieai_analytics.vw_guardrail_summary
[0m21:35:33.695629 [debug] [Thread-4 (]: Began executing node model.collieai_analytics.vw_dda_effectiveness
[0m21:35:33.697036 [debug] [Thread-3 (]: Finished running node model.collieai_analytics.mv_weekly_skill_mastery
[0m21:35:33.697449 [debug] [Thread-2 (]: Re-using an available connection from the pool (formerly model.collieai_analytics.mv_topic_failure_patterns, now model.collieai_analytics.vw_guardrail_summary)
[0m21:35:33.697793 [debug] [Thread-1 (]: Began executing node model.collieai_analytics.vw_gamification_summary
[0m21:35:33.698307 [debug] [Thread-4 (]: Finished running node model.collieai_analytics.vw_dda_effectiveness
[0m21:35:33.698629 [debug] [Thread-3 (]: Began running node model.collieai_analytics.vw_parent_child_progress
[0m21:35:33.699007 [debug] [Thread-2 (]: Began compiling node model.collieai_analytics.vw_guardrail_summary
[0m21:35:33.699543 [debug] [Thread-1 (]: Finished running node model.collieai_analytics.vw_gamification_summary
[0m21:35:33.699856 [debug] [Thread-4 (]: Began running node model.collieai_analytics.vw_student_learning_summary
[0m21:35:33.700231 [debug] [Thread-3 (]: Re-using an available connection from the pool (formerly model.collieai_analytics.mv_weekly_skill_mastery, now model.collieai_analytics.vw_parent_child_progress)
[0m21:35:33.702867 [debug] [Thread-2 (]: Writing injected SQL for node "model.collieai_analytics.vw_guardrail_summary"
[0m21:35:33.703285 [debug] [Thread-1 (]: Began running node model.collieai_analytics.vw_student_skill_mastery
[0m21:35:33.703743 [debug] [Thread-4 (]: Re-using an available connection from the pool (formerly model.collieai_analytics.vw_dda_effectiveness, now model.collieai_analytics.vw_student_learning_summary)
[0m21:35:33.704120 [debug] [Thread-3 (]: Began compiling node model.collieai_analytics.vw_parent_child_progress
[0m21:35:33.704579 [debug] [Thread-1 (]: Re-using an available connection from the pool (formerly model.collieai_analytics.vw_gamification_summary, now model.collieai_analytics.vw_student_skill_mastery)
[0m21:35:33.704922 [debug] [Thread-4 (]: Began compiling node model.collieai_analytics.vw_student_learning_summary
[0m21:35:33.708316 [debug] [Thread-3 (]: Writing injected SQL for node "model.collieai_analytics.vw_parent_child_progress"
[0m21:35:33.708806 [debug] [Thread-1 (]: Began compiling node model.collieai_analytics.vw_student_skill_mastery
[0m21:35:33.711950 [debug] [Thread-4 (]: Writing injected SQL for node "model.collieai_analytics.vw_student_learning_summary"
[0m21:35:33.712576 [debug] [Thread-2 (]: Began executing node model.collieai_analytics.vw_guardrail_summary
[0m21:35:33.715462 [debug] [Thread-1 (]: Writing injected SQL for node "model.collieai_analytics.vw_student_skill_mastery"
[0m21:35:33.716668 [debug] [Thread-2 (]: Finished running node model.collieai_analytics.vw_guardrail_summary
[0m21:35:33.717759 [debug] [Thread-3 (]: Began executing node model.collieai_analytics.vw_parent_child_progress
[0m21:35:33.718175 [debug] [Thread-1 (]: Began executing node model.collieai_analytics.vw_student_skill_mastery
[0m21:35:33.718847 [debug] [Thread-3 (]: Finished running node model.collieai_analytics.vw_parent_child_progress
[0m21:35:33.719546 [debug] [Thread-1 (]: Finished running node model.collieai_analytics.vw_student_skill_mastery
[0m21:35:33.719873 [debug] [Thread-4 (]: Began executing node model.collieai_analytics.vw_student_learning_summary
[0m21:35:33.720655 [debug] [Thread-4 (]: Finished running node model.collieai_analytics.vw_student_learning_summary
[0m21:35:33.722040 [debug] [MainThread]: Connection 'master' was properly closed.
[0m21:35:33.722411 [debug] [MainThread]: Connection 'list_postgres_analytics' was properly closed.
[0m21:35:33.722614 [debug] [MainThread]: Connection 'model.collieai_analytics.vw_student_skill_mastery' was properly closed.
[0m21:35:33.722774 [debug] [MainThread]: Connection 'model.collieai_analytics.vw_guardrail_summary' was properly closed.
[0m21:35:33.722922 [debug] [MainThread]: Connection 'model.collieai_analytics.vw_parent_child_progress' was properly closed.
[0m21:35:33.723068 [debug] [MainThread]: Connection 'model.collieai_analytics.vw_student_learning_summary' was properly closed.
[0m21:35:33.724273 [debug] [MainThread]: Command end result
[0m21:35:33.806749 [debug] [MainThread]: Wrote artifact WritableManifest to dbt_collieai\target\manifest.json
[0m21:35:33.809856 [debug] [MainThread]: Wrote artifact SemanticManifest to dbt_collieai\target\semantic_manifest.json
[0m21:35:33.841324 [debug] [MainThread]: Wrote artifact OsiDocument to dbt_collieai\target\osi_document.json
[0m21:35:33.848798 [debug] [MainThread]: Wrote artifact RunExecutionResult to dbt_collieai\target\run_results.json
[0m21:35:33.852705 [debug] [MainThread]: Acquiring new postgres connection 'generate_catalog'
[0m21:35:33.853018 [info ] [MainThread]: Building catalog
[0m21:35:33.869188 [debug] [ThreadPool]: Acquiring new postgres connection 'postgres.information_schema'
[0m21:35:33.874518 [debug] [ThreadPool]: Using postgres connection "postgres.information_schema"
[0m21:35:33.874956 [debug] [ThreadPool]: On postgres.information_schema: /* {"app": "dbt", "dbt_version": "1.12.0", "profile_name": "collieai_analytics", "target_name": "dev", "connection_name": "postgres.information_schema"} */

    
    

    select
        'postgres' as table_database,
        sch.nspname as table_schema,
        tbl.relname as table_name,
        case tbl.relkind
            when 'v' then 'VIEW'
            when 'm' then 'MATERIALIZED VIEW'
            else 'BASE TABLE'
        end as table_type,
        tbl_desc.description as table_comment,
        col.attname as column_name,
        col.attnum as column_index,
        pg_catalog.format_type(col.atttypid, col.atttypmod) as column_type,
        col_desc.description as column_comment,
        pg_get_userbyid(tbl.relowner) as table_owner

    from pg_catalog.pg_namespace sch
    join pg_catalog.pg_class tbl on tbl.relnamespace = sch.oid
    join pg_catalog.pg_attribute col on col.attrelid = tbl.oid
    left outer join pg_catalog.pg_description tbl_desc on (tbl_desc.objoid = tbl.oid and tbl_desc.objsubid = 0)
    left outer join pg_catalog.pg_description col_desc on (col_desc.objoid = tbl.oid and col_desc.objsubid = col.attnum)
    where ((upper(sch.nspname) = upper('public') and
           upper(tbl.relname) = upper('avatar_items')) or (upper(sch.nspname) = upper('analytics') and
           upper(tbl.relname) = upper('mv_weekly_skill_mastery')) or (upper(sch.nspname) = upper('public') and
           upper(tbl.relname) = upper('session_states')) or (upper(sch.nspname) = upper('analytics') and
           upper(tbl.relname) = upper('vw_gamification_summary')) or (upper(sch.nspname) = upper('public') and
           upper(tbl.relname) = upper('reward_transactions')) or (upper(sch.nspname) = upper('public') and
           upper(tbl.relname) = upper('student_avatar_items')) or (upper(sch.nspname) = upper('public') and
           upper(tbl.relname) = upper('math_problems')) or (upper(sch.nspname) = upper('public') and
           upper(tbl.relname) = upper('roles')) or (upper(sch.nspname) = upper('analytics') and
           upper(tbl.relname) = upper('vw_student_skill_mastery')) or (upper(sch.nspname) = upper('analytics') and
           upper(tbl.relname) = upper('vw_parent_child_progress')) or (upper(sch.nspname) = upper('analytics') and
           upper(tbl.relname) = upper('mv_daily_student_performance')) or (upper(sch.nspname) = upper('public') and
           upper(tbl.relname) = upper('ml_models')) or (upper(sch.nspname) = upper('public') and
           upper(tbl.relname) = upper('student_inputs')) or (upper(sch.nspname) = upper('public') and
           upper(tbl.relname) = upper('student_skill_predictions')) or (upper(sch.nspname) = upper('public') and
           upper(tbl.relname) = upper('teacher_profiles')) or (upper(sch.nspname) = upper('public') and
           upper(tbl.relname) = upper('avatars')) or (upper(sch.nspname) = upper('public') and
           upper(tbl.relname) = upper('speech_to_text_logs')) or (upper(sch.nspname) = upper('public') and
           upper(tbl.relname) = upper('student_help_events')) or (upper(sch.nspname) = upper('analytics') and
           upper(tbl.relname) = upper('vw_guardrail_summary')) or (upper(sch.nspname) = upper('public') and
           upper(tbl.relname) = upper('attempt_steps')) or (upper(sch.nspname) = upper('public') and
           upper(tbl.relname) = upper('text_to_speech_logs')) or (upper(sch.nspname) = upper('public') and
           upper(tbl.relname) = upper('student_parent_links')) or (upper(sch.nspname) = upper('public') and
           upper(tbl.relname) = upper('api_request_logs')) or (upper(sch.nspname) = upper('public') and
           upper(tbl.relname) = upper('math_skills')) or (upper(sch.nspname) = upper('public') and
           upper(tbl.relname) = upper('student_profiles')) or (upper(sch.nspname) = upper('public') and
           upper(tbl.relname) = upper('n8n_workflow_logs')) or (upper(sch.nspname) = upper('public') and
           upper(tbl.relname) = upper('learning_recommendations')) or (upper(sch.nspname) = upper('public') and
           upper(tbl.relname) = upper('user_auth')) or (upper(sch.nspname) = upper('public') and
           upper(tbl.relname) = upper('ai_messages')) or (upper(sch.nspname) = upper('public') and
           upper(tbl.relname) = upper('parent_profiles')) or (upper(sch.nspname) = upper('public') and
           upper(tbl.relname) = upper('file_assets')) or (upper(sch.nspname) = upper('public') and
           upper(tbl.relname) = upper('ocr_logs')) or (upper(sch.nspname) = upper('analytics') and
           upper(tbl.relname) = upper('mv_topic_failure_patterns')) or (upper(sch.nspname) = upper('public') and
           upper(tbl.relname) = upper('users')) or (upper(sch.nspname) = upper('analytics') and
           upper(tbl.relname) = upper('vw_student_learning_summary')) or (upper(sch.nspname) = upper('public') and
           upper(tbl.relname) = upper('system_prompts')) or (upper(sch.nspname) = upper('public') and
           upper(tbl.relname) = upper('prompt_usage_logs')) or (upper(sch.nspname) = upper('analytics') and
           upper(tbl.relname) = upper('vw_dda_effectiveness')) or (upper(sch.nspname) = upper('public') and
           upper(tbl.relname) = upper('student_teacher_links')) or (upper(sch.nspname) = upper('public') and
           upper(tbl.relname) = upper('ai_sessions')) or (upper(sch.nspname) = upper('public') and
           upper(tbl.relname) = upper('vector_records')) or (upper(sch.nspname) = upper('public') and
           upper(tbl.relname) = upper('student_skill_features')) or (upper(sch.nspname) = upper('public') and
           upper(tbl.relname) = upper('dda_events')) or (upper(sch.nspname) = upper('public') and
           upper(tbl.relname) = upper('show_me_breakdowns')) or (upper(sch.nspname) = upper('public') and
           upper(tbl.relname) = upper('notifications')) or (upper(sch.nspname) = upper('public') and
           upper(tbl.relname) = upper('math_topics')) or (upper(sch.nspname) = upper('public') and
           upper(tbl.relname) = upper('student_attempts')) or (upper(sch.nspname) = upper('public') and
           upper(tbl.relname) = upper('class_sections')) or (upper(sch.nspname) = upper('public') and
           upper(tbl.relname) = upper('difficulty_levels')) or (upper(sch.nspname) = upper('public') and
           upper(tbl.relname) = upper('guardrail_checks')))
      and not pg_is_other_temp_schema(sch.oid) -- not a temporary schema belonging to another session
      and tbl.relpersistence in ('p', 'u') -- [p]ermanent table or [u]nlogged table. Exclude [t]emporary tables
      and tbl.relkind in ('r', 'v', 'f', 'p', 'm') -- o[r]dinary table, [v]iew, [f]oreign table, [p]artitioned table, [m]aterialized view. Other values are [i]ndex, [S]equence, [c]omposite type, [t]OAST table
      and col.attnum > 0 -- negative numbers are used for system columns such as oid
      and not col.attisdropped -- column as not been dropped

    order by
        sch.nspname,
        tbl.relname,
        col.attnum
[0m21:35:33.875349 [debug] [ThreadPool]: Opening a new connection, currently in state init
[0m21:35:34.676630 [debug] [ThreadPool]: SQL status: SELECT 478 in 0.801 seconds
[0m21:35:34.686793 [debug] [ThreadPool]: On postgres.information_schema: ROLLBACK
[0m21:35:34.766499 [debug] [ThreadPool]: On postgres.information_schema: Close
[0m21:35:34.793734 [debug] [MainThread]: Wrote artifact CatalogArtifact to dbt_collieai\target\catalog.json
[0m21:35:34.822168 [debug] [MainThread]: Wrote artifact WritableManifest to dbt_collieai\target\manifest.json
[0m21:35:34.825131 [debug] [MainThread]: Wrote artifact SemanticManifest to dbt_collieai\target\semantic_manifest.json
[0m21:35:34.828630 [debug] [MainThread]: Wrote artifact OsiDocument to dbt_collieai\target\osi_document.json
[0m21:35:34.828925 [info ] [MainThread]: Catalog written to C:\Users\YEN YEN\Desktop\ERD\ERD-Portfolio-Repo\CollieAI_ERD\dbt_collieai\target\catalog.json
[0m21:35:34.830115 [debug] [MainThread]: Command `dbt docs generate` succeeded at 21:35:34.829712 after 3.57 seconds
[0m21:35:34.830752 [debug] [MainThread]: Connection 'generate_catalog' was properly closed.
[0m21:35:34.831282 [debug] [MainThread]: Connection 'postgres.information_schema' was properly closed.
[0m21:35:34.831595 [debug] [MainThread]: Sending event: {'category': 'dbt', 'action': 'invocation', 'label': 'end', 'context': [<snowplow_tracker.self_describing_json.SelfDescribingJson object at 0x0000024055331550>, <snowplow_tracker.self_describing_json.SelfDescribingJson object at 0x0000024055B4BA10>, <snowplow_tracker.self_describing_json.SelfDescribingJson object at 0x0000024055B4BD80>]}
[0m21:35:34.831971 [debug] [MainThread]: Flushing usage events
[0m21:35:35.901228 [debug] [MainThread]: An error was encountered while trying to flush usage events
[0m21:39:08.201848 [debug] [MainThread]: Sending event: {'category': 'dbt', 'action': 'invocation', 'label': 'start', 'context': [<snowplow_tracker.self_describing_json.SelfDescribingJson object at 0x0000024A1BC8D400>, <snowplow_tracker.self_describing_json.SelfDescribingJson object at 0x0000024A18AD51D0>, <snowplow_tracker.self_describing_json.SelfDescribingJson object at 0x0000024A1E42FD90>]}


============================== 21:39:08.206061 | b1c64d73-9509-4173-b26e-6ea429d5b320 ==============================
[0m21:39:08.206061 [info ] [MainThread]: Running with dbt=1.12.0
[0m21:39:08.206642 [debug] [MainThread]: running dbt with arguments {'static_parser': 'True', 'no_print': 'None', 'version_check': 'True', 'warn_error_options': 'WarnErrorOptionsV2(error=[], warn=[], silence=[])', 'target_path': 'None', 'maximum_seed_size_mib': '1', 'printer_width': '80', 'write_json': 'True', 'empty': 'None', 'log_cache_events': 'False', 'introspect': 'True', 'cache_selected_only': 'False', 'fail_fast': 'False', 'debug': 'False', 'log_format': 'default', 'profiles_dir': 'dbt_collieai', 'send_anonymous_usage_stats': 'True', 'quiet': 'False', 'warn_error': 'None', 'partial_parse': 'True', 'invocation_command': 'dbt docs generate --project-dir dbt_collieai --profiles-dir dbt_collieai', 'hints_enabled': 'True', 'use_colors': 'True', 'use_experimental_parser': 'False', 'indirect_selection': 'eager', 'log_path': 'dbt_collieai\\logs'}
[0m21:39:08.364769 [debug] [MainThread]: Sending event: {'category': 'dbt', 'action': 'project_id', 'label': 'b1c64d73-9509-4173-b26e-6ea429d5b320', 'context': [<snowplow_tracker.self_describing_json.SelfDescribingJson object at 0x0000024A1C391810>]}
[0m21:39:08.422679 [debug] [MainThread]: Sending event: {'category': 'dbt', 'action': 'adapter_info', 'label': 'b1c64d73-9509-4173-b26e-6ea429d5b320', 'context': [<snowplow_tracker.self_describing_json.SelfDescribingJson object at 0x0000024A1A1E5BF0>]}
[0m21:39:08.424099 [info ] [MainThread]: Registered adapter: postgres=1.11.0
[0m21:39:08.600965 [debug] [MainThread]: checksum: eee4aa8f446f04cd153f3bb6462f41ca5fe29389c36d13d7747846389170d6ce, vars: {}, profile: lemmaai_analytics, target: dev, version: 1.12.0
[0m21:39:08.739096 [info ] [MainThread]: Unable to do partial parsing because config vars, config profile, or config target have changed
[0m21:39:08.739546 [debug] [MainThread]: previous checksum: eee4aa8f446f04cd153f3bb6462f41ca5fe29389c36d13d7747846389170d6ce, current checksum: 049a10f44362a5524acca9fa854d3fe668203bf39ab99b02e44d835b28230c69
[0m21:39:08.739768 [info ] [MainThread]: Unable to do partial parsing because a project dependency has been added
[0m21:39:08.740000 [debug] [MainThread]: Sending event: {'category': 'dbt', 'action': 'partial_parser', 'label': 'b1c64d73-9509-4173-b26e-6ea429d5b320', 'context': [<snowplow_tracker.self_describing_json.SelfDescribingJson object at 0x0000024A1EAF5450>]}
[0m21:39:09.631408 [error] [MainThread]: [[31mERROR[0m]: Encountered an error:
Compilation Error in model mv_topic_failure_patterns (models\marts\mv_topic_failure_patterns.sql)
  expected token ',', got 'lemma_write'
    line 51
      FROM {{ source('lemma_write', 'student_skill_features') }} AS f
[0m21:39:09.632485 [debug] [MainThread]: Command `dbt docs generate` failed at 21:39:09.632178 after 1.59 seconds
[0m21:39:09.632842 [debug] [MainThread]: Sending event: {'category': 'dbt', 'action': 'invocation', 'label': 'end', 'context': [<snowplow_tracker.self_describing_json.SelfDescribingJson object at 0x0000024A1EBA57C0>, <snowplow_tracker.self_describing_json.SelfDescribingJson object at 0x0000024A1EBA72F0>, <snowplow_tracker.self_describing_json.SelfDescribingJson object at 0x0000024A1E3B7E70>]}
[0m21:39:09.633202 [debug] [MainThread]: Flushing usage events
[0m21:39:10.962307 [debug] [MainThread]: An error was encountered while trying to flush usage events
[0m21:39:59.622793 [debug] [MainThread]: Sending event: {'category': 'dbt', 'action': 'invocation', 'label': 'start', 'context': [<snowplow_tracker.self_describing_json.SelfDescribingJson object at 0x000001F876C0D400>, <snowplow_tracker.self_describing_json.SelfDescribingJson object at 0x000001F87935FED0>, <snowplow_tracker.self_describing_json.SelfDescribingJson object at 0x000001F87935FC50>]}


============================== 21:39:59.627280 | 93c6b8f3-1e8a-4eec-a0af-6fff62360726 ==============================
[0m21:39:59.627280 [info ] [MainThread]: Running with dbt=1.12.0
[0m21:39:59.627761 [debug] [MainThread]: running dbt with arguments {'static_parser': 'True', 'no_print': 'None', 'version_check': 'True', 'target_path': 'None', 'maximum_seed_size_mib': '1', 'warn_error_options': 'WarnErrorOptionsV2(error=[], warn=[], silence=[])', 'printer_width': '80', 'write_json': 'True', 'introspect': 'True', 'log_cache_events': 'False', 'empty': 'None', 'cache_selected_only': 'False', 'log_format': 'default', 'debug': 'False', 'fail_fast': 'False', 'profiles_dir': 'dbt_collieai', 'send_anonymous_usage_stats': 'True', 'quiet': 'False', 'warn_error': 'None', 'partial_parse': 'False', 'invocation_command': 'dbt parse --no-partial-parse --project-dir dbt_collieai --profiles-dir dbt_collieai', 'hints_enabled': 'True', 'use_colors': 'True', 'use_experimental_parser': 'False', 'indirect_selection': 'eager', 'log_path': 'dbt_collieai\\logs'}
[0m21:39:59.791191 [debug] [MainThread]: Sending event: {'category': 'dbt', 'action': 'project_id', 'label': '93c6b8f3-1e8a-4eec-a0af-6fff62360726', 'context': [<snowplow_tracker.self_describing_json.SelfDescribingJson object at 0x000001F877321810>]}
[0m21:39:59.851941 [debug] [MainThread]: Sending event: {'category': 'dbt', 'action': 'adapter_info', 'label': '93c6b8f3-1e8a-4eec-a0af-6fff62360726', 'context': [<snowplow_tracker.self_describing_json.SelfDescribingJson object at 0x000001F879423460>]}
[0m21:39:59.853324 [info ] [MainThread]: Registered adapter: postgres=1.11.0
[0m21:40:00.011302 [debug] [MainThread]: checksum: eee4aa8f446f04cd153f3bb6462f41ca5fe29389c36d13d7747846389170d6ce, vars: {}, profile: lemmaai_analytics, target: dev, version: 1.12.0
[0m21:40:00.012140 [debug] [MainThread]: Partial parsing not enabled
[0m21:40:01.217861 [error] [MainThread]: [[31mERROR[0m]: Encountered an error:
Compilation Error in model mv_topic_failure_patterns (models\marts\mv_topic_failure_patterns.sql)
  expected token ',', got 'lemma_write'
    line 51
      FROM {{ source('lemma_write', 'student_skill_features') }} AS f
[0m21:40:01.218974 [debug] [MainThread]: Command `dbt parse` failed at 21:40:01.218694 after 1.75 seconds
[0m21:40:01.219328 [debug] [MainThread]: Sending event: {'category': 'dbt', 'action': 'invocation', 'label': 'end', 'context': [<snowplow_tracker.self_describing_json.SelfDescribingJson object at 0x000001F879966A50>, <snowplow_tracker.self_describing_json.SelfDescribingJson object at 0x000001F879966B50>, <snowplow_tracker.self_describing_json.SelfDescribingJson object at 0x000001F8799794F0>]}
[0m21:40:01.219677 [debug] [MainThread]: Flushing usage events
[0m21:40:02.481800 [debug] [MainThread]: An error was encountered while trying to flush usage events
[0m21:40:40.109930 [debug] [MainThread]: Sending event: {'category': 'dbt', 'action': 'invocation', 'label': 'start', 'context': [<snowplow_tracker.self_describing_json.SelfDescribingJson object at 0x00000206349ED400>, <snowplow_tracker.self_describing_json.SelfDescribingJson object at 0x000002063714FED0>, <snowplow_tracker.self_describing_json.SelfDescribingJson object at 0x000002063714FC50>]}


============================== 21:40:40.114601 | f32e852d-eb89-4ebd-8ce0-082a2d3cff8c ==============================
[0m21:40:40.114601 [info ] [MainThread]: Running with dbt=1.12.0
[0m21:40:40.115165 [debug] [MainThread]: running dbt with arguments {'version_check': 'True', 'no_print': 'None', 'maximum_seed_size_mib': '1', 'warn_error_options': 'WarnErrorOptionsV2(error=[], warn=[], silence=[])', 'static_parser': 'True', 'target_path': 'None', 'printer_width': '80', 'write_json': 'True', 'empty': 'None', 'log_cache_events': 'False', 'introspect': 'True', 'cache_selected_only': 'False', 'fail_fast': 'False', 'debug': 'False', 'log_format': 'default', 'profiles_dir': 'dbt_collieai', 'send_anonymous_usage_stats': 'True', 'quiet': 'False', 'warn_error': 'None', 'partial_parse': 'False', 'use_colors': 'True', 'hints_enabled': 'True', 'indirect_selection': 'eager', 'use_experimental_parser': 'False', 'invocation_command': 'dbt parse --no-partial-parse --project-dir dbt_collieai --profiles-dir dbt_collieai', 'log_path': 'dbt_collieai\\logs'}
[0m21:40:40.306956 [debug] [MainThread]: Sending event: {'category': 'dbt', 'action': 'project_id', 'label': 'f32e852d-eb89-4ebd-8ce0-082a2d3cff8c', 'context': [<snowplow_tracker.self_describing_json.SelfDescribingJson object at 0x0000020635101810>]}
[0m21:40:40.388281 [debug] [MainThread]: Sending event: {'category': 'dbt', 'action': 'adapter_info', 'label': 'f32e852d-eb89-4ebd-8ce0-082a2d3cff8c', 'context': [<snowplow_tracker.self_describing_json.SelfDescribingJson object at 0x0000020637213460>]}
[0m21:40:40.389880 [info ] [MainThread]: Registered adapter: postgres=1.11.0
[0m21:40:40.641276 [debug] [MainThread]: checksum: eee4aa8f446f04cd153f3bb6462f41ca5fe29389c36d13d7747846389170d6ce, vars: {}, profile: lemmaai_analytics, target: dev, version: 1.12.0
[0m21:40:40.642439 [debug] [MainThread]: Partial parsing not enabled
[0m21:40:42.613110 [error] [MainThread]: [[31mERROR[0m]: Encountered an error:
Compilation Error in model mv_topic_failure_patterns (models\marts\mv_topic_failure_patterns.sql)
  expected token ',', got 'lemma'
    line 51
      FROM {{ source('lemma', 'student_skill_features') }} AS f
[0m21:40:42.613878 [debug] [MainThread]: Command `dbt parse` failed at 21:40:42.613762 after 2.71 seconds
[0m21:40:42.614182 [debug] [MainThread]: Sending event: {'category': 'dbt', 'action': 'invocation', 'label': 'end', 'context': [<snowplow_tracker.self_describing_json.SelfDescribingJson object at 0x00000206377B6A50>, <snowplow_tracker.self_describing_json.SelfDescribingJson object at 0x00000206377B6B50>, <snowplow_tracker.self_describing_json.SelfDescribingJson object at 0x00000206377C54F0>]}
[0m21:40:42.614588 [debug] [MainThread]: Flushing usage events
[0m21:40:44.931794 [debug] [MainThread]: An error was encountered while trying to flush usage events
[0m21:46:57.710789 [debug] [MainThread]: Sending event: {'category': 'dbt', 'action': 'invocation', 'label': 'start', 'context': [<snowplow_tracker.self_describing_json.SelfDescribingJson object at 0x000001DA7B739160>, <snowplow_tracker.self_describing_json.SelfDescribingJson object at 0x000001DA7DEA7D90>, <snowplow_tracker.self_describing_json.SelfDescribingJson object at 0x000001DA7DEA7610>]}


============================== 21:46:57.714750 | 7d2c55e6-fdc0-4b2e-b959-f905d0c5f69f ==============================
[0m21:46:57.714750 [info ] [MainThread]: Running with dbt=1.12.0
[0m21:46:57.715327 [debug] [MainThread]: running dbt with arguments {'maximum_seed_size_mib': '1', 'no_print': 'None', 'version_check': 'True', 'target_path': 'None', 'static_parser': 'True', 'warn_error_options': 'WarnErrorOptionsV2(error=[], warn=[], silence=[])', 'printer_width': '80', 'write_json': 'True', 'empty': 'False', 'log_cache_events': 'False', 'introspect': 'True', 'cache_selected_only': 'False', 'fail_fast': 'False', 'debug': 'False', 'log_format': 'default', 'partial_parse': 'True', 'send_anonymous_usage_stats': 'True', 'quiet': 'False', 'warn_error': 'None', 'profiles_dir': 'dbt_collieai', 'invocation_command': 'dbt run --project-dir dbt_collieai --profiles-dir dbt_collieai', 'hints_enabled': 'True', 'use_colors': 'True', 'use_experimental_parser': 'False', 'indirect_selection': 'eager', 'log_path': 'dbt_collieai\\logs'}
[0m21:46:58.213700 [debug] [MainThread]: Sending event: {'category': 'dbt', 'action': 'project_id', 'label': '7d2c55e6-fdc0-4b2e-b959-f905d0c5f69f', 'context': [<snowplow_tracker.self_describing_json.SelfDescribingJson object at 0x000001DA7BE11810>]}
[0m21:46:58.265882 [debug] [MainThread]: Sending event: {'category': 'dbt', 'action': 'adapter_info', 'label': '7d2c55e6-fdc0-4b2e-b959-f905d0c5f69f', 'context': [<snowplow_tracker.self_describing_json.SelfDescribingJson object at 0x000001DA79C65BF0>]}
[0m21:46:58.267227 [info ] [MainThread]: Registered adapter: postgres=1.11.0
[0m21:46:58.704115 [debug] [MainThread]: checksum: eee4aa8f446f04cd153f3bb6462f41ca5fe29389c36d13d7747846389170d6ce, vars: {}, profile: lemmaai_analytics, target: dev, version: 1.12.0
[0m21:46:58.846648 [info ] [MainThread]: Unable to do partial parsing because config vars, config profile, or config target have changed
[0m21:46:58.847627 [debug] [MainThread]: previous checksum: eee4aa8f446f04cd153f3bb6462f41ca5fe29389c36d13d7747846389170d6ce, current checksum: 049a10f44362a5524acca9fa854d3fe668203bf39ab99b02e44d835b28230c69
[0m21:46:58.847831 [info ] [MainThread]: Unable to do partial parsing because a project dependency has been added
[0m21:46:58.848377 [debug] [MainThread]: Sending event: {'category': 'dbt', 'action': 'partial_parser', 'label': '7d2c55e6-fdc0-4b2e-b959-f905d0c5f69f', 'context': [<snowplow_tracker.self_describing_json.SelfDescribingJson object at 0x000001DA7E5C1450>]}
[0m21:47:00.664781 [error] [MainThread]: [[31mERROR[0m]: Encountered an error:
Compilation Error in model mv_topic_failure_patterns (models\marts\mv_topic_failure_patterns.sql)
  expected token ',', got 'collie_write'
    line 51
      FROM {{ source('collie_write', 'student_skill_features') }} AS f
[0m21:47:00.666173 [debug] [MainThread]: Command `dbt run` failed at 21:47:00.665962 after 3.13 seconds
[0m21:47:00.666735 [debug] [MainThread]: Sending event: {'category': 'dbt', 'action': 'invocation', 'label': 'end', 'context': [<snowplow_tracker.self_describing_json.SelfDescribingJson object at 0x000001DA7E63FE30>, <snowplow_tracker.self_describing_json.SelfDescribingJson object at 0x000001DA7E63F3E0>, <snowplow_tracker.self_describing_json.SelfDescribingJson object at 0x000001DA7DE33E70>]}
[0m21:47:00.667068 [debug] [MainThread]: Flushing usage events
[0m21:47:01.863567 [debug] [MainThread]: An error was encountered while trying to flush usage events
[0m21:47:04.201769 [debug] [MainThread]: Sending event: {'category': 'dbt', 'action': 'invocation', 'label': 'start', 'context': [<snowplow_tracker.self_describing_json.SelfDescribingJson object at 0x00000217C254D160>, <snowplow_tracker.self_describing_json.SelfDescribingJson object at 0x00000217C4CBFED0>, <snowplow_tracker.self_describing_json.SelfDescribingJson object at 0x00000217C4CBF890>]}


============================== 21:47:04.209880 | ae49496a-0fc4-4690-a364-9eaa375c41dc ==============================
[0m21:47:04.209880 [info ] [MainThread]: Running with dbt=1.12.0
[0m21:47:04.210992 [debug] [MainThread]: running dbt with arguments {'version_check': 'True', 'no_print': 'None', 'maximum_seed_size_mib': '1', 'target_path': 'None', 'warn_error_options': 'WarnErrorOptionsV2(error=[], warn=[], silence=[])', 'static_parser': 'True', 'printer_width': '80', 'write_json': 'True', 'introspect': 'True', 'log_cache_events': 'False', 'empty': 'None', 'cache_selected_only': 'False', 'fail_fast': 'False', 'debug': 'False', 'log_format': 'default', 'partial_parse': 'True', 'send_anonymous_usage_stats': 'True', 'quiet': 'False', 'warn_error': 'None', 'profiles_dir': 'dbt_collieai', 'use_colors': 'True', 'hints_enabled': 'True', 'indirect_selection': 'eager', 'use_experimental_parser': 'False', 'invocation_command': 'dbt docs generate --project-dir dbt_collieai --profiles-dir dbt_collieai', 'log_path': 'dbt_collieai\\logs'}
[0m21:47:04.355337 [debug] [MainThread]: Sending event: {'category': 'dbt', 'action': 'project_id', 'label': 'ae49496a-0fc4-4690-a364-9eaa375c41dc', 'context': [<snowplow_tracker.self_describing_json.SelfDescribingJson object at 0x00000217C2C21810>]}
[0m21:47:04.407113 [debug] [MainThread]: Sending event: {'category': 'dbt', 'action': 'adapter_info', 'label': 'ae49496a-0fc4-4690-a364-9eaa375c41dc', 'context': [<snowplow_tracker.self_describing_json.SelfDescribingJson object at 0x00000217C0A75BF0>]}
[0m21:47:04.408403 [info ] [MainThread]: Registered adapter: postgres=1.11.0
[0m21:47:04.561558 [debug] [MainThread]: checksum: eee4aa8f446f04cd153f3bb6462f41ca5fe29389c36d13d7747846389170d6ce, vars: {}, profile: lemmaai_analytics, target: dev, version: 1.12.0
[0m21:47:04.690666 [info ] [MainThread]: Unable to do partial parsing because config vars, config profile, or config target have changed
[0m21:47:04.691309 [debug] [MainThread]: previous checksum: eee4aa8f446f04cd153f3bb6462f41ca5fe29389c36d13d7747846389170d6ce, current checksum: 049a10f44362a5524acca9fa854d3fe668203bf39ab99b02e44d835b28230c69
[0m21:47:04.691551 [info ] [MainThread]: Unable to do partial parsing because a project dependency has been added
[0m21:47:04.691942 [debug] [MainThread]: Sending event: {'category': 'dbt', 'action': 'partial_parser', 'label': 'ae49496a-0fc4-4690-a364-9eaa375c41dc', 'context': [<snowplow_tracker.self_describing_json.SelfDescribingJson object at 0x00000217C5401450>]}
[0m21:47:06.240192 [error] [MainThread]: [[31mERROR[0m]: Encountered an error:
Compilation Error in model mv_topic_failure_patterns (models\marts\mv_topic_failure_patterns.sql)
  expected token ',', got 'collie_write'
    line 51
      FROM {{ source('collie_write', 'student_skill_features') }} AS f
[0m21:47:06.244374 [debug] [MainThread]: Command `dbt docs generate` failed at 21:47:06.243982 after 2.18 seconds
[0m21:47:06.245265 [debug] [MainThread]: Sending event: {'category': 'dbt', 'action': 'invocation', 'label': 'end', 'context': [<snowplow_tracker.self_describing_json.SelfDescribingJson object at 0x00000217C54B57C0>, <snowplow_tracker.self_describing_json.SelfDescribingJson object at 0x00000217C54B72F0>, <snowplow_tracker.self_describing_json.SelfDescribingJson object at 0x00000217C4C43E70>]}
[0m21:47:06.246232 [debug] [MainThread]: Flushing usage events
[0m21:47:07.611227 [debug] [MainThread]: An error was encountered while trying to flush usage events
[0m21:47:10.345132 [debug] [MainThread]: Sending event: {'category': 'dbt', 'action': 'invocation', 'label': 'start', 'context': [<snowplow_tracker.self_describing_json.SelfDescribingJson object at 0x0000018B39F3D160>, <snowplow_tracker.self_describing_json.SelfDescribingJson object at 0x0000018B3C66BED0>, <snowplow_tracker.self_describing_json.SelfDescribingJson object at 0x0000018B3C66B890>]}


============================== 21:47:10.350043 | 7399ed24-0192-49bf-99bc-a0c5210fcdb5 ==============================
[0m21:47:10.350043 [info ] [MainThread]: Running with dbt=1.12.0
[0m21:47:10.350770 [debug] [MainThread]: running dbt with arguments {'version_check': 'True', 'no_print': 'None', 'maximum_seed_size_mib': '1', 'warn_error_options': 'WarnErrorOptionsV2(error=[], warn=[], silence=[])', 'target_path': 'None', 'static_parser': 'True', 'printer_width': '80', 'write_json': 'True', 'introspect': 'True', 'log_cache_events': 'False', 'empty': 'None', 'cache_selected_only': 'False', 'log_format': 'default', 'debug': 'False', 'fail_fast': 'False', 'profiles_dir': 'dbt_collieai', 'send_anonymous_usage_stats': 'True', 'quiet': 'False', 'warn_error': 'None', 'partial_parse': 'True', 'invocation_command': 'dbt docs serve --project-dir dbt_collieai --profiles-dir dbt_collieai --host 127.0.0.1 --port 8080', 'hints_enabled': 'True', 'use_colors': 'True', 'use_experimental_parser': 'False', 'indirect_selection': 'eager', 'log_path': 'dbt_collieai\\logs'}
[0m21:47:10.505997 [debug] [MainThread]: Sending event: {'category': 'dbt', 'action': 'project_id', 'label': '7399ed24-0192-49bf-99bc-a0c5210fcdb5', 'context': [<snowplow_tracker.self_describing_json.SelfDescribingJson object at 0x0000018B3A621810>]}
[0m21:47:10.562757 [debug] [MainThread]: Sending event: {'category': 'dbt', 'action': 'adapter_info', 'label': '7399ed24-0192-49bf-99bc-a0c5210fcdb5', 'context': [<snowplow_tracker.self_describing_json.SelfDescribingJson object at 0x0000018B3C733570>]}
[0m21:47:10.975865 [error] [MainThread]: [[31mERROR[0m]: Encountered an error:
[WinError 10048] Only one usage of each socket address (protocol/network address/port) is normally permitted
[0m21:47:11.008290 [error] [MainThread]: Traceback (most recent call last):
  File "C:\Users\YEN YEN\Desktop\ERD\ERD-Portfolio-Repo\CollieAI_ERD\.venv\Lib\site-packages\dbt\cli\requires.py", line 190, in wrapper
    result, success = func(*args, **kwargs)
                      ~~~~^^^^^^^^^^^^^^^^^
  File "C:\Users\YEN YEN\Desktop\ERD\ERD-Portfolio-Repo\CollieAI_ERD\.venv\Lib\site-packages\dbt\cli\requires.py", line 136, in wrapper
    return func(*args, **kwargs)
  File "C:\Users\YEN YEN\Desktop\ERD\ERD-Portfolio-Repo\CollieAI_ERD\.venv\Lib\site-packages\dbt\cli\requires.py", line 287, in wrapper
    return func(*args, **kwargs)
  File "C:\Users\YEN YEN\Desktop\ERD\ERD-Portfolio-Repo\CollieAI_ERD\.venv\Lib\site-packages\dbt\cli\requires.py", line 332, in wrapper
    return func(*args, **kwargs)
  File "C:\Users\YEN YEN\Desktop\ERD\ERD-Portfolio-Repo\CollieAI_ERD\.venv\Lib\site-packages\dbt\cli\requires.py", line 379, in wrapper
    return func(*args, **kwargs)
  File "C:\Users\YEN YEN\Desktop\ERD\ERD-Portfolio-Repo\CollieAI_ERD\.venv\Lib\site-packages\dbt\cli\main.py", line 322, in docs_serve
    results = task.run()
  File "C:\Users\YEN YEN\Desktop\ERD\ERD-Portfolio-Repo\CollieAI_ERD\.venv\Lib\site-packages\dbt\task\docs\serve.py", line 24, in run
    with socketserver.TCPServer((host, port), SimpleHTTPRequestHandler) as httpd:
         ~~~~~~~~~~~~~~~~~~~~~~^^^^^^^^^^^^^^^^^^^^^^^^^^^^^^^^^^^^^^^^
  File "C:\Users\YEN YEN\AppData\Local\Programs\Python\Python313\Lib\socketserver.py", line 457, in __init__
    self.server_bind()
    ~~~~~~~~~~~~~~~~^^
  File "C:\Users\YEN YEN\AppData\Local\Programs\Python\Python313\Lib\socketserver.py", line 478, in server_bind
    self.socket.bind(self.server_address)
    ~~~~~~~~~~~~~~~~^^^^^^^^^^^^^^^^^^^^^
OSError: [WinError 10048] Only one usage of each socket address (protocol/network address/port) is normally permitted

[0m21:47:11.009669 [debug] [MainThread]: Command `dbt docs serve` failed at 21:47:11.009528 after 0.83 seconds
[0m21:47:11.010087 [debug] [MainThread]: Sending event: {'category': 'dbt', 'action': 'invocation', 'label': 'end', 'context': [<snowplow_tracker.self_describing_json.SelfDescribingJson object at 0x0000018B3CA96750>, <snowplow_tracker.self_describing_json.SelfDescribingJson object at 0x0000018B3CA96850>, <snowplow_tracker.self_describing_json.SelfDescribingJson object at 0x0000018B3CAC95E0>]}
[0m21:47:11.010601 [debug] [MainThread]: Flushing usage events
[0m21:47:12.479183 [debug] [MainThread]: An error was encountered while trying to flush usage events
[0m21:49:03.762509 [debug] [MainThread]: Sending event: {'category': 'dbt', 'action': 'invocation', 'label': 'start', 'context': [<snowplow_tracker.self_describing_json.SelfDescribingJson object at 0x00000198D696D400>, <snowplow_tracker.self_describing_json.SelfDescribingJson object at 0x00000198D90BFED0>, <snowplow_tracker.self_describing_json.SelfDescribingJson object at 0x00000198D90BFC50>]}


============================== 21:49:03.767107 | e7c08f97-6fb1-4402-b3e2-d39d5263890b ==============================
[0m21:49:03.767107 [info ] [MainThread]: Running with dbt=1.12.0
[0m21:49:03.767602 [debug] [MainThread]: running dbt with arguments {'static_parser': 'True', 'no_print': 'None', 'version_check': 'True', 'target_path': 'None', 'maximum_seed_size_mib': '1', 'warn_error_options': 'WarnErrorOptionsV2(error=[], warn=[], silence=[])', 'printer_width': '80', 'write_json': 'True', 'empty': 'None', 'log_cache_events': 'False', 'introspect': 'True', 'cache_selected_only': 'False', 'log_format': 'default', 'debug': 'False', 'fail_fast': 'False', 'profiles_dir': 'dbt_collieai', 'send_anonymous_usage_stats': 'True', 'quiet': 'False', 'warn_error': 'None', 'partial_parse': 'False', 'invocation_command': 'dbt parse --no-partial-parse --project-dir dbt_collieai --profiles-dir dbt_collieai', 'hints_enabled': 'True', 'use_colors': 'True', 'use_experimental_parser': 'False', 'indirect_selection': 'eager', 'log_path': 'dbt_collieai\\logs'}
[0m21:49:03.963486 [debug] [MainThread]: Sending event: {'category': 'dbt', 'action': 'project_id', 'label': 'e7c08f97-6fb1-4402-b3e2-d39d5263890b', 'context': [<snowplow_tracker.self_describing_json.SelfDescribingJson object at 0x00000198D7081810>]}
[0m21:49:04.040911 [debug] [MainThread]: Sending event: {'category': 'dbt', 'action': 'adapter_info', 'label': 'e7c08f97-6fb1-4402-b3e2-d39d5263890b', 'context': [<snowplow_tracker.self_describing_json.SelfDescribingJson object at 0x00000198D9183460>]}
[0m21:49:04.043131 [info ] [MainThread]: Registered adapter: postgres=1.11.0
[0m21:49:04.246559 [debug] [MainThread]: checksum: eee4aa8f446f04cd153f3bb6462f41ca5fe29389c36d13d7747846389170d6ce, vars: {}, profile: lemmaai_analytics, target: dev, version: 1.12.0
[0m21:49:04.247916 [debug] [MainThread]: Partial parsing not enabled
[0m21:49:05.983897 [debug] [MainThread]: Sending event: {'category': 'dbt', 'action': 'load_project', 'label': 'e7c08f97-6fb1-4402-b3e2-d39d5263890b', 'context': [<snowplow_tracker.self_describing_json.SelfDescribingJson object at 0x00000198D96D7850>]}
[0m21:49:05.990888 [info ] [MainThread]: Performance info: dbt_collieai\target\perf_info.json
[0m21:49:06.112568 [debug] [MainThread]: Wrote artifact WritableManifest to dbt_collieai\target\manifest.json
[0m21:49:06.141200 [debug] [MainThread]: Wrote artifact SemanticManifest to dbt_collieai\target\semantic_manifest.json
[0m21:49:06.178813 [debug] [MainThread]: Wrote artifact OsiDocument to dbt_collieai\target\osi_document.json
[0m21:49:06.180208 [debug] [MainThread]: Command `dbt parse` succeeded at 21:49:06.179904 after 2.60 seconds
[0m21:49:06.180854 [debug] [MainThread]: Sending event: {'category': 'dbt', 'action': 'invocation', 'label': 'end', 'context': [<snowplow_tracker.self_describing_json.SelfDescribingJson object at 0x00000198D90C2300>, <snowplow_tracker.self_describing_json.SelfDescribingJson object at 0x00000198D90C1130>, <snowplow_tracker.self_describing_json.SelfDescribingJson object at 0x00000198D8F87E70>]}
[0m21:49:06.181419 [debug] [MainThread]: Flushing usage events
[0m21:49:07.467453 [debug] [MainThread]: An error was encountered while trying to flush usage events
[0m21:51:45.056290 [debug] [MainThread]: Sending event: {'category': 'dbt', 'action': 'invocation', 'label': 'start', 'context': [<snowplow_tracker.self_describing_json.SelfDescribingJson object at 0x0000021BFC94D400>, <snowplow_tracker.self_describing_json.SelfDescribingJson object at 0x0000021BFF09FED0>, <snowplow_tracker.self_describing_json.SelfDescribingJson object at 0x0000021BFF09FC50>]}


============================== 21:51:45.060786 | f08c5f12-83bb-4d57-a112-60101dbd4cf5 ==============================
[0m21:51:45.060786 [info ] [MainThread]: Running with dbt=1.12.0
[0m21:51:45.061283 [debug] [MainThread]: running dbt with arguments {'static_parser': 'True', 'no_print': 'None', 'version_check': 'True', 'target_path': 'None', 'warn_error_options': 'WarnErrorOptionsV2(error=[], warn=[], silence=[])', 'maximum_seed_size_mib': '1', 'printer_width': '80', 'write_json': 'True', 'introspect': 'True', 'log_cache_events': 'False', 'empty': 'None', 'cache_selected_only': 'False', 'log_format': 'default', 'debug': 'False', 'fail_fast': 'False', 'partial_parse': 'False', 'send_anonymous_usage_stats': 'True', 'quiet': 'False', 'warn_error': 'None', 'profiles_dir': 'dbt_collieai', 'indirect_selection': 'eager', 'hints_enabled': 'True', 'invocation_command': 'dbt parse --no-partial-parse --project-dir dbt_collieai --profiles-dir dbt_collieai', 'use_experimental_parser': 'False', 'use_colors': 'True', 'log_path': 'dbt_collieai\\logs'}
[0m21:51:45.291971 [debug] [MainThread]: Sending event: {'category': 'dbt', 'action': 'project_id', 'label': 'f08c5f12-83bb-4d57-a112-60101dbd4cf5', 'context': [<snowplow_tracker.self_describing_json.SelfDescribingJson object at 0x0000021BFD051810>]}
[0m21:51:45.371285 [debug] [MainThread]: Sending event: {'category': 'dbt', 'action': 'adapter_info', 'label': 'f08c5f12-83bb-4d57-a112-60101dbd4cf5', 'context': [<snowplow_tracker.self_describing_json.SelfDescribingJson object at 0x0000021BFF163460>]}
[0m21:51:45.373074 [info ] [MainThread]: Registered adapter: postgres=1.11.0
[0m21:51:45.563726 [debug] [MainThread]: checksum: eee4aa8f446f04cd153f3bb6462f41ca5fe29389c36d13d7747846389170d6ce, vars: {}, profile: lemmaai_analytics, target: dev, version: 1.12.0
[0m21:51:45.565208 [debug] [MainThread]: Partial parsing not enabled
[0m21:51:46.740550 [debug] [MainThread]: Sending event: {'category': 'dbt', 'action': 'load_project', 'label': 'f08c5f12-83bb-4d57-a112-60101dbd4cf5', 'context': [<snowplow_tracker.self_describing_json.SelfDescribingJson object at 0x0000021BFF677850>]}
[0m21:51:46.746111 [info ] [MainThread]: Performance info: dbt_collieai\target\perf_info.json
[0m21:51:46.838479 [debug] [MainThread]: Wrote artifact WritableManifest to dbt_collieai\target\manifest.json
[0m21:51:46.841487 [debug] [MainThread]: Wrote artifact SemanticManifest to dbt_collieai\target\semantic_manifest.json
[0m21:51:46.873630 [debug] [MainThread]: Wrote artifact OsiDocument to dbt_collieai\target\osi_document.json
[0m21:51:46.874847 [debug] [MainThread]: Command `dbt parse` succeeded at 21:51:46.874634 after 1.99 seconds
[0m21:51:46.875212 [debug] [MainThread]: Sending event: {'category': 'dbt', 'action': 'invocation', 'label': 'end', 'context': [<snowplow_tracker.self_describing_json.SelfDescribingJson object at 0x0000021BFF0A2300>, <snowplow_tracker.self_describing_json.SelfDescribingJson object at 0x0000021BFF0A1130>, <snowplow_tracker.self_describing_json.SelfDescribingJson object at 0x0000021BFEF67E70>]}
[0m21:51:46.875493 [debug] [MainThread]: Flushing usage events
[0m21:51:47.972534 [debug] [MainThread]: An error was encountered while trying to flush usage events
[0m21:54:14.003471 [debug] [MainThread]: Sending event: {'category': 'dbt', 'action': 'invocation', 'label': 'start', 'context': [<snowplow_tracker.self_describing_json.SelfDescribingJson object at 0x0000029644C79160>, <snowplow_tracker.self_describing_json.SelfDescribingJson object at 0x00000296473FBD90>, <snowplow_tracker.self_describing_json.SelfDescribingJson object at 0x00000296473FB610>]}


============================== 21:54:14.007581 | 4958d675-9eb3-42e6-92ab-9f31555cf78e ==============================
[0m21:54:14.007581 [info ] [MainThread]: Running with dbt=1.12.0
[0m21:54:14.008380 [debug] [MainThread]: running dbt with arguments {'maximum_seed_size_mib': '1', 'no_print': 'None', 'static_parser': 'True', 'target_path': 'None', 'version_check': 'True', 'warn_error_options': 'WarnErrorOptionsV2(error=[], warn=[], silence=[])', 'printer_width': '80', 'write_json': 'True', 'empty': 'False', 'log_cache_events': 'False', 'introspect': 'True', 'cache_selected_only': 'False', 'log_format': 'default', 'debug': 'False', 'fail_fast': 'False', 'partial_parse': 'True', 'send_anonymous_usage_stats': 'True', 'quiet': 'False', 'warn_error': 'None', 'profiles_dir': 'dbt_collieai', 'indirect_selection': 'eager', 'hints_enabled': 'True', 'invocation_command': 'dbt run --project-dir dbt_collieai --profiles-dir dbt_collieai', 'use_experimental_parser': 'False', 'use_colors': 'True', 'log_path': 'dbt_collieai\\logs'}
[0m21:54:14.166279 [debug] [MainThread]: Sending event: {'category': 'dbt', 'action': 'project_id', 'label': '4958d675-9eb3-42e6-92ab-9f31555cf78e', 'context': [<snowplow_tracker.self_describing_json.SelfDescribingJson object at 0x0000029645361810>]}
[0m21:54:14.227246 [debug] [MainThread]: Sending event: {'category': 'dbt', 'action': 'adapter_info', 'label': '4958d675-9eb3-42e6-92ab-9f31555cf78e', 'context': [<snowplow_tracker.self_describing_json.SelfDescribingJson object at 0x00000296431A1BF0>]}
[0m21:54:14.228559 [info ] [MainThread]: Registered adapter: postgres=1.11.0
[0m21:54:14.404486 [debug] [MainThread]: checksum: eee4aa8f446f04cd153f3bb6462f41ca5fe29389c36d13d7747846389170d6ce, vars: {}, profile: lemmaai_analytics, target: dev, version: 1.12.0
[0m21:54:14.559332 [info ] [MainThread]: Unable to do partial parsing because profile has changed
[0m21:54:14.559967 [debug] [MainThread]: Sending event: {'category': 'dbt', 'action': 'partial_parser', 'label': '4958d675-9eb3-42e6-92ab-9f31555cf78e', 'context': [<snowplow_tracker.self_describing_json.SelfDescribingJson object at 0x0000029647B05450>]}
[0m21:54:15.332375 [error] [MainThread]: [[31mERROR[0m]: Encountered an error:
Compilation Error
  Model 'model.lemmaai_analytics.mv_daily_student_performance' (models\marts\mv_daily_student_performance.sql) depends on a source named 'lemma_write.ai_sessions' which was not found
[0m21:54:15.333433 [debug] [MainThread]: Command `dbt run` failed at 21:54:15.333301 after 1.47 seconds
[0m21:54:15.333719 [debug] [MainThread]: Sending event: {'category': 'dbt', 'action': 'invocation', 'label': 'end', 'context': [<snowplow_tracker.self_describing_json.SelfDescribingJson object at 0x0000029647B798B0>, <snowplow_tracker.self_describing_json.SelfDescribingJson object at 0x0000029647A7AC60>, <snowplow_tracker.self_describing_json.SelfDescribingJson object at 0x0000029647383E70>]}
[0m21:54:15.334041 [debug] [MainThread]: Flushing usage events
[0m21:54:16.404560 [debug] [MainThread]: An error was encountered while trying to flush usage events
[0m21:54:18.798986 [debug] [MainThread]: Sending event: {'category': 'dbt', 'action': 'invocation', 'label': 'start', 'context': [<snowplow_tracker.self_describing_json.SelfDescribingJson object at 0x00000228F57ED160>, <snowplow_tracker.self_describing_json.SelfDescribingJson object at 0x00000228F7F6FED0>, <snowplow_tracker.self_describing_json.SelfDescribingJson object at 0x00000228F7F6F890>]}


============================== 21:54:18.803195 | dc868c5e-1afe-4edb-a23c-e2651a38d23b ==============================
[0m21:54:18.803195 [info ] [MainThread]: Running with dbt=1.12.0
[0m21:54:18.803783 [debug] [MainThread]: running dbt with arguments {'maximum_seed_size_mib': '1', 'no_print': 'None', 'version_check': 'True', 'warn_error_options': 'WarnErrorOptionsV2(error=[], warn=[], silence=[])', 'target_path': 'None', 'static_parser': 'True', 'printer_width': '80', 'write_json': 'True', 'introspect': 'True', 'log_cache_events': 'False', 'empty': 'None', 'cache_selected_only': 'False', 'fail_fast': 'False', 'debug': 'False', 'log_format': 'default', 'partial_parse': 'True', 'send_anonymous_usage_stats': 'True', 'quiet': 'False', 'warn_error': 'None', 'profiles_dir': 'dbt_collieai', 'use_colors': 'True', 'hints_enabled': 'True', 'indirect_selection': 'eager', 'use_experimental_parser': 'False', 'invocation_command': 'dbt docs generate --project-dir dbt_collieai --profiles-dir dbt_collieai', 'log_path': 'dbt_collieai\\logs'}
[0m21:54:18.950276 [debug] [MainThread]: Sending event: {'category': 'dbt', 'action': 'project_id', 'label': 'dc868c5e-1afe-4edb-a23c-e2651a38d23b', 'context': [<snowplow_tracker.self_describing_json.SelfDescribingJson object at 0x00000228F5ED1810>]}
[0m21:54:19.004797 [debug] [MainThread]: Sending event: {'category': 'dbt', 'action': 'adapter_info', 'label': 'dc868c5e-1afe-4edb-a23c-e2651a38d23b', 'context': [<snowplow_tracker.self_describing_json.SelfDescribingJson object at 0x00000228F3D15BF0>]}
[0m21:54:19.006163 [info ] [MainThread]: Registered adapter: postgres=1.11.0
[0m21:54:19.156791 [debug] [MainThread]: checksum: eee4aa8f446f04cd153f3bb6462f41ca5fe29389c36d13d7747846389170d6ce, vars: {}, profile: lemmaai_analytics, target: dev, version: 1.12.0
[0m21:54:19.284562 [info ] [MainThread]: Unable to do partial parsing because profile has changed
[0m21:54:19.285432 [debug] [MainThread]: Sending event: {'category': 'dbt', 'action': 'partial_parser', 'label': 'dc868c5e-1afe-4edb-a23c-e2651a38d23b', 'context': [<snowplow_tracker.self_describing_json.SelfDescribingJson object at 0x00000228F8729450>]}
[0m21:54:20.054617 [error] [MainThread]: [[31mERROR[0m]: Encountered an error:
Compilation Error
  Model 'model.lemmaai_analytics.mv_daily_student_performance' (models\marts\mv_daily_student_performance.sql) depends on a source named 'lemma_write.ai_sessions' which was not found
[0m21:54:20.055504 [debug] [MainThread]: Command `dbt docs generate` failed at 21:54:20.055397 after 1.38 seconds
[0m21:54:20.055884 [debug] [MainThread]: Sending event: {'category': 'dbt', 'action': 'invocation', 'label': 'end', 'context': [<snowplow_tracker.self_describing_json.SelfDescribingJson object at 0x00000228F878D4F0>, <snowplow_tracker.self_describing_json.SelfDescribingJson object at 0x00000228F87D6D50>, <snowplow_tracker.self_describing_json.SelfDescribingJson object at 0x00000228F7EF3E70>]}
[0m21:54:20.056248 [debug] [MainThread]: Flushing usage events
[0m21:54:21.060696 [debug] [MainThread]: An error was encountered while trying to flush usage events
[0m21:55:08.216913 [debug] [MainThread]: Sending event: {'category': 'dbt', 'action': 'invocation', 'label': 'start', 'context': [<snowplow_tracker.self_describing_json.SelfDescribingJson object at 0x00000298513C9160>, <snowplow_tracker.self_describing_json.SelfDescribingJson object at 0x0000029853B37D90>, <snowplow_tracker.self_describing_json.SelfDescribingJson object at 0x0000029853B37610>]}


============================== 21:55:08.220963 | ac7daa9e-44c6-4e3c-aeda-0fcf80e0ae2f ==============================
[0m21:55:08.220963 [info ] [MainThread]: Running with dbt=1.12.0
[0m21:55:08.221549 [debug] [MainThread]: running dbt with arguments {'version_check': 'True', 'no_print': 'None', 'static_parser': 'True', 'target_path': 'None', 'warn_error_options': 'WarnErrorOptionsV2(error=[], warn=[], silence=[])', 'maximum_seed_size_mib': '1', 'printer_width': '80', 'write_json': 'True', 'introspect': 'True', 'log_cache_events': 'False', 'empty': 'False', 'cache_selected_only': 'False', 'fail_fast': 'False', 'debug': 'False', 'log_format': 'default', 'partial_parse': 'True', 'send_anonymous_usage_stats': 'True', 'quiet': 'False', 'warn_error': 'None', 'profiles_dir': 'dbt_collieai', 'use_colors': 'True', 'hints_enabled': 'True', 'indirect_selection': 'eager', 'use_experimental_parser': 'False', 'invocation_command': 'dbt run --project-dir dbt_collieai --profiles-dir dbt_collieai', 'log_path': 'dbt_collieai\\logs'}
[0m21:55:08.373842 [debug] [MainThread]: Sending event: {'category': 'dbt', 'action': 'project_id', 'label': 'ac7daa9e-44c6-4e3c-aeda-0fcf80e0ae2f', 'context': [<snowplow_tracker.self_describing_json.SelfDescribingJson object at 0x0000029851AA1810>]}
[0m21:55:08.425645 [debug] [MainThread]: Sending event: {'category': 'dbt', 'action': 'adapter_info', 'label': 'ac7daa9e-44c6-4e3c-aeda-0fcf80e0ae2f', 'context': [<snowplow_tracker.self_describing_json.SelfDescribingJson object at 0x000002984F8F5BF0>]}
[0m21:55:08.427029 [info ] [MainThread]: Registered adapter: postgres=1.11.0
[0m21:55:08.590179 [debug] [MainThread]: checksum: eee4aa8f446f04cd153f3bb6462f41ca5fe29389c36d13d7747846389170d6ce, vars: {}, profile: lemmaai_analytics, target: dev, version: 1.12.0
[0m21:55:08.716769 [info ] [MainThread]: Unable to do partial parsing because profile has changed
[0m21:55:08.717289 [debug] [MainThread]: Sending event: {'category': 'dbt', 'action': 'partial_parser', 'label': 'ac7daa9e-44c6-4e3c-aeda-0fcf80e0ae2f', 'context': [<snowplow_tracker.self_describing_json.SelfDescribingJson object at 0x000002985422D450>]}
[0m21:55:09.490931 [error] [MainThread]: [[31mERROR[0m]: Encountered an error:
Compilation Error
  Model 'model.lemmaai_analytics.mv_daily_student_performance' (models\marts\mv_daily_student_performance.sql) depends on a source named 'lemma_write.ai_sessions' which was not found
[0m21:55:09.492015 [debug] [MainThread]: Command `dbt run` failed at 21:55:09.491909 after 1.40 seconds
[0m21:55:09.492380 [debug] [MainThread]: Sending event: {'category': 'dbt', 'action': 'invocation', 'label': 'end', 'context': [<snowplow_tracker.self_describing_json.SelfDescribingJson object at 0x00000298542A98B0>, <snowplow_tracker.self_describing_json.SelfDescribingJson object at 0x00000298541A6C60>, <snowplow_tracker.self_describing_json.SelfDescribingJson object at 0x0000029853AC3E70>]}
[0m21:55:09.492649 [debug] [MainThread]: Flushing usage events
[0m21:55:10.560704 [debug] [MainThread]: An error was encountered while trying to flush usage events
[0m21:55:12.905903 [debug] [MainThread]: Sending event: {'category': 'dbt', 'action': 'invocation', 'label': 'start', 'context': [<snowplow_tracker.self_describing_json.SelfDescribingJson object at 0x0000022CE5C0D160>, <snowplow_tracker.self_describing_json.SelfDescribingJson object at 0x0000022CE837FED0>, <snowplow_tracker.self_describing_json.SelfDescribingJson object at 0x0000022CE837F890>]}


============================== 21:55:12.909835 | 724fd713-c6f3-4224-9d3c-8495c1f02bfd ==============================
[0m21:55:12.909835 [info ] [MainThread]: Running with dbt=1.12.0
[0m21:55:12.910500 [debug] [MainThread]: running dbt with arguments {'maximum_seed_size_mib': '1', 'no_print': 'None', 'static_parser': 'True', 'target_path': 'None', 'version_check': 'True', 'warn_error_options': 'WarnErrorOptionsV2(error=[], warn=[], silence=[])', 'printer_width': '80', 'write_json': 'True', 'introspect': 'True', 'log_cache_events': 'False', 'empty': 'None', 'cache_selected_only': 'False', 'fail_fast': 'False', 'debug': 'False', 'log_format': 'default', 'profiles_dir': 'dbt_collieai', 'send_anonymous_usage_stats': 'True', 'quiet': 'False', 'warn_error': 'None', 'partial_parse': 'True', 'invocation_command': 'dbt docs generate --project-dir dbt_collieai --profiles-dir dbt_collieai', 'hints_enabled': 'True', 'indirect_selection': 'eager', 'use_experimental_parser': 'False', 'use_colors': 'True', 'log_path': 'dbt_collieai\\logs'}
[0m21:55:13.055434 [debug] [MainThread]: Sending event: {'category': 'dbt', 'action': 'project_id', 'label': '724fd713-c6f3-4224-9d3c-8495c1f02bfd', 'context': [<snowplow_tracker.self_describing_json.SelfDescribingJson object at 0x0000022CE62E1810>]}
[0m21:55:13.106175 [debug] [MainThread]: Sending event: {'category': 'dbt', 'action': 'adapter_info', 'label': '724fd713-c6f3-4224-9d3c-8495c1f02bfd', 'context': [<snowplow_tracker.self_describing_json.SelfDescribingJson object at 0x0000022CE4135BF0>]}
[0m21:55:13.107637 [info ] [MainThread]: Registered adapter: postgres=1.11.0
[0m21:55:13.256921 [debug] [MainThread]: checksum: eee4aa8f446f04cd153f3bb6462f41ca5fe29389c36d13d7747846389170d6ce, vars: {}, profile: lemmaai_analytics, target: dev, version: 1.12.0
[0m21:55:13.385228 [info ] [MainThread]: Unable to do partial parsing because profile has changed
[0m21:55:13.385868 [debug] [MainThread]: Sending event: {'category': 'dbt', 'action': 'partial_parser', 'label': '724fd713-c6f3-4224-9d3c-8495c1f02bfd', 'context': [<snowplow_tracker.self_describing_json.SelfDescribingJson object at 0x0000022CE8A41450>]}
[0m21:55:14.177959 [error] [MainThread]: [[31mERROR[0m]: Encountered an error:
Compilation Error
  Model 'model.lemmaai_analytics.mv_daily_student_performance' (models\marts\mv_daily_student_performance.sql) depends on a source named 'lemma_write.ai_sessions' which was not found
[0m21:55:14.179019 [debug] [MainThread]: Command `dbt docs generate` failed at 21:55:14.178900 after 1.46 seconds
[0m21:55:14.179313 [debug] [MainThread]: Sending event: {'category': 'dbt', 'action': 'invocation', 'label': 'end', 'context': [<snowplow_tracker.self_describing_json.SelfDescribingJson object at 0x0000022CE8AED4F0>, <snowplow_tracker.self_describing_json.SelfDescribingJson object at 0x0000022CE8B32D50>, <snowplow_tracker.self_describing_json.SelfDescribingJson object at 0x0000022CE8303E70>]}
[0m21:55:14.179685 [debug] [MainThread]: Flushing usage events
[0m21:55:15.210572 [debug] [MainThread]: An error was encountered while trying to flush usage events
[0m21:55:43.077937 [debug] [MainThread]: Sending event: {'category': 'dbt', 'action': 'invocation', 'label': 'start', 'context': [<snowplow_tracker.self_describing_json.SelfDescribingJson object at 0x000002570679D160>, <snowplow_tracker.self_describing_json.SelfDescribingJson object at 0x0000025708EF7D90>, <snowplow_tracker.self_describing_json.SelfDescribingJson object at 0x0000025708EF7610>]}


============================== 21:55:43.082153 | 1f3bd717-7288-4f7c-ba2d-0642055efca1 ==============================
[0m21:55:43.082153 [info ] [MainThread]: Running with dbt=1.12.0
[0m21:55:43.082707 [debug] [MainThread]: running dbt with arguments {'version_check': 'True', 'no_print': 'None', 'static_parser': 'True', 'target_path': 'None', 'maximum_seed_size_mib': '1', 'warn_error_options': 'WarnErrorOptionsV2(error=[], warn=[], silence=[])', 'printer_width': '80', 'write_json': 'True', 'introspect': 'True', 'log_cache_events': 'False', 'empty': 'False', 'cache_selected_only': 'False', 'log_format': 'default', 'debug': 'False', 'fail_fast': 'False', 'partial_parse': 'True', 'send_anonymous_usage_stats': 'True', 'quiet': 'False', 'warn_error': 'None', 'profiles_dir': 'dbt_collieai', 'use_colors': 'True', 'hints_enabled': 'True', 'invocation_command': 'dbt run --project-dir dbt_collieai --profiles-dir dbt_collieai', 'use_experimental_parser': 'False', 'indirect_selection': 'eager', 'log_path': 'dbt_collieai\\logs'}
[0m21:55:43.230917 [debug] [MainThread]: Sending event: {'category': 'dbt', 'action': 'project_id', 'label': '1f3bd717-7288-4f7c-ba2d-0642055efca1', 'context': [<snowplow_tracker.self_describing_json.SelfDescribingJson object at 0x0000025706E71810>]}
[0m21:55:43.283026 [debug] [MainThread]: Sending event: {'category': 'dbt', 'action': 'adapter_info', 'label': '1f3bd717-7288-4f7c-ba2d-0642055efca1', 'context': [<snowplow_tracker.self_describing_json.SelfDescribingJson object at 0x0000025704CE5BF0>]}
[0m21:55:43.284358 [info ] [MainThread]: Registered adapter: postgres=1.11.0
[0m21:55:43.430901 [debug] [MainThread]: checksum: eee4aa8f446f04cd153f3bb6462f41ca5fe29389c36d13d7747846389170d6ce, vars: {}, profile: lemmaai_analytics, target: dev, version: 1.12.0
[0m21:55:43.564369 [info ] [MainThread]: Unable to do partial parsing because profile has changed
[0m21:55:43.565010 [debug] [MainThread]: Sending event: {'category': 'dbt', 'action': 'partial_parser', 'label': '1f3bd717-7288-4f7c-ba2d-0642055efca1', 'context': [<snowplow_tracker.self_describing_json.SelfDescribingJson object at 0x0000025709669450>]}
[0m21:55:44.413892 [debug] [MainThread]: Sending event: {'category': 'dbt', 'action': 'load_project', 'label': '1f3bd717-7288-4f7c-ba2d-0642055efca1', 'context': [<snowplow_tracker.self_describing_json.SelfDescribingJson object at 0x0000025708E97C50>]}
[0m21:55:44.491809 [debug] [MainThread]: Wrote artifact WritableManifest to dbt_collieai\target\manifest.json
[0m21:55:44.494705 [debug] [MainThread]: Wrote artifact SemanticManifest to dbt_collieai\target\semantic_manifest.json
[0m21:55:44.519054 [debug] [MainThread]: Wrote artifact OsiDocument to dbt_collieai\target\osi_document.json
[0m21:55:44.533983 [debug] [MainThread]: Sending event: {'category': 'dbt', 'action': 'resource_counts', 'label': '1f3bd717-7288-4f7c-ba2d-0642055efca1', 'context': [<snowplow_tracker.self_describing_json.SelfDescribingJson object at 0x0000025709945E10>]}
[0m21:55:44.534442 [info ] [MainThread]: Found 9 models, 41 sources, 477 macros
[0m21:55:44.534823 [debug] [MainThread]: Sending event: {'category': 'dbt', 'action': 'runnable_timing', 'label': '1f3bd717-7288-4f7c-ba2d-0642055efca1', 'context': [<snowplow_tracker.self_describing_json.SelfDescribingJson object at 0x00000257096C9CC0>]}
[0m21:55:44.537701 [info ] [MainThread]: 
[0m21:55:44.538337 [info ] [MainThread]: Concurrency: 4 threads (target='dev')
[0m21:55:44.538768 [info ] [MainThread]: 
[0m21:55:44.539332 [debug] [MainThread]: Acquiring new postgres connection 'master'
[0m21:55:44.543670 [debug] [ThreadPool]: Acquiring new postgres connection 'list_postgres'
[0m21:55:47.349635 [debug] [ThreadPool]: Using postgres connection "list_postgres"
[0m21:55:47.349968 [debug] [ThreadPool]: On list_postgres: /* {"app": "dbt", "dbt_version": "1.12.0", "profile_name": "lemmaai_analytics", "target_name": "dev", "connection_name": "list_postgres"} */

    select distinct nspname from pg_namespace
  
[0m21:55:47.350193 [debug] [ThreadPool]: Opening a new connection, currently in state init
[0m21:55:48.055711 [debug] [ThreadPool]: SQL status: SELECT 117 in 0.705 seconds
[0m21:55:48.057893 [debug] [ThreadPool]: On list_postgres: Close
[0m21:55:48.060056 [debug] [ThreadPool]: Acquiring new postgres connection 'list_postgres_analytics'
[0m21:55:48.063980 [debug] [ThreadPool]: Using postgres connection "list_postgres_analytics"
[0m21:55:48.064325 [debug] [ThreadPool]: On list_postgres_analytics: /* {"app": "dbt", "dbt_version": "1.12.0", "profile_name": "lemmaai_analytics", "target_name": "dev", "connection_name": "list_postgres_analytics"} */
select
      'postgres' as database,
      tablename as name,
      schemaname as schema,
      'table' as type
    from pg_tables
    where schemaname ilike 'analytics'
    union all
    select
      'postgres' as database,
      viewname as name,
      schemaname as schema,
      'view' as type
    from pg_views
    where schemaname ilike 'analytics'
    union all
    select
      'postgres' as database,
      matviewname as name,
      schemaname as schema,
      'materialized_view' as type
    from pg_matviews
    where schemaname ilike 'analytics'
    union all
    select distinct
     'postgres' as database,
     proname as name,
     ns.nspname as schema,
     'function' as type
    from pg_proc
     join pg_namespace as ns on pronamespace = ns.oid
    where ns.nspname ilike 'analytics'
  
[0m21:55:48.064566 [debug] [ThreadPool]: Opening a new connection, currently in state init
[0m21:55:48.730943 [debug] [ThreadPool]: SQL status: SELECT 9 in 0.666 seconds
[0m21:55:48.732099 [debug] [ThreadPool]: On list_postgres_analytics: ROLLBACK
[0m21:55:48.811424 [debug] [ThreadPool]: On list_postgres_analytics: Close
[0m21:55:48.826259 [debug] [MainThread]: Using postgres connection "master"
[0m21:55:48.827566 [debug] [MainThread]: On master: /* {"app": "dbt", "dbt_version": "1.12.0", "profile_name": "lemmaai_analytics", "target_name": "dev", "connection_name": "master"} */
select distinct
        dependent_namespace.nspname as dependent_schema,
        dependent_class.relname as dependent_name,
        referenced_namespace.nspname as referenced_schema,
        referenced_class.relname as referenced_name

    -- Query for views: views are entries in pg_class with an entry in pg_rewrite, but we avoid
    -- a seq scan on pg_rewrite by leveraging the fact there is an "internal" row in pg_depend for
    -- the view...
    from pg_class as dependent_class
    join pg_namespace as dependent_namespace on dependent_namespace.oid = dependent_class.relnamespace
    join pg_depend as dependent_depend on dependent_depend.refobjid = dependent_class.oid
        and dependent_depend.classid = 'pg_rewrite'::regclass
        and dependent_depend.refclassid = 'pg_class'::regclass
        and dependent_depend.deptype = 'i'

    -- ... and via pg_depend (that has a row per column, hence the need for "distinct" above, and
    -- making sure to exclude the internal row to avoid a view appearing to depend on itself)...
    join pg_depend as joining_depend on joining_depend.objid = dependent_depend.objid
        and joining_depend.classid = 'pg_rewrite'::regclass
        and joining_depend.refclassid = 'pg_class'::regclass
        and joining_depend.refobjid != dependent_depend.refobjid

    -- ... we can find the tables they query from in pg_class, but excluding system tables. Note we
    -- don't need need to exclude _dependent_ system tables, because they only query from other
    -- system tables, and so are automatically excluded by excluding _referenced_ system tables
    join pg_class as referenced_class on referenced_class.oid = joining_depend.refobjid
    join pg_namespace as referenced_namespace on referenced_namespace.oid = referenced_class.relnamespace
        and referenced_namespace.nspname != 'information_schema'
        and referenced_namespace.nspname not like 'pg\_%'

    order by
        dependent_schema, dependent_name, referenced_schema, referenced_name;
[0m21:55:48.828759 [debug] [MainThread]: Opening a new connection, currently in state init
[0m21:55:49.506660 [debug] [MainThread]: SQL status: SELECT 131 in 0.678 seconds
[0m21:55:49.509404 [debug] [MainThread]: Sending event: {'category': 'dbt', 'action': 'runnable_timing', 'label': '1f3bd717-7288-4f7c-ba2d-0642055efca1', 'context': [<snowplow_tracker.self_describing_json.SelfDescribingJson object at 0x00000257097FBF50>]}
[0m21:55:49.509863 [debug] [MainThread]: On master: ROLLBACK
[0m21:55:49.589356 [debug] [MainThread]: On master: COMMIT
[0m21:55:49.590092 [debug] [MainThread]: Using postgres connection "master"
[0m21:55:49.590574 [debug] [MainThread]: On master: COMMIT
[0m21:55:49.749311 [debug] [MainThread]: SQL status: COMMIT in 0.158 seconds
[0m21:55:49.749934 [debug] [MainThread]: On master: Close
[0m21:55:49.757760 [debug] [Thread-3 (]: Began running node model.lemmaai_analytics.mv_weekly_skill_mastery
[0m21:55:49.758669 [debug] [Thread-1 (]: Began running node model.lemmaai_analytics.mv_daily_student_performance
[0m21:55:49.758313 [info ] [Thread-3 (]: 3 of 9 START sql materialized_view model analytics.mv_weekly_skill_mastery ..... [RUN]
[0m21:55:49.759629 [debug] [Thread-3 (]: Acquiring new postgres connection 'model.lemmaai_analytics.mv_weekly_skill_mastery'
[0m21:55:49.760048 [debug] [Thread-2 (]: Began running node model.lemmaai_analytics.mv_topic_failure_patterns
[0m21:55:49.760407 [debug] [Thread-4 (]: Began running node model.lemmaai_analytics.vw_dda_effectiveness
[0m21:55:49.760814 [debug] [Thread-3 (]: Began compiling node model.lemmaai_analytics.mv_weekly_skill_mastery
[0m21:55:49.759049 [info ] [Thread-1 (]: 1 of 9 START sql materialized_view model analytics.mv_daily_student_performance  [RUN]
[0m21:55:49.770227 [debug] [Thread-3 (]: Writing injected SQL for node "model.lemmaai_analytics.mv_weekly_skill_mastery"
[0m21:55:49.761259 [info ] [Thread-2 (]: 2 of 9 START sql materialized_view model analytics.mv_topic_failure_patterns ... [RUN]
[0m21:55:49.771017 [debug] [Thread-1 (]: Acquiring new postgres connection 'model.lemmaai_analytics.mv_daily_student_performance'
[0m21:55:49.771694 [debug] [Thread-2 (]: Acquiring new postgres connection 'model.lemmaai_analytics.mv_topic_failure_patterns'
[0m21:55:49.772039 [debug] [Thread-1 (]: Began compiling node model.lemmaai_analytics.mv_daily_student_performance
[0m21:55:49.761744 [info ] [Thread-4 (]: 4 of 9 START sql view model analytics.vw_dda_effectiveness ..................... [RUN]
[0m21:55:49.772601 [debug] [Thread-2 (]: Began compiling node model.lemmaai_analytics.mv_topic_failure_patterns
[0m21:55:49.776381 [debug] [Thread-1 (]: Writing injected SQL for node "model.lemmaai_analytics.mv_daily_student_performance"
[0m21:55:49.777053 [debug] [Thread-4 (]: Acquiring new postgres connection 'model.lemmaai_analytics.vw_dda_effectiveness'
[0m21:55:49.780718 [debug] [Thread-2 (]: Writing injected SQL for node "model.lemmaai_analytics.mv_topic_failure_patterns"
[0m21:55:49.781379 [debug] [Thread-4 (]: Began compiling node model.lemmaai_analytics.vw_dda_effectiveness
[0m21:55:49.785170 [debug] [Thread-4 (]: Writing injected SQL for node "model.lemmaai_analytics.vw_dda_effectiveness"
[0m21:55:49.789116 [debug] [Thread-3 (]: Began executing node model.lemmaai_analytics.mv_weekly_skill_mastery
[0m21:55:49.815547 [debug] [Thread-3 (]: Determining configuration changes on: "postgres"."analytics"."mv_weekly_skill_mastery"
[0m21:55:49.816048 [debug] [Thread-1 (]: Began executing node model.lemmaai_analytics.mv_daily_student_performance
[0m21:55:49.821626 [debug] [Thread-3 (]: Using postgres connection "model.lemmaai_analytics.mv_weekly_skill_mastery"
[0m21:55:49.823715 [debug] [Thread-1 (]: Determining configuration changes on: "postgres"."analytics"."mv_daily_student_performance"
[0m21:55:49.824016 [debug] [Thread-4 (]: Began executing node model.lemmaai_analytics.vw_dda_effectiveness
[0m21:55:49.824228 [debug] [Thread-2 (]: Began executing node model.lemmaai_analytics.mv_topic_failure_patterns
[0m21:55:49.824707 [debug] [Thread-3 (]: On model.lemmaai_analytics.mv_weekly_skill_mastery: /* {"app": "dbt", "dbt_version": "1.12.0", "profile_name": "lemmaai_analytics", "target_name": "dev", "node_id": "model.lemmaai_analytics.mv_weekly_skill_mastery"} */

    
    select
        i.relname                                   as name,
        m.amname                                    as method,
        ix.indisunique                              as "unique",
        array_to_string(array_agg(a.attname), ',')  as column_names
    from pg_index ix
    join pg_class i
        on i.oid = ix.indexrelid
    join pg_am m
        on m.oid=i.relam
    join pg_class t
        on t.oid = ix.indrelid
    join pg_namespace n
        on n.oid = t.relnamespace
    join pg_attribute a
        on a.attrelid = t.oid
        and a.attnum = ANY(ix.indkey)
    where t.relname = 'mv_weekly_skill_mastery'
      and n.nspname = 'analytics'
      and t.relkind in ('r', 'm')
    group by 1, 2, 3
    order by 1, 2, 3

  
[0m21:55:49.825370 [debug] [Thread-1 (]: Using postgres connection "model.lemmaai_analytics.mv_daily_student_performance"
[0m21:55:49.837403 [debug] [Thread-4 (]: Writing runtime sql for node "model.lemmaai_analytics.vw_dda_effectiveness"
[0m21:55:49.839118 [debug] [Thread-2 (]: Determining configuration changes on: "postgres"."analytics"."mv_topic_failure_patterns"
[0m21:55:49.839444 [debug] [Thread-3 (]: Opening a new connection, currently in state init
[0m21:55:49.839746 [debug] [Thread-1 (]: On model.lemmaai_analytics.mv_daily_student_performance: /* {"app": "dbt", "dbt_version": "1.12.0", "profile_name": "lemmaai_analytics", "target_name": "dev", "node_id": "model.lemmaai_analytics.mv_daily_student_performance"} */

    
    select
        i.relname                                   as name,
        m.amname                                    as method,
        ix.indisunique                              as "unique",
        array_to_string(array_agg(a.attname), ',')  as column_names
    from pg_index ix
    join pg_class i
        on i.oid = ix.indexrelid
    join pg_am m
        on m.oid=i.relam
    join pg_class t
        on t.oid = ix.indrelid
    join pg_namespace n
        on n.oid = t.relnamespace
    join pg_attribute a
        on a.attrelid = t.oid
        and a.attnum = ANY(ix.indkey)
    where t.relname = 'mv_daily_student_performance'
      and n.nspname = 'analytics'
      and t.relkind in ('r', 'm')
    group by 1, 2, 3
    order by 1, 2, 3

  
[0m21:55:49.840680 [debug] [Thread-2 (]: Using postgres connection "model.lemmaai_analytics.mv_topic_failure_patterns"
[0m21:55:49.841352 [debug] [Thread-1 (]: Opening a new connection, currently in state init
[0m21:55:49.841647 [debug] [Thread-2 (]: On model.lemmaai_analytics.mv_topic_failure_patterns: /* {"app": "dbt", "dbt_version": "1.12.0", "profile_name": "lemmaai_analytics", "target_name": "dev", "node_id": "model.lemmaai_analytics.mv_topic_failure_patterns"} */

    
    select
        i.relname                                   as name,
        m.amname                                    as method,
        ix.indisunique                              as "unique",
        array_to_string(array_agg(a.attname), ',')  as column_names
    from pg_index ix
    join pg_class i
        on i.oid = ix.indexrelid
    join pg_am m
        on m.oid=i.relam
    join pg_class t
        on t.oid = ix.indrelid
    join pg_namespace n
        on n.oid = t.relnamespace
    join pg_attribute a
        on a.attrelid = t.oid
        and a.attnum = ANY(ix.indkey)
    where t.relname = 'mv_topic_failure_patterns'
      and n.nspname = 'analytics'
      and t.relkind in ('r', 'm')
    group by 1, 2, 3
    order by 1, 2, 3

  
[0m21:55:49.842144 [debug] [Thread-2 (]: Opening a new connection, currently in state init
[0m21:55:49.843435 [debug] [Thread-4 (]: Using postgres connection "model.lemmaai_analytics.vw_dda_effectiveness"
[0m21:55:49.843819 [debug] [Thread-4 (]: On model.lemmaai_analytics.vw_dda_effectiveness: /* {"app": "dbt", "dbt_version": "1.12.0", "profile_name": "lemmaai_analytics", "target_name": "dev", "node_id": "model.lemmaai_analytics.vw_dda_effectiveness"} */

  create view "postgres"."analytics"."vw_dda_effectiveness__dbt_tmp"
    
    
  as (
    

WITH help_agg AS (
    SELECT
        h.session_id,
        h.student_id,
        h.skill_id,
        COUNT(*) AS related_help_event_count
    FROM "postgres"."public"."student_help_events" AS h
    GROUP BY h.session_id, h.student_id, h.skill_id
),
show_me_agg AS (
    SELECT
        b.session_id,
        b.skill_id,
        COUNT(*) AS related_show_me_count
    FROM "postgres"."public"."show_me_breakdowns" AS b
    GROUP BY b.session_id, b.skill_id
),
feature_ranked AS (
    SELECT
        f.student_id,
        f.skill_id,
        f.accuracy_rate,
        ROW_NUMBER() OVER (
            PARTITION BY f.student_id, f.skill_id
            ORDER BY f.updated_at DESC, f.feature_id DESC
        ) AS row_num
    FROM "postgres"."public"."student_skill_features" AS f
),
latest_feature AS (
    SELECT f.student_id, f.skill_id, f.accuracy_rate
    FROM feature_ranked AS f
    WHERE f.row_num = 1
),
prediction_ranked AS (
    SELECT
        p.student_id,
        p.skill_id,
        p.risk_level,
        ROW_NUMBER() OVER (
            PARTITION BY p.student_id, p.skill_id
            ORDER BY p.predicted_at DESC, p.prediction_id DESC
        ) AS row_num
    FROM "postgres"."public"."student_skill_predictions" AS p
),
latest_prediction AS (
    SELECT p.student_id, p.skill_id, p.risk_level
    FROM prediction_ranked AS p
    WHERE p.row_num = 1
)
SELECT
    d.dda_event_id,
    d.student_id,
    cs.grade_level,
    ms.skill_name,
    mt.topic_name,
    d.trigger_reason,
    previous_difficulty.difficulty_name AS previous_difficulty_name,
    previous_difficulty.numerical_value AS previous_difficulty_value,
    new_difficulty.difficulty_name AS new_difficulty_name,
    new_difficulty.numerical_value AS new_difficulty_value,
    d.visual_analogy_used,
    d.created_at AS event_created_at,
    COALESCE(ha.related_help_event_count, 0) AS related_help_event_count,
    COALESCE(sm.related_show_me_count, 0) AS related_show_me_count,
    (COALESCE(sm.related_show_me_count, 0) > 0) AS show_me_triggered,
    lf.accuracy_rate AS latest_accuracy_rate,
    lp.risk_level AS latest_risk_level
FROM "postgres"."public"."dda_events" AS d
LEFT JOIN "postgres"."public"."student_profiles" AS sp
    ON sp.student_id = d.student_id
LEFT JOIN "postgres"."public"."class_sections" AS cs
    ON cs.section_id = sp.section_id
LEFT JOIN "postgres"."public"."math_skills" AS ms
    ON ms.skill_id = d.skill_id
LEFT JOIN "postgres"."public"."math_topics" AS mt
    ON mt.topic_id = ms.topic_id
LEFT JOIN "postgres"."public"."difficulty_levels" AS previous_difficulty
    ON previous_difficulty.difficulty_id = d.previous_difficulty_id
LEFT JOIN "postgres"."public"."difficulty_levels" AS new_difficulty
    ON new_difficulty.difficulty_id = d.new_difficulty_id
LEFT JOIN help_agg AS ha
    ON ha.session_id = d.session_id
   AND ha.student_id = d.student_id
   AND ha.skill_id = d.skill_id
LEFT JOIN show_me_agg AS sm
    ON sm.session_id = d.session_id
   AND sm.skill_id = d.skill_id
LEFT JOIN latest_feature AS lf
    ON lf.student_id = d.student_id
   AND lf.skill_id = d.skill_id
LEFT JOIN latest_prediction AS lp
    ON lp.student_id = d.student_id
   AND lp.skill_id = d.skill_id
  );
[0m21:55:49.844163 [debug] [Thread-4 (]: Opening a new connection, currently in state init
[0m21:55:50.477939 [debug] [Thread-3 (]: SQL status: SELECT 0 in 0.638 seconds
[0m21:55:50.481113 [debug] [Thread-3 (]: Applying REFRESH to: "postgres"."analytics"."mv_weekly_skill_mastery"
[0m21:55:50.484781 [debug] [Thread-3 (]: Writing runtime sql for node "model.lemmaai_analytics.mv_weekly_skill_mastery"
[0m21:55:50.485952 [debug] [Thread-3 (]: Using postgres connection "model.lemmaai_analytics.mv_weekly_skill_mastery"
[0m21:55:50.486258 [debug] [Thread-3 (]: On model.lemmaai_analytics.mv_weekly_skill_mastery: /* {"app": "dbt", "dbt_version": "1.12.0", "profile_name": "lemmaai_analytics", "target_name": "dev", "node_id": "model.lemmaai_analytics.mv_weekly_skill_mastery"} */

        
    refresh materialized view "postgres"."analytics"."mv_weekly_skill_mastery"

    
[0m21:55:50.489481 [debug] [Thread-2 (]: SQL status: SELECT 0 in 0.647 seconds
[0m21:55:50.491095 [debug] [Thread-2 (]: Applying REFRESH to: "postgres"."analytics"."mv_topic_failure_patterns"
[0m21:55:50.491763 [debug] [Thread-2 (]: Writing runtime sql for node "model.lemmaai_analytics.mv_topic_failure_patterns"
[0m21:55:50.494136 [debug] [Thread-2 (]: Using postgres connection "model.lemmaai_analytics.mv_topic_failure_patterns"
[0m21:55:50.494448 [debug] [Thread-2 (]: On model.lemmaai_analytics.mv_topic_failure_patterns: /* {"app": "dbt", "dbt_version": "1.12.0", "profile_name": "lemmaai_analytics", "target_name": "dev", "node_id": "model.lemmaai_analytics.mv_topic_failure_patterns"} */

        
    refresh materialized view "postgres"."analytics"."mv_topic_failure_patterns"

    
[0m21:55:50.515988 [debug] [Thread-4 (]: SQL status: CREATE VIEW in 0.672 seconds
[0m21:55:50.520304 [debug] [Thread-4 (]: Using postgres connection "model.lemmaai_analytics.vw_dda_effectiveness"
[0m21:55:50.520764 [debug] [Thread-1 (]: SQL status: SELECT 0 in 0.679 seconds
[0m21:55:50.521064 [debug] [Thread-4 (]: On model.lemmaai_analytics.vw_dda_effectiveness: /* {"app": "dbt", "dbt_version": "1.12.0", "profile_name": "lemmaai_analytics", "target_name": "dev", "node_id": "model.lemmaai_analytics.vw_dda_effectiveness"} */
alter table "postgres"."analytics"."vw_dda_effectiveness" rename to "vw_dda_effectiveness__dbt_backup"
[0m21:55:50.522334 [debug] [Thread-1 (]: Applying REFRESH to: "postgres"."analytics"."mv_daily_student_performance"
[0m21:55:50.523150 [debug] [Thread-1 (]: Writing runtime sql for node "model.lemmaai_analytics.mv_daily_student_performance"
[0m21:55:50.524227 [debug] [Thread-1 (]: Using postgres connection "model.lemmaai_analytics.mv_daily_student_performance"
[0m21:55:50.524509 [debug] [Thread-1 (]: On model.lemmaai_analytics.mv_daily_student_performance: /* {"app": "dbt", "dbt_version": "1.12.0", "profile_name": "lemmaai_analytics", "target_name": "dev", "node_id": "model.lemmaai_analytics.mv_daily_student_performance"} */

        
    refresh materialized view "postgres"."analytics"."mv_daily_student_performance"

    
[0m21:55:50.585227 [debug] [Thread-3 (]: SQL status: REFRESH MATERIALIZED VIEW in 0.099 seconds
[0m21:55:50.586091 [debug] [Thread-2 (]: SQL status: REFRESH MATERIALIZED VIEW in 0.091 seconds
[0m21:55:50.599202 [debug] [Thread-3 (]: On model.lemmaai_analytics.mv_weekly_skill_mastery: COMMIT
[0m21:55:50.600526 [debug] [Thread-2 (]: On model.lemmaai_analytics.mv_topic_failure_patterns: COMMIT
[0m21:55:50.600931 [debug] [Thread-3 (]: Using postgres connection "model.lemmaai_analytics.mv_weekly_skill_mastery"
[0m21:55:50.601246 [debug] [Thread-2 (]: Using postgres connection "model.lemmaai_analytics.mv_topic_failure_patterns"
[0m21:55:50.601538 [debug] [Thread-3 (]: On model.lemmaai_analytics.mv_weekly_skill_mastery: COMMIT
[0m21:55:50.601769 [debug] [Thread-2 (]: On model.lemmaai_analytics.mv_topic_failure_patterns: COMMIT
[0m21:55:50.603631 [debug] [Thread-4 (]: SQL status: ALTER TABLE in 0.081 seconds
[0m21:55:50.605351 [debug] [Thread-4 (]: Using postgres connection "model.lemmaai_analytics.vw_dda_effectiveness"
[0m21:55:50.605746 [debug] [Thread-4 (]: On model.lemmaai_analytics.vw_dda_effectiveness: /* {"app": "dbt", "dbt_version": "1.12.0", "profile_name": "lemmaai_analytics", "target_name": "dev", "node_id": "model.lemmaai_analytics.vw_dda_effectiveness"} */
alter table "postgres"."analytics"."vw_dda_effectiveness__dbt_tmp" rename to "vw_dda_effectiveness"
[0m21:55:50.618448 [debug] [Thread-1 (]: SQL status: REFRESH MATERIALIZED VIEW in 0.094 seconds
[0m21:55:50.619859 [debug] [Thread-1 (]: On model.lemmaai_analytics.mv_daily_student_performance: COMMIT
[0m21:55:50.620130 [debug] [Thread-1 (]: Using postgres connection "model.lemmaai_analytics.mv_daily_student_performance"
[0m21:55:50.620353 [debug] [Thread-1 (]: On model.lemmaai_analytics.mv_daily_student_performance: COMMIT
[0m21:55:50.686145 [debug] [Thread-4 (]: SQL status: ALTER TABLE in 0.080 seconds
[0m21:55:50.688363 [debug] [Thread-4 (]: On model.lemmaai_analytics.vw_dda_effectiveness: COMMIT
[0m21:55:50.689011 [debug] [Thread-2 (]: SQL status: COMMIT in 0.087 seconds
[0m21:55:50.689503 [debug] [Thread-3 (]: SQL status: COMMIT in 0.087 seconds
[0m21:55:50.689888 [debug] [Thread-4 (]: Using postgres connection "model.lemmaai_analytics.vw_dda_effectiveness"
[0m21:55:50.696611 [debug] [Thread-2 (]: Applying DROP to: "postgres"."analytics"."mv_topic_failure_patterns__dbt_backup"
[0m21:55:50.697786 [debug] [Thread-3 (]: Applying DROP to: "postgres"."analytics"."mv_weekly_skill_mastery__dbt_backup"
[0m21:55:50.698157 [debug] [Thread-4 (]: On model.lemmaai_analytics.vw_dda_effectiveness: COMMIT
[0m21:55:50.702543 [debug] [Thread-2 (]: Using postgres connection "model.lemmaai_analytics.mv_topic_failure_patterns"
[0m21:55:50.703118 [debug] [Thread-3 (]: Using postgres connection "model.lemmaai_analytics.mv_weekly_skill_mastery"
[0m21:55:50.703433 [debug] [Thread-1 (]: SQL status: COMMIT in 0.083 seconds
[0m21:55:50.703912 [debug] [Thread-2 (]: On model.lemmaai_analytics.mv_topic_failure_patterns: /* {"app": "dbt", "dbt_version": "1.12.0", "profile_name": "lemmaai_analytics", "target_name": "dev", "node_id": "model.lemmaai_analytics.mv_topic_failure_patterns"} */
drop materialized view if exists "postgres"."analytics"."mv_topic_failure_patterns__dbt_backup" cascade
[0m21:55:50.704216 [debug] [Thread-3 (]: On model.lemmaai_analytics.mv_weekly_skill_mastery: /* {"app": "dbt", "dbt_version": "1.12.0", "profile_name": "lemmaai_analytics", "target_name": "dev", "node_id": "model.lemmaai_analytics.mv_weekly_skill_mastery"} */
drop materialized view if exists "postgres"."analytics"."mv_weekly_skill_mastery__dbt_backup" cascade
[0m21:55:50.705578 [debug] [Thread-1 (]: Applying DROP to: "postgres"."analytics"."mv_daily_student_performance__dbt_backup"
[0m21:55:50.706304 [debug] [Thread-1 (]: Using postgres connection "model.lemmaai_analytics.mv_daily_student_performance"
[0m21:55:50.706552 [debug] [Thread-1 (]: On model.lemmaai_analytics.mv_daily_student_performance: /* {"app": "dbt", "dbt_version": "1.12.0", "profile_name": "lemmaai_analytics", "target_name": "dev", "node_id": "model.lemmaai_analytics.mv_daily_student_performance"} */
drop materialized view if exists "postgres"."analytics"."mv_daily_student_performance__dbt_backup" cascade
[0m21:55:50.784757 [debug] [Thread-4 (]: SQL status: COMMIT in 0.081 seconds
[0m21:55:50.786341 [debug] [Thread-4 (]: Applying DROP to: "postgres"."analytics"."vw_dda_effectiveness__dbt_backup"
[0m21:55:50.786740 [debug] [Thread-1 (]: SQL status: DROP MATERIALIZED VIEW in 0.080 seconds
[0m21:55:50.787056 [debug] [Thread-3 (]: SQL status: DROP MATERIALIZED VIEW in 0.081 seconds
[0m21:55:50.787281 [debug] [Thread-2 (]: SQL status: DROP MATERIALIZED VIEW in 0.081 seconds
[0m21:55:50.789636 [debug] [Thread-4 (]: Using postgres connection "model.lemmaai_analytics.vw_dda_effectiveness"
[0m21:55:50.791468 [debug] [Thread-1 (]: Applying DROP to: "postgres"."analytics"."mv_daily_student_performance__dbt_tmp"
[0m21:55:50.793141 [debug] [Thread-3 (]: Applying DROP to: "postgres"."analytics"."mv_weekly_skill_mastery__dbt_tmp"
[0m21:55:50.794879 [debug] [Thread-2 (]: Applying DROP to: "postgres"."analytics"."mv_topic_failure_patterns__dbt_tmp"
[0m21:55:50.795230 [debug] [Thread-4 (]: On model.lemmaai_analytics.vw_dda_effectiveness: /* {"app": "dbt", "dbt_version": "1.12.0", "profile_name": "lemmaai_analytics", "target_name": "dev", "node_id": "model.lemmaai_analytics.vw_dda_effectiveness"} */
drop view if exists "postgres"."analytics"."vw_dda_effectiveness__dbt_backup" cascade
[0m21:55:50.796013 [debug] [Thread-1 (]: Using postgres connection "model.lemmaai_analytics.mv_daily_student_performance"
[0m21:55:50.796606 [debug] [Thread-3 (]: Using postgres connection "model.lemmaai_analytics.mv_weekly_skill_mastery"
[0m21:55:50.797161 [debug] [Thread-2 (]: Using postgres connection "model.lemmaai_analytics.mv_topic_failure_patterns"
[0m21:55:50.797551 [debug] [Thread-1 (]: On model.lemmaai_analytics.mv_daily_student_performance: /* {"app": "dbt", "dbt_version": "1.12.0", "profile_name": "lemmaai_analytics", "target_name": "dev", "node_id": "model.lemmaai_analytics.mv_daily_student_performance"} */
drop materialized view if exists "postgres"."analytics"."mv_daily_student_performance__dbt_tmp" cascade
[0m21:55:50.797870 [debug] [Thread-3 (]: On model.lemmaai_analytics.mv_weekly_skill_mastery: /* {"app": "dbt", "dbt_version": "1.12.0", "profile_name": "lemmaai_analytics", "target_name": "dev", "node_id": "model.lemmaai_analytics.mv_weekly_skill_mastery"} */
drop materialized view if exists "postgres"."analytics"."mv_weekly_skill_mastery__dbt_tmp" cascade
[0m21:55:50.798147 [debug] [Thread-2 (]: On model.lemmaai_analytics.mv_topic_failure_patterns: /* {"app": "dbt", "dbt_version": "1.12.0", "profile_name": "lemmaai_analytics", "target_name": "dev", "node_id": "model.lemmaai_analytics.mv_topic_failure_patterns"} */
drop materialized view if exists "postgres"."analytics"."mv_topic_failure_patterns__dbt_tmp" cascade
[0m21:55:50.876161 [debug] [Thread-3 (]: SQL status: DROP MATERIALIZED VIEW in 0.078 seconds
[0m21:55:50.878226 [debug] [Thread-3 (]: On model.lemmaai_analytics.mv_weekly_skill_mastery: Close
[0m21:55:50.878689 [debug] [Thread-2 (]: SQL status: DROP MATERIALIZED VIEW in 0.080 seconds
[0m21:55:50.879950 [debug] [Thread-2 (]: On model.lemmaai_analytics.mv_topic_failure_patterns: Close
[0m21:55:50.881170 [debug] [Thread-1 (]: SQL status: DROP MATERIALIZED VIEW in 0.083 seconds
[0m21:55:50.882122 [debug] [Thread-1 (]: On model.lemmaai_analytics.mv_daily_student_performance: Close
[0m21:55:50.882800 [debug] [Thread-4 (]: SQL status: DROP VIEW in 0.085 seconds
[0m21:55:50.883918 [debug] [Thread-4 (]: On model.lemmaai_analytics.vw_dda_effectiveness: Close
[0m21:55:50.884526 [debug] [Thread-3 (]: Sending event: {'category': 'dbt', 'action': 'run_model', 'label': '1f3bd717-7288-4f7c-ba2d-0642055efca1', 'context': [<snowplow_tracker.self_describing_json.SelfDescribingJson object at 0x0000025709CAAC50>]}
[0m21:55:50.885217 [debug] [Thread-2 (]: Sending event: {'category': 'dbt', 'action': 'run_model', 'label': '1f3bd717-7288-4f7c-ba2d-0642055efca1', 'context': [<snowplow_tracker.self_describing_json.SelfDescribingJson object at 0x000002570A0F8FF0>]}
[0m21:55:50.885465 [debug] [Thread-1 (]: Sending event: {'category': 'dbt', 'action': 'run_model', 'label': '1f3bd717-7288-4f7c-ba2d-0642055efca1', 'context': [<snowplow_tracker.self_describing_json.SelfDescribingJson object at 0x000002570A0C2A80>]}
[0m21:55:50.886299 [debug] [Thread-4 (]: Sending event: {'category': 'dbt', 'action': 'run_model', 'label': '1f3bd717-7288-4f7c-ba2d-0642055efca1', 'context': [<snowplow_tracker.self_describing_json.SelfDescribingJson object at 0x0000025706673B50>]}
[0m21:55:50.884983 [info ] [Thread-3 (]: 3 of 9 OK created sql materialized_view model analytics.mv_weekly_skill_mastery  [[32mREFRESH MATERIALIZED VIEW[0m in 1.12s]
[0m21:55:50.886087 [info ] [Thread-2 (]: 2 of 9 OK created sql materialized_view model analytics.mv_topic_failure_patterns  [[32mREFRESH MATERIALIZED VIEW[0m in 1.11s]
[0m21:55:50.887874 [debug] [Thread-3 (]: Finished running node model.lemmaai_analytics.mv_weekly_skill_mastery
[0m21:55:50.888272 [debug] [Thread-2 (]: Finished running node model.lemmaai_analytics.mv_topic_failure_patterns
[0m21:55:50.888598 [debug] [Thread-3 (]: Began running node model.lemmaai_analytics.vw_gamification_summary
[0m21:55:50.886859 [info ] [Thread-1 (]: 1 of 9 OK created sql materialized_view model analytics.mv_daily_student_performance  [[32mREFRESH MATERIALIZED VIEW[0m in 1.11s]
[0m21:55:50.889062 [debug] [Thread-2 (]: Began running node model.lemmaai_analytics.vw_guardrail_summary
[0m21:55:50.887284 [info ] [Thread-4 (]: 4 of 9 OK created sql view model analytics.vw_dda_effectiveness ................ [[32mCREATE VIEW[0m in 1.11s]
[0m21:55:50.889945 [debug] [Thread-1 (]: Finished running node model.lemmaai_analytics.mv_daily_student_performance
[0m21:55:50.889560 [info ] [Thread-3 (]: 5 of 9 START sql view model analytics.vw_gamification_summary .................. [RUN]
[0m21:55:50.890763 [debug] [Thread-4 (]: Finished running node model.lemmaai_analytics.vw_dda_effectiveness
[0m21:55:50.890329 [info ] [Thread-2 (]: 6 of 9 START sql view model analytics.vw_guardrail_summary ..................... [RUN]
[0m21:55:50.891148 [debug] [Thread-1 (]: Began running node model.lemmaai_analytics.vw_parent_child_progress
[0m21:55:50.891613 [debug] [Thread-3 (]: Re-using an available connection from the pool (formerly model.lemmaai_analytics.mv_weekly_skill_mastery, now model.lemmaai_analytics.vw_gamification_summary)
[0m21:55:50.891974 [debug] [Thread-4 (]: Began running node model.lemmaai_analytics.vw_student_learning_summary
[0m21:55:50.892322 [debug] [Thread-2 (]: Re-using an available connection from the pool (formerly model.lemmaai_analytics.mv_topic_failure_patterns, now model.lemmaai_analytics.vw_guardrail_summary)
[0m21:55:50.893188 [debug] [Thread-3 (]: Began compiling node model.lemmaai_analytics.vw_gamification_summary
[0m21:55:50.894058 [debug] [Thread-2 (]: Began compiling node model.lemmaai_analytics.vw_guardrail_summary
[0m21:55:50.892872 [info ] [Thread-1 (]: 7 of 9 START sql view model analytics.vw_parent_child_progress ................. [RUN]
[0m21:55:50.896569 [debug] [Thread-3 (]: Writing injected SQL for node "model.lemmaai_analytics.vw_gamification_summary"
[0m21:55:50.898511 [debug] [Thread-2 (]: Writing injected SQL for node "model.lemmaai_analytics.vw_guardrail_summary"
[0m21:55:50.898879 [debug] [Thread-1 (]: Re-using an available connection from the pool (formerly model.lemmaai_analytics.mv_daily_student_performance, now model.lemmaai_analytics.vw_parent_child_progress)
[0m21:55:50.893808 [info ] [Thread-4 (]: 8 of 9 START sql view model analytics.vw_student_learning_summary .............. [RUN]
[0m21:55:50.899599 [debug] [Thread-1 (]: Began compiling node model.lemmaai_analytics.vw_parent_child_progress
[0m21:55:50.900519 [debug] [Thread-4 (]: Re-using an available connection from the pool (formerly model.lemmaai_analytics.vw_dda_effectiveness, now model.lemmaai_analytics.vw_student_learning_summary)
[0m21:55:50.903741 [debug] [Thread-1 (]: Writing injected SQL for node "model.lemmaai_analytics.vw_parent_child_progress"
[0m21:55:50.904093 [debug] [Thread-4 (]: Began compiling node model.lemmaai_analytics.vw_student_learning_summary
[0m21:55:50.907078 [debug] [Thread-4 (]: Writing injected SQL for node "model.lemmaai_analytics.vw_student_learning_summary"
[0m21:55:50.907570 [debug] [Thread-2 (]: Began executing node model.lemmaai_analytics.vw_guardrail_summary
[0m21:55:50.908258 [debug] [Thread-3 (]: Began executing node model.lemmaai_analytics.vw_gamification_summary
[0m21:55:50.911427 [debug] [Thread-2 (]: Writing runtime sql for node "model.lemmaai_analytics.vw_guardrail_summary"
[0m21:55:50.914163 [debug] [Thread-3 (]: Writing runtime sql for node "model.lemmaai_analytics.vw_gamification_summary"
[0m21:55:50.914484 [debug] [Thread-1 (]: Began executing node model.lemmaai_analytics.vw_parent_child_progress
[0m21:55:50.914916 [debug] [Thread-4 (]: Began executing node model.lemmaai_analytics.vw_student_learning_summary
[0m21:55:50.917639 [debug] [Thread-1 (]: Writing runtime sql for node "model.lemmaai_analytics.vw_parent_child_progress"
[0m21:55:50.919606 [debug] [Thread-4 (]: Writing runtime sql for node "model.lemmaai_analytics.vw_student_learning_summary"
[0m21:55:50.920224 [debug] [Thread-3 (]: Using postgres connection "model.lemmaai_analytics.vw_gamification_summary"
[0m21:55:50.920536 [debug] [Thread-3 (]: On model.lemmaai_analytics.vw_gamification_summary: /* {"app": "dbt", "dbt_version": "1.12.0", "profile_name": "lemmaai_analytics", "target_name": "dev", "node_id": "model.lemmaai_analytics.vw_gamification_summary"} */

  create view "postgres"."analytics"."vw_gamification_summary__dbt_tmp"
    
    
  as (
    

WITH reward_agg AS (
    SELECT
        r.student_id,
        SUM(r.points_earned) AS total_points_earned,
        COUNT(*) AS reward_transaction_count,
        ((ARRAY_AGG(
            r.reward_reason
            ORDER BY r.created_at DESC, r.reward_id DESC
        )))[1] AS latest_reward_reason,
        MAX(r.created_at) AS latest_reward_at
    FROM "postgres"."public"."reward_transactions" AS r
    GROUP BY r.student_id
),
item_agg AS (
    SELECT
        sai.student_id,
        COUNT(*) AS unlocked_item_count,
        COUNT(*) FILTER (WHERE sai.equipped IS TRUE) AS equipped_item_count,
        JSONB_AGG(
            JSONB_BUILD_OBJECT(
                'item_name', ai.item_name,
                'item_type', ai.item_type,
                'unlocked_at', sai.unlocked_at,
                'equipped', sai.equipped
            )
            ORDER BY sai.unlocked_at DESC, ai.item_id
        ) AS item_details
    FROM "postgres"."public"."student_avatar_items" AS sai
    JOIN "postgres"."public"."avatar_items" AS ai
        ON ai.item_id = sai.item_id
    GROUP BY sai.student_id
)
SELECT
    sp.student_id,
    av.avatar_name,
    COALESCE(sp.total_star_points, 0::double precision) AS total_star_points,
    COALESCE(sp.current_streak, 0) AS current_streak,
    COALESCE(ra.total_points_earned, 0) AS total_points_earned,
    COALESCE(ra.reward_transaction_count, 0) AS reward_transaction_count,
    ra.latest_reward_reason,
    ra.latest_reward_at,
    COALESCE(ia.unlocked_item_count, 0) AS unlocked_item_count,
    COALESCE(ia.equipped_item_count, 0) AS equipped_item_count,
    COALESCE(ia.item_details, '[]'::jsonb) AS item_details
FROM "postgres"."public"."student_profiles" AS sp
LEFT JOIN "postgres"."public"."avatars" AS av
    ON av.avatar_id = sp.avatar_id
LEFT JOIN reward_agg AS ra
    ON ra.student_id = sp.student_id
LEFT JOIN item_agg AS ia
    ON ia.student_id = sp.student_id


-- ============================================================================
-- MATERIALIZED VIEWS
-- ============================================================================
  );
[0m21:55:50.920899 [debug] [Thread-2 (]: Using postgres connection "model.lemmaai_analytics.vw_guardrail_summary"
[0m21:55:50.921330 [debug] [Thread-3 (]: Opening a new connection, currently in state closed
[0m21:55:50.921852 [debug] [Thread-2 (]: On model.lemmaai_analytics.vw_guardrail_summary: /* {"app": "dbt", "dbt_version": "1.12.0", "profile_name": "lemmaai_analytics", "target_name": "dev", "node_id": "model.lemmaai_analytics.vw_guardrail_summary"} */

  create view "postgres"."analytics"."vw_guardrail_summary__dbt_tmp"
    
    
  as (
    

SELECT
    g.guardrail_id,
    s.student_id,
    m.sender,
    m.message_type,
    m.message_text,
    g.is_math_related,
    g.prompt_injection_detected,
    g.violation_type,
    g.action_taken,
    g.confidence_score,
    g.created_at AS checked_at
FROM "postgres"."public"."guardrail_checks" AS g
LEFT JOIN "postgres"."public"."ai_messages" AS m
    ON m.message_id = g.message_id
LEFT JOIN "postgres"."public"."ai_sessions" AS s
    ON s.session_id = m.session_id
  );
[0m21:55:50.923024 [debug] [Thread-2 (]: Opening a new connection, currently in state closed
[0m21:55:50.923812 [debug] [Thread-1 (]: Using postgres connection "model.lemmaai_analytics.vw_parent_child_progress"
[0m21:55:50.924790 [debug] [Thread-4 (]: Using postgres connection "model.lemmaai_analytics.vw_student_learning_summary"
[0m21:55:50.925476 [debug] [Thread-1 (]: On model.lemmaai_analytics.vw_parent_child_progress: /* {"app": "dbt", "dbt_version": "1.12.0", "profile_name": "lemmaai_analytics", "target_name": "dev", "node_id": "model.lemmaai_analytics.vw_parent_child_progress"} */

  create view "postgres"."analytics"."vw_parent_child_progress__dbt_tmp"
    
    
  as (
    

WITH link_ranked AS (
    SELECT
        l.*,
        ROW_NUMBER() OVER (
            PARTITION BY l.parent_id, l.student_id
            ORDER BY l.created_at DESC, l.student_parent_link_id DESC
        ) AS row_num
    FROM "postgres"."public"."student_parent_links" AS l
),
unique_link AS (
    SELECT l.*
    FROM link_ranked AS l
    WHERE l.row_num = 1
),
feature_ranked AS (
    SELECT
        f.*,
        ROW_NUMBER() OVER (
            PARTITION BY f.student_id, f.skill_id
            ORDER BY f.updated_at DESC, f.feature_id DESC
        ) AS row_num
    FROM "postgres"."public"."student_skill_features" AS f
),
feature_agg AS (
    SELECT
        f.student_id,
        SUM(f.total_attempts) AS total_answer_attempts,
        SUM(f.correct_attempts) AS correct_attempts,
        SUM(f.help_request_count) AS help_request_count,
        MAX(f.last_attempt_at) AS last_activity_at
    FROM feature_ranked AS f
    WHERE f.row_num = 1
    GROUP BY f.student_id
),
prediction_ranked AS (
    SELECT
        p.*,
        ROW_NUMBER() OVER (
            PARTITION BY p.student_id, p.skill_id
            ORDER BY p.predicted_at DESC, p.prediction_id DESC
        ) AS row_num
    FROM "postgres"."public"."student_skill_predictions" AS p
),
risk_agg AS (
    SELECT
        p.student_id,
        COUNT(*) FILTER (WHERE LOWER(p.risk_level) = 'at_risk') AS at_risk_skill_count,
        COUNT(*) FILTER (WHERE LOWER(p.risk_level) = 'needs_practice') AS needs_practice_skill_count
    FROM prediction_ranked AS p
    WHERE p.row_num = 1
    GROUP BY p.student_id
),
recommendation_agg AS (
    SELECT
        r.student_id,
        COUNT(*) FILTER (WHERE r.is_completed IS FALSE) AS active_recommendation_count,
        ((ARRAY_AGG(
            r.recommendation_text
            ORDER BY
                r.priority_level ASC,
                r.created_at DESC,
                r.recommendation_id DESC
        ) FILTER (WHERE r.is_completed IS FALSE)))[1] AS highest_priority_recommendation
    FROM "postgres"."public"."learning_recommendations" AS r
    GROUP BY r.student_id
)
SELECT
    l.parent_id,
    l.student_id,
    l.relationship_type,
    l.is_primary_guardian,
    cs.section_name,
    cs.grade_level,
    sp.learning_status,
    COALESCE(sp.current_streak, 0) AS current_streak,
    COALESCE(sp.total_star_points, 0::double precision) AS total_star_points,
    COALESCE(fa.total_answer_attempts, 0) AS total_answer_attempts,
    COALESCE(fa.correct_attempts, 0) AS correct_attempts,
    GREATEST(
        COALESCE(fa.total_answer_attempts, 0)
        - COALESCE(fa.correct_attempts, 0),
        0
    ) AS wrong_attempts,
    CASE
        WHEN COALESCE(fa.total_answer_attempts, 0) = 0 THEN NULL
        ELSE ROUND(
            COALESCE(fa.correct_attempts, 0)::numeric
            / fa.total_answer_attempts::numeric,
            4
        )
    END AS overall_accuracy_rate,
    COALESCE(fa.help_request_count, 0) AS help_request_count,
    fa.last_activity_at,
    COALESCE(rk.at_risk_skill_count, 0) AS at_risk_skill_count,
    COALESCE(rk.needs_practice_skill_count, 0) AS needs_practice_skill_count,
    COALESCE(ra.active_recommendation_count, 0) AS active_recommendation_count,
    ra.highest_priority_recommendation
FROM unique_link AS l
JOIN "postgres"."public"."parent_profiles" AS pp
    ON pp.parent_id = l.parent_id
JOIN "postgres"."public"."student_profiles" AS sp
    ON sp.student_id = l.student_id
LEFT JOIN "postgres"."public"."class_sections" AS cs
    ON cs.section_id = sp.section_id
LEFT JOIN feature_agg AS fa
    ON fa.student_id = l.student_id
LEFT JOIN risk_agg AS rk
    ON rk.student_id = l.student_id
LEFT JOIN recommendation_agg AS ra
    ON ra.student_id = l.student_id
  );
[0m21:55:50.926316 [debug] [Thread-4 (]: On model.lemmaai_analytics.vw_student_learning_summary: /* {"app": "dbt", "dbt_version": "1.12.0", "profile_name": "lemmaai_analytics", "target_name": "dev", "node_id": "model.lemmaai_analytics.vw_student_learning_summary"} */

  create view "postgres"."analytics"."vw_student_learning_summary__dbt_tmp"
    
    
  as (
    

with session_agg as (
    select
        student_id,
        count(*) as total_sessions,
        count(*) filter (where session_status = 'completed') as completed_sessions,
        max(coalesce(ended_at, started_at, created_at)) as last_session_at
    from "postgres"."public"."ai_sessions"
    group by student_id
),
attempt_agg as (
    select
        student_id,
        count(*) as total_answer_attempts,
        count(*) filter (where is_correct is true) as correct_attempts,
        count(*) filter (where is_correct is false) as wrong_attempts,
        max(created_at) as last_attempt_at
    from "postgres"."public"."student_attempts"
    group by student_id
),
help_agg as (
    select
        student_id,
        count(*) as help_request_count,
        max(created_at) as last_help_at
    from "postgres"."public"."student_help_events"
    group by student_id
),
prediction_ranked as (
    select
        student_id,
        predicted_mastery_score,
        risk_level,
        predicted_at,
        row_number() over (
            partition by student_id
            order by predicted_at desc, prediction_id desc
        ) as row_num
    from "postgres"."public"."student_skill_predictions"
),
latest_prediction as (
    select
        student_id,
        risk_level as latest_risk_level,
        predicted_mastery_score as latest_mastery_score,
        predicted_at as latest_prediction_at
    from prediction_ranked
    where row_num = 1
),
recommendation_agg as (
    select
        student_id,
        count(*) filter (where is_completed is false) as active_recommendation_count,
        ((array_agg(
            recommendation_text
            order by created_at desc, recommendation_id desc
        ) filter (where is_completed is false)))[1] as latest_recommendation_text
    from "postgres"."public"."learning_recommendations"
    group by student_id
)
select
    sp.student_id,
    cs.section_name,
    cs.grade_level,
    sp.learning_status,
    coalesce(sp.current_streak, 0) as current_streak,
    coalesce(sp.total_star_points, 0::double precision) as total_star_points,
    coalesce(sa.total_sessions, 0) as total_sessions,
    coalesce(sa.completed_sessions, 0) as completed_sessions,
    sa.last_session_at,
    coalesce(aa.total_answer_attempts, 0) as total_answer_attempts,
    coalesce(aa.correct_attempts, 0) as correct_attempts,
    coalesce(aa.wrong_attempts, 0) as wrong_attempts,
    aa.last_attempt_at,
    case when coalesce(aa.total_answer_attempts, 0) = 0 then null
        else round(coalesce(aa.correct_attempts, 0)::numeric / aa.total_answer_attempts::numeric, 4)
    end as overall_accuracy_rate,
    coalesce(ha.help_request_count, 0) as help_request_count,
    ha.last_help_at,
    case when coalesce(aa.total_answer_attempts, 0) + coalesce(ha.help_request_count, 0) = 0 then null
        else round(coalesce(ha.help_request_count, 0)::numeric / (coalesce(aa.total_answer_attempts, 0) + coalesce(ha.help_request_count, 0))::numeric, 4)
    end as help_request_rate,
    lp.latest_risk_level,
    lp.latest_mastery_score,
    lp.latest_prediction_at,
    coalesce(ra.active_recommendation_count, 0) as active_recommendation_count,
    ra.latest_recommendation_text,
    greatest(sa.last_session_at, aa.last_attempt_at, ha.last_help_at, lp.latest_prediction_at) as last_activity_at
from "postgres"."public"."student_profiles" as sp
left join "postgres"."public"."class_sections" as cs on cs.section_id = sp.section_id
left join session_agg as sa on sa.student_id = sp.student_id
left join attempt_agg as aa on aa.student_id = sp.student_id
left join help_agg as ha on ha.student_id = sp.student_id
left join latest_prediction as lp on lp.student_id = sp.student_id
left join recommendation_agg as ra on ra.student_id = sp.student_id
  );
[0m21:55:50.926815 [debug] [Thread-1 (]: Opening a new connection, currently in state closed
[0m21:55:50.927117 [debug] [Thread-4 (]: Opening a new connection, currently in state closed
[0m21:55:51.571221 [debug] [Thread-3 (]: SQL status: CREATE VIEW in 0.650 seconds
[0m21:55:51.571663 [debug] [Thread-2 (]: SQL status: CREATE VIEW in 0.649 seconds
[0m21:55:51.573586 [debug] [Thread-3 (]: Using postgres connection "model.lemmaai_analytics.vw_gamification_summary"
[0m21:55:51.575246 [debug] [Thread-2 (]: Using postgres connection "model.lemmaai_analytics.vw_guardrail_summary"
[0m21:55:51.575534 [debug] [Thread-3 (]: On model.lemmaai_analytics.vw_gamification_summary: /* {"app": "dbt", "dbt_version": "1.12.0", "profile_name": "lemmaai_analytics", "target_name": "dev", "node_id": "model.lemmaai_analytics.vw_gamification_summary"} */
alter table "postgres"."analytics"."vw_gamification_summary" rename to "vw_gamification_summary__dbt_backup"
[0m21:55:51.575798 [debug] [Thread-2 (]: On model.lemmaai_analytics.vw_guardrail_summary: /* {"app": "dbt", "dbt_version": "1.12.0", "profile_name": "lemmaai_analytics", "target_name": "dev", "node_id": "model.lemmaai_analytics.vw_guardrail_summary"} */
alter table "postgres"."analytics"."vw_guardrail_summary" rename to "vw_guardrail_summary__dbt_backup"
[0m21:55:51.588340 [debug] [Thread-4 (]: SQL status: CREATE VIEW in 0.661 seconds
[0m21:55:51.590286 [debug] [Thread-4 (]: Using postgres connection "model.lemmaai_analytics.vw_student_learning_summary"
[0m21:55:51.590596 [debug] [Thread-4 (]: On model.lemmaai_analytics.vw_student_learning_summary: /* {"app": "dbt", "dbt_version": "1.12.0", "profile_name": "lemmaai_analytics", "target_name": "dev", "node_id": "model.lemmaai_analytics.vw_student_learning_summary"} */
alter table "postgres"."analytics"."vw_student_learning_summary" rename to "vw_student_learning_summary__dbt_backup"
[0m21:55:51.590952 [debug] [Thread-1 (]: SQL status: CREATE VIEW in 0.664 seconds
[0m21:55:51.595339 [debug] [Thread-1 (]: Using postgres connection "model.lemmaai_analytics.vw_parent_child_progress"
[0m21:55:51.595659 [debug] [Thread-1 (]: On model.lemmaai_analytics.vw_parent_child_progress: /* {"app": "dbt", "dbt_version": "1.12.0", "profile_name": "lemmaai_analytics", "target_name": "dev", "node_id": "model.lemmaai_analytics.vw_parent_child_progress"} */
alter table "postgres"."analytics"."vw_parent_child_progress" rename to "vw_parent_child_progress__dbt_backup"
[0m21:55:51.654653 [debug] [Thread-2 (]: SQL status: ALTER TABLE in 0.078 seconds
[0m21:55:51.656531 [debug] [Thread-2 (]: Using postgres connection "model.lemmaai_analytics.vw_guardrail_summary"
[0m21:55:51.656837 [debug] [Thread-2 (]: On model.lemmaai_analytics.vw_guardrail_summary: /* {"app": "dbt", "dbt_version": "1.12.0", "profile_name": "lemmaai_analytics", "target_name": "dev", "node_id": "model.lemmaai_analytics.vw_guardrail_summary"} */
alter table "postgres"."analytics"."vw_guardrail_summary__dbt_tmp" rename to "vw_guardrail_summary"
[0m21:55:51.657183 [debug] [Thread-3 (]: SQL status: ALTER TABLE in 0.081 seconds
[0m21:55:51.658763 [debug] [Thread-3 (]: Using postgres connection "model.lemmaai_analytics.vw_gamification_summary"
[0m21:55:51.659015 [debug] [Thread-3 (]: On model.lemmaai_analytics.vw_gamification_summary: /* {"app": "dbt", "dbt_version": "1.12.0", "profile_name": "lemmaai_analytics", "target_name": "dev", "node_id": "model.lemmaai_analytics.vw_gamification_summary"} */
alter table "postgres"."analytics"."vw_gamification_summary__dbt_tmp" rename to "vw_gamification_summary"
[0m21:55:51.671080 [debug] [Thread-4 (]: SQL status: ALTER TABLE in 0.080 seconds
[0m21:55:51.672882 [debug] [Thread-4 (]: Using postgres connection "model.lemmaai_analytics.vw_student_learning_summary"
[0m21:55:51.673195 [debug] [Thread-4 (]: On model.lemmaai_analytics.vw_student_learning_summary: /* {"app": "dbt", "dbt_version": "1.12.0", "profile_name": "lemmaai_analytics", "target_name": "dev", "node_id": "model.lemmaai_analytics.vw_student_learning_summary"} */
alter table "postgres"."analytics"."vw_student_learning_summary__dbt_tmp" rename to "vw_student_learning_summary"
[0m21:55:51.675771 [debug] [Thread-1 (]: SQL status: ALTER TABLE in 0.080 seconds
[0m21:55:51.677471 [debug] [Thread-1 (]: Using postgres connection "model.lemmaai_analytics.vw_parent_child_progress"
[0m21:55:51.677749 [debug] [Thread-1 (]: On model.lemmaai_analytics.vw_parent_child_progress: /* {"app": "dbt", "dbt_version": "1.12.0", "profile_name": "lemmaai_analytics", "target_name": "dev", "node_id": "model.lemmaai_analytics.vw_parent_child_progress"} */
alter table "postgres"."analytics"."vw_parent_child_progress__dbt_tmp" rename to "vw_parent_child_progress"
[0m21:55:51.736240 [debug] [Thread-2 (]: SQL status: ALTER TABLE in 0.079 seconds
[0m21:55:51.737597 [debug] [Thread-2 (]: On model.lemmaai_analytics.vw_guardrail_summary: COMMIT
[0m21:55:51.737884 [debug] [Thread-2 (]: Using postgres connection "model.lemmaai_analytics.vw_guardrail_summary"
[0m21:55:51.738232 [debug] [Thread-2 (]: On model.lemmaai_analytics.vw_guardrail_summary: COMMIT
[0m21:55:51.738595 [debug] [Thread-3 (]: SQL status: ALTER TABLE in 0.079 seconds
[0m21:55:51.739797 [debug] [Thread-3 (]: On model.lemmaai_analytics.vw_gamification_summary: COMMIT
[0m21:55:51.740037 [debug] [Thread-3 (]: Using postgres connection "model.lemmaai_analytics.vw_gamification_summary"
[0m21:55:51.740274 [debug] [Thread-3 (]: On model.lemmaai_analytics.vw_gamification_summary: COMMIT
[0m21:55:51.752900 [debug] [Thread-4 (]: SQL status: ALTER TABLE in 0.079 seconds
[0m21:55:51.754633 [debug] [Thread-4 (]: On model.lemmaai_analytics.vw_student_learning_summary: COMMIT
[0m21:55:51.755014 [debug] [Thread-4 (]: Using postgres connection "model.lemmaai_analytics.vw_student_learning_summary"
[0m21:55:51.755379 [debug] [Thread-4 (]: On model.lemmaai_analytics.vw_student_learning_summary: COMMIT
[0m21:55:51.758371 [debug] [Thread-1 (]: SQL status: ALTER TABLE in 0.080 seconds
[0m21:55:51.759797 [debug] [Thread-1 (]: On model.lemmaai_analytics.vw_parent_child_progress: COMMIT
[0m21:55:51.760090 [debug] [Thread-1 (]: Using postgres connection "model.lemmaai_analytics.vw_parent_child_progress"
[0m21:55:51.760327 [debug] [Thread-1 (]: On model.lemmaai_analytics.vw_parent_child_progress: COMMIT
[0m21:55:51.817496 [debug] [Thread-2 (]: SQL status: COMMIT in 0.079 seconds
[0m21:55:51.819119 [debug] [Thread-2 (]: Applying DROP to: "postgres"."analytics"."vw_guardrail_summary__dbt_backup"
[0m21:55:51.819706 [debug] [Thread-2 (]: Using postgres connection "model.lemmaai_analytics.vw_guardrail_summary"
[0m21:55:51.819959 [debug] [Thread-2 (]: On model.lemmaai_analytics.vw_guardrail_summary: /* {"app": "dbt", "dbt_version": "1.12.0", "profile_name": "lemmaai_analytics", "target_name": "dev", "node_id": "model.lemmaai_analytics.vw_guardrail_summary"} */
drop view if exists "postgres"."analytics"."vw_guardrail_summary__dbt_backup" cascade
[0m21:55:51.820301 [debug] [Thread-3 (]: SQL status: COMMIT in 0.080 seconds
[0m21:55:51.821846 [debug] [Thread-3 (]: Applying DROP to: "postgres"."analytics"."vw_gamification_summary__dbt_backup"
[0m21:55:51.822347 [debug] [Thread-3 (]: Using postgres connection "model.lemmaai_analytics.vw_gamification_summary"
[0m21:55:51.822587 [debug] [Thread-3 (]: On model.lemmaai_analytics.vw_gamification_summary: /* {"app": "dbt", "dbt_version": "1.12.0", "profile_name": "lemmaai_analytics", "target_name": "dev", "node_id": "model.lemmaai_analytics.vw_gamification_summary"} */
drop view if exists "postgres"."analytics"."vw_gamification_summary__dbt_backup" cascade
[0m21:55:51.836172 [debug] [Thread-4 (]: SQL status: COMMIT in 0.080 seconds
[0m21:55:51.838107 [debug] [Thread-4 (]: Applying DROP to: "postgres"."analytics"."vw_student_learning_summary__dbt_backup"
[0m21:55:51.838859 [debug] [Thread-4 (]: Using postgres connection "model.lemmaai_analytics.vw_student_learning_summary"
[0m21:55:51.839210 [debug] [Thread-4 (]: On model.lemmaai_analytics.vw_student_learning_summary: /* {"app": "dbt", "dbt_version": "1.12.0", "profile_name": "lemmaai_analytics", "target_name": "dev", "node_id": "model.lemmaai_analytics.vw_student_learning_summary"} */
drop view if exists "postgres"."analytics"."vw_student_learning_summary__dbt_backup" cascade
[0m21:55:51.839898 [debug] [Thread-1 (]: SQL status: COMMIT in 0.079 seconds
[0m21:55:51.841197 [debug] [Thread-1 (]: Applying DROP to: "postgres"."analytics"."vw_parent_child_progress__dbt_backup"
[0m21:55:51.841824 [debug] [Thread-1 (]: Using postgres connection "model.lemmaai_analytics.vw_parent_child_progress"
[0m21:55:51.842122 [debug] [Thread-1 (]: On model.lemmaai_analytics.vw_parent_child_progress: /* {"app": "dbt", "dbt_version": "1.12.0", "profile_name": "lemmaai_analytics", "target_name": "dev", "node_id": "model.lemmaai_analytics.vw_parent_child_progress"} */
drop view if exists "postgres"."analytics"."vw_parent_child_progress__dbt_backup" cascade
[0m21:55:51.901079 [debug] [Thread-2 (]: SQL status: DROP VIEW in 0.081 seconds
[0m21:55:51.902303 [debug] [Thread-2 (]: On model.lemmaai_analytics.vw_guardrail_summary: Close
[0m21:55:51.902889 [debug] [Thread-3 (]: SQL status: DROP VIEW in 0.080 seconds
[0m21:55:51.903973 [debug] [Thread-3 (]: On model.lemmaai_analytics.vw_gamification_summary: Close
[0m21:55:51.904448 [debug] [Thread-2 (]: Sending event: {'category': 'dbt', 'action': 'run_model', 'label': '1f3bd717-7288-4f7c-ba2d-0642055efca1', 'context': [<snowplow_tracker.self_describing_json.SelfDescribingJson object at 0x0000025709C254F0>]}
[0m21:55:51.905335 [debug] [Thread-3 (]: Sending event: {'category': 'dbt', 'action': 'run_model', 'label': '1f3bd717-7288-4f7c-ba2d-0642055efca1', 'context': [<snowplow_tracker.self_describing_json.SelfDescribingJson object at 0x0000025709C25490>]}
[0m21:55:51.904914 [info ] [Thread-2 (]: 6 of 9 OK created sql view model analytics.vw_guardrail_summary ................ [[32mCREATE VIEW[0m in 1.01s]
[0m21:55:51.906389 [debug] [Thread-2 (]: Finished running node model.lemmaai_analytics.vw_guardrail_summary
[0m21:55:51.906699 [debug] [Thread-2 (]: Began running node model.lemmaai_analytics.vw_student_skill_mastery
[0m21:55:51.905988 [info ] [Thread-3 (]: 5 of 9 OK created sql view model analytics.vw_gamification_summary ............. [[32mCREATE VIEW[0m in 1.01s]
[0m21:55:51.907426 [debug] [Thread-3 (]: Finished running node model.lemmaai_analytics.vw_gamification_summary
[0m21:55:51.907041 [info ] [Thread-2 (]: 9 of 9 START sql view model analytics.vw_student_skill_mastery ................. [RUN]
[0m21:55:51.907940 [debug] [Thread-2 (]: Re-using an available connection from the pool (formerly model.lemmaai_analytics.vw_guardrail_summary, now model.lemmaai_analytics.vw_student_skill_mastery)
[0m21:55:51.908181 [debug] [Thread-2 (]: Began compiling node model.lemmaai_analytics.vw_student_skill_mastery
[0m21:55:51.910852 [debug] [Thread-2 (]: Writing injected SQL for node "model.lemmaai_analytics.vw_student_skill_mastery"
[0m21:55:51.912064 [debug] [Thread-2 (]: Began executing node model.lemmaai_analytics.vw_student_skill_mastery
[0m21:55:51.914855 [debug] [Thread-2 (]: Writing runtime sql for node "model.lemmaai_analytics.vw_student_skill_mastery"
[0m21:55:51.915892 [debug] [Thread-2 (]: Using postgres connection "model.lemmaai_analytics.vw_student_skill_mastery"
[0m21:55:51.916255 [debug] [Thread-2 (]: On model.lemmaai_analytics.vw_student_skill_mastery: /* {"app": "dbt", "dbt_version": "1.12.0", "profile_name": "lemmaai_analytics", "target_name": "dev", "node_id": "model.lemmaai_analytics.vw_student_skill_mastery"} */

  create view "postgres"."analytics"."vw_student_skill_mastery__dbt_tmp"
    
    
  as (
    

WITH feature_ranked AS (
    SELECT
        f.*,
        ROW_NUMBER() OVER (
            PARTITION BY f.student_id, f.skill_id
            ORDER BY f.updated_at DESC, f.feature_id DESC
        ) AS row_num
    FROM "postgres"."public"."student_skill_features" AS f
),
latest_feature AS (
    SELECT f.*
    FROM feature_ranked AS f
    WHERE f.row_num = 1
),
prediction_ranked AS (
    SELECT
        p.*,
        ROW_NUMBER() OVER (
            PARTITION BY p.student_id, p.skill_id
            ORDER BY p.predicted_at DESC, p.prediction_id DESC
        ) AS row_num
    FROM "postgres"."public"."student_skill_predictions" AS p
),
latest_prediction AS (
    SELECT p.*
    FROM prediction_ranked AS p
    WHERE p.row_num = 1
),
student_skill_keys AS (
    SELECT f.student_id, f.skill_id
    FROM latest_feature AS f
    UNION
    SELECT p.student_id, p.skill_id
    FROM latest_prediction AS p
)
SELECT
    k.student_id,
    cs.grade_level,
    k.skill_id,
    ms.skill_name,
    mt.topic_name,
    COALESCE(f.total_attempts, 0) AS total_answer_attempts,
    COALESCE(f.correct_attempts, 0) AS correct_attempts,
    GREATEST(
        COALESCE(f.total_attempts, 0) - COALESCE(f.correct_attempts, 0),
        0
    ) AS wrong_attempts,
    f.accuracy_rate,
    f.avg_time_spent,
    f.hint_usage_rate,
    COALESCE(f.help_request_count, 0) AS help_request_count,
    f.help_request_rate,
    COALESCE(f.failed_loop_count, 0) AS failed_loop_count,
    COALESCE(f.dda_trigger_count, 0) AS dda_trigger_count,
    COALESCE(f.show_me_count, 0) AS show_me_count,
    f.recent_score_avg,
    f.last_attempt_at,
    p.predicted_mastery_score,
    p.risk_level,
    dl.difficulty_name AS recommended_difficulty_name,
    dl.numerical_value AS recommended_difficulty_value,
    p.recommended_action,
    p.predicted_at
FROM student_skill_keys AS k
JOIN "postgres"."public"."student_profiles" AS sp
    ON sp.student_id = k.student_id
LEFT JOIN "postgres"."public"."class_sections" AS cs
    ON cs.section_id = sp.section_id
JOIN "postgres"."public"."math_skills" AS ms
    ON ms.skill_id = k.skill_id
LEFT JOIN "postgres"."public"."math_topics" AS mt
    ON mt.topic_id = ms.topic_id
LEFT JOIN latest_feature AS f
    ON f.student_id = k.student_id
   AND f.skill_id = k.skill_id
LEFT JOIN latest_prediction AS p
    ON p.student_id = k.student_id
   AND p.skill_id = k.skill_id
LEFT JOIN "postgres"."public"."difficulty_levels" AS dl
    ON dl.difficulty_id = p.recommended_difficulty_id
  );
[0m21:55:51.916594 [debug] [Thread-2 (]: Opening a new connection, currently in state closed
[0m21:55:51.922730 [debug] [Thread-4 (]: SQL status: DROP VIEW in 0.083 seconds
[0m21:55:51.923950 [debug] [Thread-4 (]: On model.lemmaai_analytics.vw_student_learning_summary: Close
[0m21:55:51.924252 [debug] [Thread-1 (]: SQL status: DROP VIEW in 0.082 seconds
[0m21:55:51.925365 [debug] [Thread-1 (]: On model.lemmaai_analytics.vw_parent_child_progress: Close
[0m21:55:51.925928 [debug] [Thread-4 (]: Sending event: {'category': 'dbt', 'action': 'run_model', 'label': '1f3bd717-7288-4f7c-ba2d-0642055efca1', 'context': [<snowplow_tracker.self_describing_json.SelfDescribingJson object at 0x0000025709C25730>]}
[0m21:55:51.926810 [debug] [Thread-1 (]: Sending event: {'category': 'dbt', 'action': 'run_model', 'label': '1f3bd717-7288-4f7c-ba2d-0642055efca1', 'context': [<snowplow_tracker.self_describing_json.SelfDescribingJson object at 0x0000025709C25190>]}
[0m21:55:51.926424 [info ] [Thread-4 (]: 8 of 9 OK created sql view model analytics.vw_student_learning_summary ......... [[32mCREATE VIEW[0m in 1.03s]
[0m21:55:51.927770 [debug] [Thread-4 (]: Finished running node model.lemmaai_analytics.vw_student_learning_summary
[0m21:55:51.927366 [info ] [Thread-1 (]: 7 of 9 OK created sql view model analytics.vw_parent_child_progress ............ [[32mCREATE VIEW[0m in 1.03s]
[0m21:55:51.928406 [debug] [Thread-1 (]: Finished running node model.lemmaai_analytics.vw_parent_child_progress
[0m21:55:52.571350 [debug] [Thread-2 (]: SQL status: CREATE VIEW in 0.655 seconds
[0m21:55:52.573406 [debug] [Thread-2 (]: Using postgres connection "model.lemmaai_analytics.vw_student_skill_mastery"
[0m21:55:52.573771 [debug] [Thread-2 (]: On model.lemmaai_analytics.vw_student_skill_mastery: /* {"app": "dbt", "dbt_version": "1.12.0", "profile_name": "lemmaai_analytics", "target_name": "dev", "node_id": "model.lemmaai_analytics.vw_student_skill_mastery"} */
alter table "postgres"."analytics"."vw_student_skill_mastery" rename to "vw_student_skill_mastery__dbt_backup"
[0m21:55:52.656044 [debug] [Thread-2 (]: SQL status: ALTER TABLE in 0.082 seconds
[0m21:55:52.657969 [debug] [Thread-2 (]: Using postgres connection "model.lemmaai_analytics.vw_student_skill_mastery"
[0m21:55:52.658240 [debug] [Thread-2 (]: On model.lemmaai_analytics.vw_student_skill_mastery: /* {"app": "dbt", "dbt_version": "1.12.0", "profile_name": "lemmaai_analytics", "target_name": "dev", "node_id": "model.lemmaai_analytics.vw_student_skill_mastery"} */
alter table "postgres"."analytics"."vw_student_skill_mastery__dbt_tmp" rename to "vw_student_skill_mastery"
[0m21:55:52.740412 [debug] [Thread-2 (]: SQL status: ALTER TABLE in 0.082 seconds
[0m21:55:52.743985 [debug] [Thread-2 (]: On model.lemmaai_analytics.vw_student_skill_mastery: COMMIT
[0m21:55:52.744491 [debug] [Thread-2 (]: Using postgres connection "model.lemmaai_analytics.vw_student_skill_mastery"
[0m21:55:52.745755 [debug] [Thread-2 (]: On model.lemmaai_analytics.vw_student_skill_mastery: COMMIT
[0m21:55:52.828259 [debug] [Thread-2 (]: SQL status: COMMIT in 0.082 seconds
[0m21:55:52.830707 [debug] [Thread-2 (]: Applying DROP to: "postgres"."analytics"."vw_student_skill_mastery__dbt_backup"
[0m21:55:52.831843 [debug] [Thread-2 (]: Using postgres connection "model.lemmaai_analytics.vw_student_skill_mastery"
[0m21:55:52.832244 [debug] [Thread-2 (]: On model.lemmaai_analytics.vw_student_skill_mastery: /* {"app": "dbt", "dbt_version": "1.12.0", "profile_name": "lemmaai_analytics", "target_name": "dev", "node_id": "model.lemmaai_analytics.vw_student_skill_mastery"} */
drop view if exists "postgres"."analytics"."vw_student_skill_mastery__dbt_backup" cascade
[0m21:55:52.916440 [debug] [Thread-2 (]: SQL status: DROP VIEW in 0.084 seconds
[0m21:55:52.918458 [debug] [Thread-2 (]: On model.lemmaai_analytics.vw_student_skill_mastery: Close
[0m21:55:52.919411 [debug] [Thread-2 (]: Sending event: {'category': 'dbt', 'action': 'run_model', 'label': '1f3bd717-7288-4f7c-ba2d-0642055efca1', 'context': [<snowplow_tracker.self_describing_json.SelfDescribingJson object at 0x0000025709D2D250>]}
[0m21:55:52.920187 [info ] [Thread-2 (]: 9 of 9 OK created sql view model analytics.vw_student_skill_mastery ............ [[32mCREATE VIEW[0m in 1.01s]
[0m21:55:52.921245 [debug] [Thread-2 (]: Finished running node model.lemmaai_analytics.vw_student_skill_mastery
[0m21:55:52.922872 [debug] [MainThread]: On master: COMMIT
[0m21:55:52.923191 [debug] [MainThread]: Using postgres connection "master"
[0m21:55:52.923407 [debug] [MainThread]: On master: COMMIT
[0m21:55:52.923583 [debug] [MainThread]: Opening a new connection, currently in state closed
[0m21:55:53.580321 [debug] [MainThread]: SQL status: COMMIT in 0.657 seconds
[0m21:55:53.580667 [debug] [MainThread]: On master: Close
[0m21:55:53.581187 [debug] [MainThread]: Connection 'master' was properly closed.
[0m21:55:53.581388 [debug] [MainThread]: Connection 'list_postgres' was properly closed.
[0m21:55:53.581543 [debug] [MainThread]: Connection 'list_postgres_analytics' was properly closed.
[0m21:55:53.581692 [debug] [MainThread]: Connection 'model.lemmaai_analytics.vw_gamification_summary' was properly closed.
[0m21:55:53.581881 [debug] [MainThread]: Connection 'model.lemmaai_analytics.vw_parent_child_progress' was properly closed.
[0m21:55:53.582027 [debug] [MainThread]: Connection 'model.lemmaai_analytics.vw_student_skill_mastery' was properly closed.
[0m21:55:53.582158 [debug] [MainThread]: Connection 'model.lemmaai_analytics.vw_student_learning_summary' was properly closed.
[0m21:55:53.582409 [info ] [MainThread]: 
[0m21:55:53.582889 [info ] [MainThread]: Finished running 3 materialized view models, 6 view models in 0 hours 0 minutes and 9.04 seconds (9.04s).
[0m21:55:53.584291 [debug] [MainThread]: Command end result
[0m21:55:53.612317 [debug] [MainThread]: Wrote artifact WritableManifest to dbt_collieai\target\manifest.json
[0m21:55:53.615192 [debug] [MainThread]: Wrote artifact SemanticManifest to dbt_collieai\target\semantic_manifest.json
[0m21:55:53.618202 [debug] [MainThread]: Wrote artifact OsiDocument to dbt_collieai\target\osi_document.json
[0m21:55:53.625191 [debug] [MainThread]: Wrote artifact RunExecutionResult to dbt_collieai\target\run_results.json
[0m21:55:53.625566 [info ] [MainThread]: 
[0m21:55:53.626079 [info ] [MainThread]: [32mCompleted successfully[0m
[0m21:55:53.626620 [info ] [MainThread]: 
[0m21:55:53.627201 [info ] [MainThread]: Done. PASS=9 WARN=0 ERROR=0 SKIP=0 NO-OP=0 REUSED=0 TOTAL=9
[0m21:55:53.628015 [debug] [MainThread]: Command `dbt run` succeeded at 21:55:53.627921 after 10.69 seconds
[0m21:55:53.628305 [debug] [MainThread]: Sending event: {'category': 'dbt', 'action': 'invocation', 'label': 'end', 'context': [<snowplow_tracker.self_describing_json.SelfDescribingJson object at 0x0000025708EF2870>, <snowplow_tracker.self_describing_json.SelfDescribingJson object at 0x000002570997E690>, <snowplow_tracker.self_describing_json.SelfDescribingJson object at 0x00000257098C3650>]}
[0m21:55:53.628562 [debug] [MainThread]: Flushing usage events
[0m21:55:54.860920 [debug] [MainThread]: An error was encountered while trying to flush usage events
[0m21:55:57.210524 [debug] [MainThread]: Sending event: {'category': 'dbt', 'action': 'invocation', 'label': 'start', 'context': [<snowplow_tracker.self_describing_json.SelfDescribingJson object at 0x000001FAC91AD160>, <snowplow_tracker.self_describing_json.SelfDescribingJson object at 0x000001FACB91FED0>, <snowplow_tracker.self_describing_json.SelfDescribingJson object at 0x000001FACB91F890>]}


============================== 21:55:57.215138 | f3113af4-2f4f-4a2c-b93c-64fc79d81bb0 ==============================
[0m21:55:57.215138 [info ] [MainThread]: Running with dbt=1.12.0
[0m21:55:57.215915 [debug] [MainThread]: running dbt with arguments {'version_check': 'True', 'no_print': 'None', 'maximum_seed_size_mib': '1', 'target_path': 'None', 'warn_error_options': 'WarnErrorOptionsV2(error=[], warn=[], silence=[])', 'static_parser': 'True', 'printer_width': '80', 'write_json': 'True', 'empty': 'None', 'log_cache_events': 'False', 'introspect': 'True', 'cache_selected_only': 'False', 'log_format': 'default', 'debug': 'False', 'fail_fast': 'False', 'profiles_dir': 'dbt_collieai', 'send_anonymous_usage_stats': 'True', 'quiet': 'False', 'warn_error': 'None', 'partial_parse': 'True', 'invocation_command': 'dbt docs generate --project-dir dbt_collieai --profiles-dir dbt_collieai', 'hints_enabled': 'True', 'use_colors': 'True', 'use_experimental_parser': 'False', 'indirect_selection': 'eager', 'log_path': 'dbt_collieai\\logs'}
[0m21:55:57.360948 [debug] [MainThread]: Sending event: {'category': 'dbt', 'action': 'project_id', 'label': 'f3113af4-2f4f-4a2c-b93c-64fc79d81bb0', 'context': [<snowplow_tracker.self_describing_json.SelfDescribingJson object at 0x000001FAC9881810>]}
[0m21:55:57.412228 [debug] [MainThread]: Sending event: {'category': 'dbt', 'action': 'adapter_info', 'label': 'f3113af4-2f4f-4a2c-b93c-64fc79d81bb0', 'context': [<snowplow_tracker.self_describing_json.SelfDescribingJson object at 0x000001FAC76D5BF0>]}
[0m21:55:57.413741 [info ] [MainThread]: Registered adapter: postgres=1.11.0
[0m21:55:57.564926 [debug] [MainThread]: checksum: eee4aa8f446f04cd153f3bb6462f41ca5fe29389c36d13d7747846389170d6ce, vars: {}, profile: lemmaai_analytics, target: dev, version: 1.12.0
[0m21:55:57.735576 [debug] [MainThread]: Partial parsing enabled: 0 files deleted, 0 files added, 0 files changed.
[0m21:55:57.735904 [debug] [MainThread]: Nothing changed, skipping partial parsing.
[0m21:55:57.736127 [debug] [MainThread]: Partial parsing enabled, no changes found, skipping parsing
[0m21:55:57.743156 [debug] [MainThread]: Sending event: {'category': 'dbt', 'action': 'load_project', 'label': 'f3113af4-2f4f-4a2c-b93c-64fc79d81bb0', 'context': [<snowplow_tracker.self_describing_json.SelfDescribingJson object at 0x000001FACC0C1C50>]}
[0m21:55:57.776781 [debug] [MainThread]: Sending event: {'category': 'dbt', 'action': 'resource_counts', 'label': 'f3113af4-2f4f-4a2c-b93c-64fc79d81bb0', 'context': [<snowplow_tracker.self_describing_json.SelfDescribingJson object at 0x000001FACBF672F0>]}
[0m21:55:57.777233 [info ] [MainThread]: Found 9 models, 41 sources, 477 macros
[0m21:55:57.777792 [debug] [MainThread]: Sending event: {'category': 'dbt', 'action': 'runnable_timing', 'label': 'f3113af4-2f4f-4a2c-b93c-64fc79d81bb0', 'context': [<snowplow_tracker.self_describing_json.SelfDescribingJson object at 0x000001FACC13BBD0>]}
[0m21:55:57.779863 [info ] [MainThread]: 
[0m21:55:57.780295 [info ] [MainThread]: Concurrency: 4 threads (target='dev')
[0m21:55:57.780765 [info ] [MainThread]: 
[0m21:55:57.782438 [debug] [MainThread]: Acquiring new postgres connection 'master'
[0m21:55:57.786953 [debug] [ThreadPool]: Acquiring new postgres connection 'list_postgres_analytics'
[0m21:55:57.832802 [debug] [ThreadPool]: Using postgres connection "list_postgres_analytics"
[0m21:55:57.833151 [debug] [ThreadPool]: On list_postgres_analytics: /* {"app": "dbt", "dbt_version": "1.12.0", "profile_name": "lemmaai_analytics", "target_name": "dev", "connection_name": "list_postgres_analytics"} */
select
      'postgres' as database,
      tablename as name,
      schemaname as schema,
      'table' as type
    from pg_tables
    where schemaname ilike 'analytics'
    union all
    select
      'postgres' as database,
      viewname as name,
      schemaname as schema,
      'view' as type
    from pg_views
    where schemaname ilike 'analytics'
    union all
    select
      'postgres' as database,
      matviewname as name,
      schemaname as schema,
      'materialized_view' as type
    from pg_matviews
    where schemaname ilike 'analytics'
    union all
    select distinct
     'postgres' as database,
     proname as name,
     ns.nspname as schema,
     'function' as type
    from pg_proc
     join pg_namespace as ns on pronamespace = ns.oid
    where ns.nspname ilike 'analytics'
  
[0m21:55:57.833394 [debug] [ThreadPool]: Opening a new connection, currently in state init
[0m21:55:58.503819 [debug] [ThreadPool]: SQL status: SELECT 9 in 0.670 seconds
[0m21:55:58.505107 [debug] [ThreadPool]: On list_postgres_analytics: ROLLBACK
[0m21:55:58.584114 [debug] [ThreadPool]: On list_postgres_analytics: Close
[0m21:55:58.589086 [debug] [MainThread]: Using postgres connection "master"
[0m21:55:58.589640 [debug] [MainThread]: On master: /* {"app": "dbt", "dbt_version": "1.12.0", "profile_name": "lemmaai_analytics", "target_name": "dev", "connection_name": "master"} */
select distinct
        dependent_namespace.nspname as dependent_schema,
        dependent_class.relname as dependent_name,
        referenced_namespace.nspname as referenced_schema,
        referenced_class.relname as referenced_name

    -- Query for views: views are entries in pg_class with an entry in pg_rewrite, but we avoid
    -- a seq scan on pg_rewrite by leveraging the fact there is an "internal" row in pg_depend for
    -- the view...
    from pg_class as dependent_class
    join pg_namespace as dependent_namespace on dependent_namespace.oid = dependent_class.relnamespace
    join pg_depend as dependent_depend on dependent_depend.refobjid = dependent_class.oid
        and dependent_depend.classid = 'pg_rewrite'::regclass
        and dependent_depend.refclassid = 'pg_class'::regclass
        and dependent_depend.deptype = 'i'

    -- ... and via pg_depend (that has a row per column, hence the need for "distinct" above, and
    -- making sure to exclude the internal row to avoid a view appearing to depend on itself)...
    join pg_depend as joining_depend on joining_depend.objid = dependent_depend.objid
        and joining_depend.classid = 'pg_rewrite'::regclass
        and joining_depend.refclassid = 'pg_class'::regclass
        and joining_depend.refobjid != dependent_depend.refobjid

    -- ... we can find the tables they query from in pg_class, but excluding system tables. Note we
    -- don't need need to exclude _dependent_ system tables, because they only query from other
    -- system tables, and so are automatically excluded by excluding _referenced_ system tables
    join pg_class as referenced_class on referenced_class.oid = joining_depend.refobjid
    join pg_namespace as referenced_namespace on referenced_namespace.oid = referenced_class.relnamespace
        and referenced_namespace.nspname != 'information_schema'
        and referenced_namespace.nspname not like 'pg\_%'

    order by
        dependent_schema, dependent_name, referenced_schema, referenced_name;
[0m21:55:58.590077 [debug] [MainThread]: Opening a new connection, currently in state init
[0m21:55:59.255556 [debug] [MainThread]: SQL status: SELECT 131 in 0.665 seconds
[0m21:55:59.258331 [debug] [MainThread]: Sending event: {'category': 'dbt', 'action': 'runnable_timing', 'label': 'f3113af4-2f4f-4a2c-b93c-64fc79d81bb0', 'context': [<snowplow_tracker.self_describing_json.SelfDescribingJson object at 0x000001FACC39C7A0>]}
[0m21:55:59.258735 [debug] [MainThread]: On master: ROLLBACK
[0m21:55:59.338942 [debug] [MainThread]: On master: Close
[0m21:55:59.343586 [debug] [Thread-1 (]: Began running node model.lemmaai_analytics.mv_daily_student_performance
[0m21:55:59.344099 [debug] [Thread-1 (]: Acquiring new postgres connection 'model.lemmaai_analytics.mv_daily_student_performance'
[0m21:55:59.344386 [debug] [Thread-1 (]: Began compiling node model.lemmaai_analytics.mv_daily_student_performance
[0m21:55:59.351292 [debug] [Thread-1 (]: Writing injected SQL for node "model.lemmaai_analytics.mv_daily_student_performance"
[0m21:55:59.351645 [debug] [Thread-3 (]: Began running node model.lemmaai_analytics.mv_weekly_skill_mastery
[0m21:55:59.351895 [debug] [Thread-2 (]: Began running node model.lemmaai_analytics.mv_topic_failure_patterns
[0m21:55:59.352116 [debug] [Thread-4 (]: Began running node model.lemmaai_analytics.vw_dda_effectiveness
[0m21:55:59.352591 [debug] [Thread-3 (]: Acquiring new postgres connection 'model.lemmaai_analytics.mv_weekly_skill_mastery'
[0m21:55:59.353087 [debug] [Thread-2 (]: Acquiring new postgres connection 'model.lemmaai_analytics.mv_topic_failure_patterns'
[0m21:55:59.353491 [debug] [Thread-4 (]: Acquiring new postgres connection 'model.lemmaai_analytics.vw_dda_effectiveness'
[0m21:55:59.353863 [debug] [Thread-3 (]: Began compiling node model.lemmaai_analytics.mv_weekly_skill_mastery
[0m21:55:59.354132 [debug] [Thread-2 (]: Began compiling node model.lemmaai_analytics.mv_topic_failure_patterns
[0m21:55:59.354454 [debug] [Thread-4 (]: Began compiling node model.lemmaai_analytics.vw_dda_effectiveness
[0m21:55:59.354717 [debug] [Thread-1 (]: Began executing node model.lemmaai_analytics.mv_daily_student_performance
[0m21:55:59.358493 [debug] [Thread-3 (]: Writing injected SQL for node "model.lemmaai_analytics.mv_weekly_skill_mastery"
[0m21:55:59.361772 [debug] [Thread-2 (]: Writing injected SQL for node "model.lemmaai_analytics.mv_topic_failure_patterns"
[0m21:55:59.365197 [debug] [Thread-4 (]: Writing injected SQL for node "model.lemmaai_analytics.vw_dda_effectiveness"
[0m21:55:59.365836 [debug] [Thread-1 (]: Finished running node model.lemmaai_analytics.mv_daily_student_performance
[0m21:55:59.366444 [debug] [Thread-1 (]: Began running node model.lemmaai_analytics.vw_gamification_summary
[0m21:55:59.366764 [debug] [Thread-1 (]: Re-using an available connection from the pool (formerly model.lemmaai_analytics.mv_daily_student_performance, now model.lemmaai_analytics.vw_gamification_summary)
[0m21:55:59.367026 [debug] [Thread-1 (]: Began compiling node model.lemmaai_analytics.vw_gamification_summary
[0m21:55:59.370757 [debug] [Thread-1 (]: Writing injected SQL for node "model.lemmaai_analytics.vw_gamification_summary"
[0m21:55:59.372694 [debug] [Thread-2 (]: Began executing node model.lemmaai_analytics.mv_topic_failure_patterns
[0m21:55:59.373548 [debug] [Thread-2 (]: Finished running node model.lemmaai_analytics.mv_topic_failure_patterns
[0m21:55:59.373980 [debug] [Thread-2 (]: Began running node model.lemmaai_analytics.vw_guardrail_summary
[0m21:55:59.374376 [debug] [Thread-2 (]: Re-using an available connection from the pool (formerly model.lemmaai_analytics.mv_topic_failure_patterns, now model.lemmaai_analytics.vw_guardrail_summary)
[0m21:55:59.374764 [debug] [Thread-2 (]: Began compiling node model.lemmaai_analytics.vw_guardrail_summary
[0m21:55:59.377807 [debug] [Thread-2 (]: Writing injected SQL for node "model.lemmaai_analytics.vw_guardrail_summary"
[0m21:55:59.378290 [debug] [Thread-3 (]: Began executing node model.lemmaai_analytics.mv_weekly_skill_mastery
[0m21:55:59.378988 [debug] [Thread-3 (]: Finished running node model.lemmaai_analytics.mv_weekly_skill_mastery
[0m21:55:59.379275 [debug] [Thread-3 (]: Began running node model.lemmaai_analytics.vw_parent_child_progress
[0m21:55:59.379887 [debug] [Thread-3 (]: Re-using an available connection from the pool (formerly model.lemmaai_analytics.mv_weekly_skill_mastery, now model.lemmaai_analytics.vw_parent_child_progress)
[0m21:55:59.380240 [debug] [Thread-3 (]: Began compiling node model.lemmaai_analytics.vw_parent_child_progress
[0m21:55:59.383645 [debug] [Thread-3 (]: Writing injected SQL for node "model.lemmaai_analytics.vw_parent_child_progress"
[0m21:55:59.384412 [debug] [Thread-4 (]: Began executing node model.lemmaai_analytics.vw_dda_effectiveness
[0m21:55:59.385048 [debug] [Thread-4 (]: Finished running node model.lemmaai_analytics.vw_dda_effectiveness
[0m21:55:59.385348 [debug] [Thread-4 (]: Began running node model.lemmaai_analytics.vw_student_learning_summary
[0m21:55:59.385652 [debug] [Thread-4 (]: Re-using an available connection from the pool (formerly model.lemmaai_analytics.vw_dda_effectiveness, now model.lemmaai_analytics.vw_student_learning_summary)
[0m21:55:59.385957 [debug] [Thread-4 (]: Began compiling node model.lemmaai_analytics.vw_student_learning_summary
[0m21:55:59.386456 [debug] [Thread-1 (]: Began executing node model.lemmaai_analytics.vw_gamification_summary
[0m21:55:59.386898 [debug] [Thread-2 (]: Began executing node model.lemmaai_analytics.vw_guardrail_summary
[0m21:55:59.389894 [debug] [Thread-4 (]: Writing injected SQL for node "model.lemmaai_analytics.vw_student_learning_summary"
[0m21:55:59.390645 [debug] [Thread-1 (]: Finished running node model.lemmaai_analytics.vw_gamification_summary
[0m21:55:59.391344 [debug] [Thread-2 (]: Finished running node model.lemmaai_analytics.vw_guardrail_summary
[0m21:55:59.391776 [debug] [Thread-3 (]: Began executing node model.lemmaai_analytics.vw_parent_child_progress
[0m21:55:59.392095 [debug] [Thread-1 (]: Began running node model.lemmaai_analytics.vw_student_skill_mastery
[0m21:55:59.393084 [debug] [Thread-3 (]: Finished running node model.lemmaai_analytics.vw_parent_child_progress
[0m21:55:59.393502 [debug] [Thread-1 (]: Re-using an available connection from the pool (formerly model.lemmaai_analytics.vw_gamification_summary, now model.lemmaai_analytics.vw_student_skill_mastery)
[0m21:55:59.393813 [debug] [Thread-4 (]: Began executing node model.lemmaai_analytics.vw_student_learning_summary
[0m21:55:59.394303 [debug] [Thread-1 (]: Began compiling node model.lemmaai_analytics.vw_student_skill_mastery
[0m21:55:59.394942 [debug] [Thread-4 (]: Finished running node model.lemmaai_analytics.vw_student_learning_summary
[0m21:55:59.398059 [debug] [Thread-1 (]: Writing injected SQL for node "model.lemmaai_analytics.vw_student_skill_mastery"
[0m21:55:59.399331 [debug] [Thread-1 (]: Began executing node model.lemmaai_analytics.vw_student_skill_mastery
[0m21:55:59.399938 [debug] [Thread-1 (]: Finished running node model.lemmaai_analytics.vw_student_skill_mastery
[0m21:55:59.400976 [debug] [MainThread]: Connection 'master' was properly closed.
[0m21:55:59.401381 [debug] [MainThread]: Connection 'list_postgres_analytics' was properly closed.
[0m21:55:59.401726 [debug] [MainThread]: Connection 'model.lemmaai_analytics.vw_student_skill_mastery' was properly closed.
[0m21:55:59.401966 [debug] [MainThread]: Connection 'model.lemmaai_analytics.vw_parent_child_progress' was properly closed.
[0m21:55:59.402156 [debug] [MainThread]: Connection 'model.lemmaai_analytics.vw_guardrail_summary' was properly closed.
[0m21:55:59.402316 [debug] [MainThread]: Connection 'model.lemmaai_analytics.vw_student_learning_summary' was properly closed.
[0m21:55:59.403362 [debug] [MainThread]: Command end result
[0m21:55:59.468990 [debug] [MainThread]: Wrote artifact WritableManifest to dbt_collieai\target\manifest.json
[0m21:55:59.471732 [debug] [MainThread]: Wrote artifact SemanticManifest to dbt_collieai\target\semantic_manifest.json
[0m21:55:59.494357 [debug] [MainThread]: Wrote artifact OsiDocument to dbt_collieai\target\osi_document.json
[0m21:55:59.500797 [debug] [MainThread]: Wrote artifact RunExecutionResult to dbt_collieai\target\run_results.json
[0m21:55:59.503654 [debug] [MainThread]: Acquiring new postgres connection 'generate_catalog'
[0m21:55:59.503937 [info ] [MainThread]: Building catalog
[0m21:55:59.518786 [debug] [ThreadPool]: Acquiring new postgres connection 'postgres.information_schema'
[0m21:55:59.523700 [debug] [ThreadPool]: Using postgres connection "postgres.information_schema"
[0m21:55:59.524134 [debug] [ThreadPool]: On postgres.information_schema: /* {"app": "dbt", "dbt_version": "1.12.0", "profile_name": "lemmaai_analytics", "target_name": "dev", "connection_name": "postgres.information_schema"} */

    
    

    select
        'postgres' as table_database,
        sch.nspname as table_schema,
        tbl.relname as table_name,
        case tbl.relkind
            when 'v' then 'VIEW'
            when 'm' then 'MATERIALIZED VIEW'
            else 'BASE TABLE'
        end as table_type,
        tbl_desc.description as table_comment,
        col.attname as column_name,
        col.attnum as column_index,
        pg_catalog.format_type(col.atttypid, col.atttypmod) as column_type,
        col_desc.description as column_comment,
        pg_get_userbyid(tbl.relowner) as table_owner

    from pg_catalog.pg_namespace sch
    join pg_catalog.pg_class tbl on tbl.relnamespace = sch.oid
    join pg_catalog.pg_attribute col on col.attrelid = tbl.oid
    left outer join pg_catalog.pg_description tbl_desc on (tbl_desc.objoid = tbl.oid and tbl_desc.objsubid = 0)
    left outer join pg_catalog.pg_description col_desc on (col_desc.objoid = tbl.oid and col_desc.objsubid = col.attnum)
    where ((upper(sch.nspname) = upper('public') and
           upper(tbl.relname) = upper('n8n_workflow_logs')) or (upper(sch.nspname) = upper('analytics') and
           upper(tbl.relname) = upper('mv_daily_student_performance')) or (upper(sch.nspname) = upper('public') and
           upper(tbl.relname) = upper('student_teacher_links')) or (upper(sch.nspname) = upper('public') and
           upper(tbl.relname) = upper('notifications')) or (upper(sch.nspname) = upper('public') and
           upper(tbl.relname) = upper('class_sections')) or (upper(sch.nspname) = upper('public') and
           upper(tbl.relname) = upper('reward_transactions')) or (upper(sch.nspname) = upper('public') and
           upper(tbl.relname) = upper('student_help_events')) or (upper(sch.nspname) = upper('public') and
           upper(tbl.relname) = upper('math_topics')) or (upper(sch.nspname) = upper('public') and
           upper(tbl.relname) = upper('vector_records')) or (upper(sch.nspname) = upper('public') and
           upper(tbl.relname) = upper('ml_models')) or (upper(sch.nspname) = upper('public') and
           upper(tbl.relname) = upper('math_skills')) or (upper(sch.nspname) = upper('public') and
           upper(tbl.relname) = upper('student_inputs')) or (upper(sch.nspname) = upper('public') and
           upper(tbl.relname) = upper('session_states')) or (upper(sch.nspname) = upper('public') and
           upper(tbl.relname) = upper('system_prompts')) or (upper(sch.nspname) = upper('public') and
           upper(tbl.relname) = upper('roles')) or (upper(sch.nspname) = upper('public') and
           upper(tbl.relname) = upper('teacher_profiles')) or (upper(sch.nspname) = upper('public') and
           upper(tbl.relname) = upper('guardrail_checks')) or (upper(sch.nspname) = upper('public') and
           upper(tbl.relname) = upper('student_skill_features')) or (upper(sch.nspname) = upper('public') and
           upper(tbl.relname) = upper('speech_to_text_logs')) or (upper(sch.nspname) = upper('public') and
           upper(tbl.relname) = upper('dda_events')) or (upper(sch.nspname) = upper('public') and
           upper(tbl.relname) = upper('attempt_steps')) or (upper(sch.nspname) = upper('analytics') and
           upper(tbl.relname) = upper('vw_student_skill_mastery')) or (upper(sch.nspname) = upper('public') and
           upper(tbl.relname) = upper('student_attempts')) or (upper(sch.nspname) = upper('public') and
           upper(tbl.relname) = upper('prompt_usage_logs')) or (upper(sch.nspname) = upper('public') and
           upper(tbl.relname) = upper('parent_profiles')) or (upper(sch.nspname) = upper('analytics') and
           upper(tbl.relname) = upper('vw_dda_effectiveness')) or (upper(sch.nspname) = upper('public') and
           upper(tbl.relname) = upper('text_to_speech_logs')) or (upper(sch.nspname) = upper('analytics') and
           upper(tbl.relname) = upper('mv_weekly_skill_mastery')) or (upper(sch.nspname) = upper('public') and
           upper(tbl.relname) = upper('student_avatar_items')) or (upper(sch.nspname) = upper('public') and
           upper(tbl.relname) = upper('show_me_breakdowns')) or (upper(sch.nspname) = upper('public') and
           upper(tbl.relname) = upper('student_profiles')) or (upper(sch.nspname) = upper('analytics') and
           upper(tbl.relname) = upper('vw_parent_child_progress')) or (upper(sch.nspname) = upper('analytics') and
           upper(tbl.relname) = upper('mv_topic_failure_patterns')) or (upper(sch.nspname) = upper('public') and
           upper(tbl.relname) = upper('users')) or (upper(sch.nspname) = upper('analytics') and
           upper(tbl.relname) = upper('vw_guardrail_summary')) or (upper(sch.nspname) = upper('public') and
           upper(tbl.relname) = upper('api_request_logs')) or (upper(sch.nspname) = upper('public') and
           upper(tbl.relname) = upper('file_assets')) or (upper(sch.nspname) = upper('public') and
           upper(tbl.relname) = upper('ai_sessions')) or (upper(sch.nspname) = upper('public') and
           upper(tbl.relname) = upper('user_auth')) or (upper(sch.nspname) = upper('public') and
           upper(tbl.relname) = upper('student_skill_predictions')) or (upper(sch.nspname) = upper('public') and
           upper(tbl.relname) = upper('difficulty_levels')) or (upper(sch.nspname) = upper('public') and
           upper(tbl.relname) = upper('avatar_items')) or (upper(sch.nspname) = upper('public') and
           upper(tbl.relname) = upper('ocr_logs')) or (upper(sch.nspname) = upper('public') and
           upper(tbl.relname) = upper('avatars')) or (upper(sch.nspname) = upper('analytics') and
           upper(tbl.relname) = upper('vw_student_learning_summary')) or (upper(sch.nspname) = upper('public') and
           upper(tbl.relname) = upper('learning_recommendations')) or (upper(sch.nspname) = upper('public') and
           upper(tbl.relname) = upper('math_problems')) or (upper(sch.nspname) = upper('public') and
           upper(tbl.relname) = upper('student_parent_links')) or (upper(sch.nspname) = upper('analytics') and
           upper(tbl.relname) = upper('vw_gamification_summary')) or (upper(sch.nspname) = upper('public') and
           upper(tbl.relname) = upper('ai_messages')))
      and not pg_is_other_temp_schema(sch.oid) -- not a temporary schema belonging to another session
      and tbl.relpersistence in ('p', 'u') -- [p]ermanent table or [u]nlogged table. Exclude [t]emporary tables
      and tbl.relkind in ('r', 'v', 'f', 'p', 'm') -- o[r]dinary table, [v]iew, [f]oreign table, [p]artitioned table, [m]aterialized view. Other values are [i]ndex, [S]equence, [c]omposite type, [t]OAST table
      and col.attnum > 0 -- negative numbers are used for system columns such as oid
      and not col.attisdropped -- column as not been dropped

    order by
        sch.nspname,
        tbl.relname,
        col.attnum
[0m21:55:59.524506 [debug] [ThreadPool]: Opening a new connection, currently in state init
[0m21:56:00.343827 [debug] [ThreadPool]: SQL status: SELECT 478 in 0.819 seconds
[0m21:56:00.352845 [debug] [ThreadPool]: On postgres.information_schema: ROLLBACK
[0m21:56:00.431289 [debug] [ThreadPool]: On postgres.information_schema: Close
[0m21:56:00.455756 [debug] [MainThread]: Wrote artifact CatalogArtifact to dbt_collieai\target\catalog.json
[0m21:56:00.484317 [debug] [MainThread]: Wrote artifact WritableManifest to dbt_collieai\target\manifest.json
[0m21:56:00.486993 [debug] [MainThread]: Wrote artifact SemanticManifest to dbt_collieai\target\semantic_manifest.json
[0m21:56:00.489518 [debug] [MainThread]: Wrote artifact OsiDocument to dbt_collieai\target\osi_document.json
[0m21:56:00.489792 [info ] [MainThread]: Catalog written to C:\Users\YEN YEN\Desktop\ERD\ERD-Portfolio-Repo\CollieAI_ERD\dbt_collieai\target\catalog.json
[0m21:56:00.491933 [debug] [MainThread]: Command `dbt docs generate` succeeded at 21:56:00.491789 after 3.44 seconds
[0m21:56:00.492215 [debug] [MainThread]: Connection 'generate_catalog' was properly closed.
[0m21:56:00.492420 [debug] [MainThread]: Connection 'postgres.information_schema' was properly closed.
[0m21:56:00.492642 [debug] [MainThread]: Sending event: {'category': 'dbt', 'action': 'invocation', 'label': 'end', 'context': [<snowplow_tracker.self_describing_json.SelfDescribingJson object at 0x000001FACB871550>, <snowplow_tracker.self_describing_json.SelfDescribingJson object at 0x000001FACC17FB70>, <snowplow_tracker.self_describing_json.SelfDescribingJson object at 0x000001FACC3D4890>]}
[0m21:56:00.492924 [debug] [MainThread]: Flushing usage events
[0m21:56:01.524099 [debug] [MainThread]: An error was encountered while trying to flush usage events
{"data":{"log_version":3,"version":"=2.0.0-preview.204"},"info":{"category":"","code":"A001","extra":{},"invocation_id":"019fcd11-d57d-7933-9a78-363d6308ceed","level":"info","msg":"Running with dbt-fusion=2.0.0-preview.204","name":"MainReportVersion","pid":18792,"thread":"tokio-rt-worker","ts":"2026-08-04T13:58:45.887601Z"}}
{"data":{"args":{"debug":"false","invocation_command":"C:\\Users\\YEN YEN\\.local\\bin\\dbt.exe license info --json --log-format json","log_format":"json","quiet":"false","write_json":"true"}},"info":{"category":"","code":"A002","extra":{},"invocation_id":"019fcd11-d57d-7933-9a78-363d6308ceed","level":"debug","msg":"running dbt-fusion with arguments {\"command\":\"license\",\"vars\":\"{}\",\"limit\":\"10\",\"debug\":false,\"log_format\":\"json\",\"quiet\":false,\"write_json\":true,\"write_catalog\":false,\"manage_state\":false}","name":"MainReportArgs","pid":18792,"thread":"tokio-rt-worker","ts":"2026-08-04T13:58:45.887638Z"}}
{"data":{},"info":{"category":"","code":"","extra":{},"invocation_id":"019fcd11-d57d-7933-9a78-363d6308ceed","level":"debug","msg":"No platform credentials found, skipping remote license","name":"Generic","pid":18792,"thread":"tokio-rt-worker","ts":"2026-08-04T13:58:45.913269Z"}}
{"data":{},"info":{"category":"","code":"","extra":{},"invocation_id":"019fcd11-d57d-7933-9a78-363d6308ceed","level":"debug","msg":"Requesting trial license from https://cloud.getdbt.com/api/private/trial-licenses/","name":"Generic","pid":18792,"thread":"main","ts":"2026-08-04T13:58:47.410561Z"}}
{"data":{},"info":{"category":"","code":"","extra":{},"invocation_id":"019fcd11-d57d-7933-9a78-363d6308ceed","level":"debug","msg":"Trial license retrieved","name":"Generic","pid":18792,"thread":"main","ts":"2026-08-04T13:58:48.048306Z"}}
{"data":{},"info":{"category":"","code":"","extra":{},"invocation_id":"019fcd11-d57d-7933-9a78-363d6308ceed","level":"debug","msg":"License loaded from trial license server","name":"Generic","pid":18792,"thread":"tokio-rt-worker","ts":"2026-08-04T13:58:48.519452Z"}}
{"data":{"columns":[],"is_inline":true,"node_name":"license_info","output_format":"json","preview":"{\n  \"status\": \"valid\",\n  \"licensing_enabled\": true,\n  \"features\": [\n    \"compare\",\n    \"strict-static-analysis\"\n  ],\n  \"issued_at\": \"2026-08-04T13:58:48+00:00\",\n  \"expires_at\": \"2026-08-18T13:58:31+00:00\",\n  \"license_type\": \"trial\",\n  \"machine_id\": \"5b33838ea4142238d0c3e390fb28df1d30b25fd65ef0fca0a510a1c1274f99fe\",\n  \"days_remaining\": 13,\n  \"trial_start_date\": \"2026-08-04T13:58:31+00:00\"\n}","unique_id":"license.info"},"info":{"category":"","code":"Q041","extra":{},"invocation_id":"019fcd11-d57d-7933-9a78-363d6308ceed","level":"info","msg":"{\n  \"status\": \"valid\",\n  \"licensing_enabled\": true,\n  \"features\": [\n    \"compare\",\n    \"strict-static-analysis\"\n  ],\n  \"issued_at\": \"2026-08-04T13:58:48+00:00\",\n  \"expires_at\": \"2026-08-18T13:58:31+00:00\",\n  \"license_type\": \"trial\",\n  \"machine_id\": \"5b33838ea4142238d0c3e390fb28df1d30b25fd65ef0fca0a510a1c1274f99fe\",\n  \"days_remaining\": 13,\n  \"trial_start_date\": \"2026-08-04T13:58:31+00:00\"\n}","name":"ShowNode","pid":18792,"thread":"tokio-rt-worker","ts":"2026-08-04T13:58:48.941818Z"}}
{"data":{"completed_at":"2026-08-04T13:58:49.090137Z","elapsed":3.2027382850646973,"success":true},"info":{"category":"","code":"Q039","extra":{},"invocation_id":"019fcd11-d57d-7933-9a78-363d6308ceed","level":"info","msg":"\n==================== Execution Summary =====================\nFinished 'license' successfully [3.2s]","name":"CommandCompleted","pid":18792,"thread":"tokio-rt-worker","ts":"2026-08-04T13:58:49.090248Z"}}
[0m22:04:18.478098 [debug] [MainThread]: Sending event: {'category': 'dbt', 'action': 'invocation', 'label': 'start', 'context': [<snowplow_tracker.self_describing_json.SelfDescribingJson object at 0x000001D01DBE96A0>, <snowplow_tracker.self_describing_json.SelfDescribingJson object at 0x000001D01A9B7390>, <snowplow_tracker.self_describing_json.SelfDescribingJson object at 0x000001D01EF6FD90>]}


============================== 22:04:18.483828 | 910a987d-fb87-4752-98d5-e6c46e6d9671 ==============================
[0m22:04:18.483828 [info ] [MainThread]: Running with dbt=1.11.8
[0m22:04:18.484324 [debug] [MainThread]: running dbt with arguments {'version_check': 'True', 'no_print': 'None', 'static_parser': 'True', 'warn_error_options': 'WarnErrorOptionsV2(error=[], warn=[], silence=[])', 'target_path': 'None', 'printer_width': '80', 'write_json': 'True', 'introspect': 'True', 'log_cache_events': 'False', 'empty': 'None', 'cache_selected_only': 'False', 'fail_fast': 'False', 'debug': 'False', 'log_format': 'default', 'partial_parse': 'True', 'send_anonymous_usage_stats': 'True', 'quiet': 'False', 'warn_error': 'None', 'profiles_dir': 'c:\\Users\\YEN YEN\\Desktop\\ERD\\ERD-Portfolio-Repo\\CollieAI_ERD\\dbt_collieai', 'use_colors': 'True', 'indirect_selection': 'eager', 'invocation_command': 'dbt ', 'use_experimental_parser': 'False', 'log_path': 'c:\\Users\\YEN YEN\\Desktop\\ERD\\ERD-Portfolio-Repo\\CollieAI_ERD\\dbt_collieai\\logs'}
[0m22:04:18.682716 [debug] [MainThread]: Sending event: {'category': 'dbt', 'action': 'project_id', 'label': '910a987d-fb87-4752-98d5-e6c46e6d9671', 'context': [<snowplow_tracker.self_describing_json.SelfDescribingJson object at 0x000001D01E281E00>]}
[0m22:04:18.717015 [info ] [MainThread]: Warning: No packages were found in packages.yml
[0m22:04:18.718556 [info ] [MainThread]: Warning: No packages were found in packages.yml
[0m22:04:18.719513 [debug] [MainThread]: Command `cli deps` succeeded at 22:04:18.719346 after 0.40 seconds
[0m22:04:18.719971 [debug] [MainThread]: Sending event: {'category': 'dbt', 'action': 'invocation', 'label': 'end', 'context': [<snowplow_tracker.self_describing_json.SelfDescribingJson object at 0x000001D01EDC38A0>, <snowplow_tracker.self_describing_json.SelfDescribingJson object at 0x000001D0201D4380>, <snowplow_tracker.self_describing_json.SelfDescribingJson object at 0x000001D01FFC0650>]}
[0m22:04:18.720571 [debug] [MainThread]: Flushing usage events
[0m22:04:19.625914 [debug] [MainThread]: An error was encountered while trying to flush usage events
[0m22:04:32.161339 [debug] [MainThread]: Sending event: {'category': 'dbt', 'action': 'invocation', 'label': 'start', 'context': [<snowplow_tracker.self_describing_json.SelfDescribingJson object at 0x0000029AE52396A0>, <snowplow_tracker.self_describing_json.SelfDescribingJson object at 0x0000029AE2067390>, <snowplow_tracker.self_describing_json.SelfDescribingJson object at 0x0000029AE65C7D90>]}


============================== 22:04:32.165136 | 3a6612f2-f09f-4226-affb-e220eee26be7 ==============================
[0m22:04:32.165136 [info ] [MainThread]: Running with dbt=1.11.8
[0m22:04:32.165623 [debug] [MainThread]: running dbt with arguments {'version_check': 'True', 'no_print': 'None', 'static_parser': 'True', 'warn_error_options': 'WarnErrorOptionsV2(error=[], warn=[], silence=[])', 'target_path': 'None', 'printer_width': '80', 'write_json': 'True', 'introspect': 'True', 'log_cache_events': 'False', 'empty': 'None', 'cache_selected_only': 'False', 'fail_fast': 'False', 'debug': 'False', 'log_format': 'default', 'partial_parse': 'True', 'send_anonymous_usage_stats': 'True', 'quiet': 'False', 'warn_error': 'None', 'profiles_dir': 'c:\\Users\\YEN YEN\\Desktop\\ERD\\ERD-Portfolio-Repo\\CollieAI_ERD\\dbt_collieai', 'invocation_command': 'dbt ', 'indirect_selection': 'eager', 'use_colors': 'True', 'use_experimental_parser': 'False', 'log_path': 'c:\\Users\\YEN YEN\\Desktop\\ERD\\ERD-Portfolio-Repo\\CollieAI_ERD\\dbt_collieai\\logs'}
[0m22:04:32.280019 [debug] [MainThread]: Sending event: {'category': 'dbt', 'action': 'project_id', 'label': '3a6612f2-f09f-4226-affb-e220eee26be7', 'context': [<snowplow_tracker.self_describing_json.SelfDescribingJson object at 0x0000029AE58E1E00>]}
[0m22:04:32.303205 [info ] [MainThread]: Warning: No packages were found in packages.yml
[0m22:04:32.305499 [info ] [MainThread]: Warning: No packages were found in packages.yml
[0m22:04:32.306454 [debug] [MainThread]: Command `cli deps` succeeded at 22:04:32.306316 after 0.27 seconds
[0m22:04:32.306859 [debug] [MainThread]: Sending event: {'category': 'dbt', 'action': 'invocation', 'label': 'end', 'context': [<snowplow_tracker.self_describing_json.SelfDescribingJson object at 0x0000029AE64238A0>, <snowplow_tracker.self_describing_json.SelfDescribingJson object at 0x0000029AE77A0380>, <snowplow_tracker.self_describing_json.SelfDescribingJson object at 0x0000029AE7620650>]}
[0m22:04:32.307212 [debug] [MainThread]: Flushing usage events
[0m22:04:33.161654 [debug] [MainThread]: An error was encountered while trying to flush usage events
[0m22:07:20.780941 [debug] [MainThread]: Sending event: {'category': 'dbt', 'action': 'invocation', 'label': 'start', 'context': [<snowplow_tracker.self_describing_json.SelfDescribingJson object at 0x0000022C97B1D400>, <snowplow_tracker.self_describing_json.SelfDescribingJson object at 0x0000022C9A26FED0>, <snowplow_tracker.self_describing_json.SelfDescribingJson object at 0x0000022C9A26FC50>]}


============================== 22:07:20.785965 | 2b807bff-494e-4504-ae44-9c27dbb184b8 ==============================
[0m22:07:20.785965 [info ] [MainThread]: Running with dbt=1.12.0
[0m22:07:20.786572 [debug] [MainThread]: running dbt with arguments {'static_parser': 'True', 'no_print': 'None', 'maximum_seed_size_mib': '1', 'target_path': 'None', 'version_check': 'True', 'warn_error_options': 'WarnErrorOptionsV2(error=[], warn=[], silence=[])', 'printer_width': '80', 'write_json': 'True', 'introspect': 'True', 'log_cache_events': 'False', 'empty': 'None', 'cache_selected_only': 'False', 'log_format': 'default', 'debug': 'False', 'fail_fast': 'False', 'profiles_dir': 'dbt_collieai', 'send_anonymous_usage_stats': 'True', 'quiet': 'False', 'warn_error': 'None', 'partial_parse': 'False', 'invocation_command': 'dbt parse --no-partial-parse --project-dir dbt_collieai --profiles-dir dbt_collieai', 'hints_enabled': 'True', 'use_colors': 'True', 'use_experimental_parser': 'False', 'indirect_selection': 'eager', 'log_path': 'dbt_collieai\\logs'}
[0m22:07:20.951554 [debug] [MainThread]: Sending event: {'category': 'dbt', 'action': 'project_id', 'label': '2b807bff-494e-4504-ae44-9c27dbb184b8', 'context': [<snowplow_tracker.self_describing_json.SelfDescribingJson object at 0x0000022C98221810>]}
[0m22:07:21.010684 [debug] [MainThread]: Sending event: {'category': 'dbt', 'action': 'adapter_info', 'label': '2b807bff-494e-4504-ae44-9c27dbb184b8', 'context': [<snowplow_tracker.self_describing_json.SelfDescribingJson object at 0x0000022C9A333460>]}
[0m22:07:21.012779 [info ] [MainThread]: Registered adapter: postgres=1.11.0
[0m22:07:21.189818 [debug] [MainThread]: checksum: eee4aa8f446f04cd153f3bb6462f41ca5fe29389c36d13d7747846389170d6ce, vars: {}, profile: lemmaai_analytics, target: dev, version: 1.12.0
[0m22:07:21.191397 [debug] [MainThread]: Partial parsing not enabled
[0m22:07:22.257255 [debug] [MainThread]: Sending event: {'category': 'dbt', 'action': 'load_project', 'label': '2b807bff-494e-4504-ae44-9c27dbb184b8', 'context': [<snowplow_tracker.self_describing_json.SelfDescribingJson object at 0x0000022C9A877850>]}
[0m22:07:22.261423 [info ] [MainThread]: Performance info: dbt_collieai\target\perf_info.json
[0m22:07:22.337223 [debug] [MainThread]: Wrote artifact WritableManifest to dbt_collieai\target\manifest.json
[0m22:07:22.339828 [debug] [MainThread]: Wrote artifact SemanticManifest to dbt_collieai\target\semantic_manifest.json
[0m22:07:22.366960 [debug] [MainThread]: Wrote artifact OsiDocument to dbt_collieai\target\osi_document.json
[0m22:07:22.367786 [debug] [MainThread]: Command `dbt parse` succeeded at 22:07:22.367667 after 1.74 seconds
[0m22:07:22.368106 [debug] [MainThread]: Sending event: {'category': 'dbt', 'action': 'invocation', 'label': 'end', 'context': [<snowplow_tracker.self_describing_json.SelfDescribingJson object at 0x0000022C9A272300>, <snowplow_tracker.self_describing_json.SelfDescribingJson object at 0x0000022C9A271130>, <snowplow_tracker.self_describing_json.SelfDescribingJson object at 0x0000022C9A137E70>]}
[0m22:07:22.368558 [debug] [MainThread]: Flushing usage events
[0m22:07:23.586216 [debug] [MainThread]: An error was encountered while trying to flush usage events
[0m22:10:03.483369 [debug] [MainThread]: Sending event: {'category': 'dbt', 'action': 'invocation', 'label': 'start', 'context': [<snowplow_tracker.self_describing_json.SelfDescribingJson object at 0x00000285315D4EC0>, <snowplow_tracker.self_describing_json.SelfDescribingJson object at 0x0000028533CF3D90>, <snowplow_tracker.self_describing_json.SelfDescribingJson object at 0x0000028533CF3890>]}


============================== 22:10:03.486924 | e56f6a71-66cd-4ca5-a6f3-b4482ea83b6b ==============================
[0m22:10:03.486924 [info ] [MainThread]: Running with dbt=1.12.0
[0m22:10:03.487381 [debug] [MainThread]: running dbt with arguments {'version_check': 'True', 'no_print': 'None', 'maximum_seed_size_mib': '1', 'target_path': 'None', 'warn_error_options': 'WarnErrorOptionsV2(error=[], warn=[], silence=[])', 'static_parser': 'True', 'printer_width': '80', 'write_json': 'True', 'empty': 'None', 'log_cache_events': 'False', 'introspect': 'True', 'cache_selected_only': 'False', 'fail_fast': 'False', 'debug': 'False', 'log_format': 'default', 'profiles_dir': 'c:\\Users\\YEN YEN\\Desktop\\ERD\\ERD-Portfolio-Repo\\CollieAI_ERD\\dbt_collieai', 'send_anonymous_usage_stats': 'True', 'quiet': 'False', 'warn_error': 'None', 'partial_parse': 'True', 'use_colors': 'True', 'hints_enabled': 'True', 'invocation_command': 'dbt ', 'use_experimental_parser': 'False', 'indirect_selection': 'eager', 'log_path': 'c:\\Users\\YEN YEN\\Desktop\\ERD\\ERD-Portfolio-Repo\\CollieAI_ERD\\dbt_collieai\\logs'}
[0m22:10:03.579847 [debug] [MainThread]: Sending event: {'category': 'dbt', 'action': 'project_id', 'label': 'e56f6a71-66cd-4ca5-a6f3-b4482ea83b6b', 'context': [<snowplow_tracker.self_describing_json.SelfDescribingJson object at 0x0000028531CA96E0>]}
[0m22:10:03.603201 [info ] [MainThread]: Warning: No packages were found in packages.yml
[0m22:10:03.604454 [info ] [MainThread]: Warning: No packages were found in packages.yml
[0m22:10:03.605200 [debug] [MainThread]: Command `cli deps` succeeded at 22:10:03.605087 after 0.26 seconds
[0m22:10:03.606096 [debug] [MainThread]: Sending event: {'category': 'dbt', 'action': 'invocation', 'label': 'end', 'context': [<snowplow_tracker.self_describing_json.SelfDescribingJson object at 0x000002852FECD590>, <snowplow_tracker.self_describing_json.SelfDescribingJson object at 0x0000028533F2C050>, <snowplow_tracker.self_describing_json.SelfDescribingJson object at 0x0000028533B59850>]}
[0m22:10:03.606441 [debug] [MainThread]: Flushing usage events
[0m22:10:04.682401 [debug] [MainThread]: An error was encountered while trying to flush usage events
[0m22:12:46.903957 [debug] [MainThread]: Sending event: {'category': 'dbt', 'action': 'invocation', 'label': 'start', 'context': [<snowplow_tracker.self_describing_json.SelfDescribingJson object at 0x000001D814994EC0>, <snowplow_tracker.self_describing_json.SelfDescribingJson object at 0x000001D81709BED0>, <snowplow_tracker.self_describing_json.SelfDescribingJson object at 0x000001D81709BC50>]}


============================== 22:12:46.908893 | d675b01e-d998-4650-bd05-621edee4ad6a ==============================
[0m22:12:46.908893 [info ] [MainThread]: Running with dbt=1.12.0
[0m22:12:46.909756 [debug] [MainThread]: running dbt with arguments {'static_parser': 'True', 'no_print': 'None', 'version_check': 'True', 'target_path': 'None', 'warn_error_options': 'WarnErrorOptionsV2(error=[], warn=[], silence=[])', 'maximum_seed_size_mib': '1', 'printer_width': '80', 'write_json': 'True', 'introspect': 'True', 'log_cache_events': 'False', 'empty': 'None', 'cache_selected_only': 'False', 'log_format': 'default', 'debug': 'False', 'fail_fast': 'False', 'profiles_dir': 'c:\\Users\\YEN YEN\\Desktop\\ERD\\ERD-Portfolio-Repo\\CollieAI_ERD\\dbt_collieai', 'send_anonymous_usage_stats': 'True', 'quiet': 'False', 'warn_error': 'None', 'partial_parse': 'True', 'use_colors': 'True', 'hints_enabled': 'True', 'invocation_command': 'dbt ', 'use_experimental_parser': 'False', 'indirect_selection': 'eager', 'log_path': 'c:\\Users\\YEN YEN\\Desktop\\ERD\\ERD-Portfolio-Repo\\CollieAI_ERD\\dbt_collieai\\logs'}
[0m22:12:47.032502 [debug] [MainThread]: Sending event: {'category': 'dbt', 'action': 'project_id', 'label': 'd675b01e-d998-4650-bd05-621edee4ad6a', 'context': [<snowplow_tracker.self_describing_json.SelfDescribingJson object at 0x000001D8150596E0>]}
[0m22:12:47.058299 [info ] [MainThread]: Warning: No packages were found in packages.yml
[0m22:12:47.059922 [info ] [MainThread]: Warning: No packages were found in packages.yml
[0m22:12:47.061511 [debug] [MainThread]: Command `cli deps` succeeded at 22:12:47.061224 after 0.31 seconds
[0m22:12:47.061993 [debug] [MainThread]: Sending event: {'category': 'dbt', 'action': 'invocation', 'label': 'end', 'context': [<snowplow_tracker.self_describing_json.SelfDescribingJson object at 0x000001D81328D590>, <snowplow_tracker.self_describing_json.SelfDescribingJson object at 0x000001D81730C050>, <snowplow_tracker.self_describing_json.SelfDescribingJson object at 0x000001D816F09850>]}
[0m22:12:47.062514 [debug] [MainThread]: Flushing usage events
[0m22:12:48.266127 [debug] [MainThread]: An error was encountered while trying to flush usage events
[0m22:20:56.988950 [debug] [MainThread]: Sending event: {'category': 'dbt', 'action': 'invocation', 'label': 'start', 'context': [<snowplow_tracker.self_describing_json.SelfDescribingJson object at 0x0000020FB2C1D400>, <snowplow_tracker.self_describing_json.SelfDescribingJson object at 0x0000020FB537FED0>, <snowplow_tracker.self_describing_json.SelfDescribingJson object at 0x0000020FB537FC50>]}


============================== 22:20:56.992587 | 13796658-732a-48ba-b81e-45853b4db096 ==============================
[0m22:20:56.992587 [info ] [MainThread]: Running with dbt=1.12.0
[0m22:20:56.993078 [debug] [MainThread]: running dbt with arguments {'static_parser': 'True', 'no_print': 'None', 'version_check': 'True', 'warn_error_options': 'WarnErrorOptionsV2(error=[], warn=[], silence=[])', 'maximum_seed_size_mib': '1', 'target_path': 'None', 'printer_width': '80', 'write_json': 'True', 'empty': 'None', 'log_cache_events': 'False', 'introspect': 'True', 'cache_selected_only': 'False', 'log_format': 'default', 'debug': 'False', 'fail_fast': 'False', 'partial_parse': 'False', 'send_anonymous_usage_stats': 'True', 'quiet': 'False', 'warn_error': 'None', 'profiles_dir': 'dbt_collieai', 'invocation_command': 'dbt parse --no-partial-parse --project-dir dbt_collieai --profiles-dir dbt_collieai', 'hints_enabled': 'True', 'indirect_selection': 'eager', 'use_experimental_parser': 'False', 'use_colors': 'True', 'log_path': 'dbt_collieai\\logs'}
[0m22:20:57.197002 [debug] [MainThread]: Sending event: {'category': 'dbt', 'action': 'project_id', 'label': '13796658-732a-48ba-b81e-45853b4db096', 'context': [<snowplow_tracker.self_describing_json.SelfDescribingJson object at 0x0000020FB3331810>]}
[0m22:20:57.275280 [debug] [MainThread]: Sending event: {'category': 'dbt', 'action': 'adapter_info', 'label': '13796658-732a-48ba-b81e-45853b4db096', 'context': [<snowplow_tracker.self_describing_json.SelfDescribingJson object at 0x0000020FB5443460>]}
[0m22:20:57.276720 [info ] [MainThread]: Registered adapter: postgres=1.11.0
[0m22:20:57.471167 [debug] [MainThread]: checksum: eee4aa8f446f04cd153f3bb6462f41ca5fe29389c36d13d7747846389170d6ce, vars: {}, profile: lemmaai_analytics, target: dev, version: 1.12.0
[0m22:20:57.471906 [debug] [MainThread]: Partial parsing not enabled
[0m22:20:59.205841 [debug] [MainThread]: Sending event: {'category': 'dbt', 'action': 'load_project', 'label': '13796658-732a-48ba-b81e-45853b4db096', 'context': [<snowplow_tracker.self_describing_json.SelfDescribingJson object at 0x0000020FB598F350>]}
[0m22:20:59.210961 [info ] [MainThread]: Performance info: dbt_collieai\target\perf_info.json
[0m22:20:59.353802 [debug] [MainThread]: Wrote artifact WritableManifest to dbt_collieai\target\manifest.json
[0m22:20:59.359563 [debug] [MainThread]: Wrote artifact SemanticManifest to dbt_collieai\target\semantic_manifest.json
[0m22:20:59.415121 [debug] [MainThread]: Wrote artifact OsiDocument to dbt_collieai\target\osi_document.json
[0m22:20:59.416368 [debug] [MainThread]: Command `dbt parse` succeeded at 22:20:59.416178 after 2.59 seconds
[0m22:20:59.416802 [debug] [MainThread]: Sending event: {'category': 'dbt', 'action': 'invocation', 'label': 'end', 'context': [<snowplow_tracker.self_describing_json.SelfDescribingJson object at 0x0000020FB59DE3F0>, <snowplow_tracker.self_describing_json.SelfDescribingJson object at 0x0000020FB59DF110>, <snowplow_tracker.self_describing_json.SelfDescribingJson object at 0x0000020FB5247E70>]}
[0m22:20:59.417184 [debug] [MainThread]: Flushing usage events
[0m22:21:00.788809 [debug] [MainThread]: An error was encountered while trying to flush usage events
[0m22:21:03.993462 [debug] [MainThread]: Sending event: {'category': 'dbt', 'action': 'invocation', 'label': 'start', 'context': [<snowplow_tracker.self_describing_json.SelfDescribingJson object at 0x0000012C3921D400>, <snowplow_tracker.self_describing_json.SelfDescribingJson object at 0x0000012C3B973ED0>, <snowplow_tracker.self_describing_json.SelfDescribingJson object at 0x0000012C3B973C50>]}


============================== 22:21:03.996626 | 82923a37-2bf1-4c82-80c1-28589d409a45 ==============================
[0m22:21:03.996626 [info ] [MainThread]: Running with dbt=1.12.0
[0m22:21:03.997202 [debug] [MainThread]: running dbt with arguments {'maximum_seed_size_mib': '1', 'no_print': 'None', 'static_parser': 'True', 'target_path': 'None', 'warn_error_options': 'WarnErrorOptionsV2(error=[], warn=[], silence=[])', 'version_check': 'True', 'printer_width': '80', 'write_json': 'True', 'introspect': 'True', 'log_cache_events': 'False', 'empty': 'None', 'cache_selected_only': 'False', 'log_format': 'default', 'debug': 'False', 'fail_fast': 'False', 'partial_parse': 'True', 'send_anonymous_usage_stats': 'True', 'quiet': 'False', 'warn_error': 'None', 'profiles_dir': 'dbt_collieai', 'invocation_command': 'dbt ls --project-dir dbt_collieai --profiles-dir dbt_collieai --resource-type model --output name', 'hints_enabled': 'True', 'indirect_selection': 'eager', 'use_experimental_parser': 'False', 'use_colors': 'True', 'log_path': 'dbt_collieai\\logs'}
[0m22:21:04.169767 [debug] [MainThread]: Sending event: {'category': 'dbt', 'action': 'project_id', 'label': '82923a37-2bf1-4c82-80c1-28589d409a45', 'context': [<snowplow_tracker.self_describing_json.SelfDescribingJson object at 0x0000012C39921810>]}
[0m22:21:04.243520 [debug] [MainThread]: Sending event: {'category': 'dbt', 'action': 'adapter_info', 'label': '82923a37-2bf1-4c82-80c1-28589d409a45', 'context': [<snowplow_tracker.self_describing_json.SelfDescribingJson object at 0x0000012C3BA33570>]}
[0m22:21:04.245252 [info ] [MainThread]: Registered adapter: postgres=1.11.0
[0m22:21:04.651305 [debug] [MainThread]: checksum: eee4aa8f446f04cd153f3bb6462f41ca5fe29389c36d13d7747846389170d6ce, vars: {}, profile: lemmaai_analytics, target: dev, version: 1.12.0
[0m22:21:04.989493 [debug] [MainThread]: Partial parsing enabled: 0 files deleted, 0 files added, 0 files changed.
[0m22:21:04.990102 [debug] [MainThread]: Nothing changed, skipping partial parsing.
[0m22:21:04.990500 [debug] [MainThread]: Partial parsing enabled, no changes found, skipping parsing
[0m22:21:05.010853 [debug] [MainThread]: Sending event: {'category': 'dbt', 'action': 'load_project', 'label': '82923a37-2bf1-4c82-80c1-28589d409a45', 'context': [<snowplow_tracker.self_describing_json.SelfDescribingJson object at 0x0000012C3BCD9150>]}
[0m22:21:05.245671 [debug] [MainThread]: Wrote artifact WritableManifest to dbt_collieai\target\manifest.json
[0m22:21:05.251416 [debug] [MainThread]: Wrote artifact SemanticManifest to dbt_collieai\target\semantic_manifest.json
[0m22:21:05.288051 [debug] [MainThread]: Wrote artifact OsiDocument to dbt_collieai\target\osi_document.json
[0m22:21:05.323968 [debug] [MainThread]: Sending event: {'category': 'dbt', 'action': 'resource_counts', 'label': '82923a37-2bf1-4c82-80c1-28589d409a45', 'context': [<snowplow_tracker.self_describing_json.SelfDescribingJson object at 0x0000012C3C023D40>]}
[0m22:21:05.324793 [info ] [MainThread]: Found 41 models, 41 sources, 477 macros
[0m22:21:05.325162 [debug] [MainThread]: Sending event: {'category': 'dbt', 'action': 'runnable_timing', 'label': '82923a37-2bf1-4c82-80c1-28589d409a45', 'context': [<snowplow_tracker.self_describing_json.SelfDescribingJson object at 0x0000012C3BF07E70>]}
[0m22:21:05.326987 [info ] [MainThread]: int_mv_daily_student_performance
[0m22:21:05.327638 [info ] [MainThread]: int_mv_topic_failure_patterns
[0m22:21:05.328195 [info ] [MainThread]: int_mv_weekly_skill_mastery
[0m22:21:05.328497 [info ] [MainThread]: int_vw_dda_effectiveness
[0m22:21:05.328996 [info ] [MainThread]: int_vw_gamification_summary
[0m22:21:05.329748 [info ] [MainThread]: int_vw_guardrail_summary
[0m22:21:05.330254 [info ] [MainThread]: int_vw_parent_child_progress
[0m22:21:05.330641 [info ] [MainThread]: int_vw_student_learning_summary
[0m22:21:05.331054 [info ] [MainThread]: int_vw_student_skill_mastery
[0m22:21:05.331403 [info ] [MainThread]: mv_daily_student_performance
[0m22:21:05.331691 [info ] [MainThread]: mv_topic_failure_patterns
[0m22:21:05.332387 [info ] [MainThread]: mv_weekly_skill_mastery
[0m22:21:05.333022 [info ] [MainThread]: stg_ai_messages
[0m22:21:05.333627 [info ] [MainThread]: stg_ai_sessions
[0m22:21:05.333972 [info ] [MainThread]: stg_attempt_steps
[0m22:21:05.334225 [info ] [MainThread]: stg_avatar_items
[0m22:21:05.335056 [info ] [MainThread]: stg_avatars
[0m22:21:05.335637 [info ] [MainThread]: stg_class_sections
[0m22:21:05.335928 [info ] [MainThread]: stg_dda_events
[0m22:21:05.336379 [info ] [MainThread]: stg_difficulty_levels
[0m22:21:05.337164 [info ] [MainThread]: stg_guardrail_checks
[0m22:21:05.337627 [info ] [MainThread]: stg_learning_recommendations
[0m22:21:05.337904 [info ] [MainThread]: stg_math_problems
[0m22:21:05.338158 [info ] [MainThread]: stg_math_skills
[0m22:21:05.338632 [info ] [MainThread]: stg_math_topics
[0m22:21:05.339085 [info ] [MainThread]: stg_parent_profiles
[0m22:21:05.339895 [info ] [MainThread]: stg_reward_transactions
[0m22:21:05.340646 [info ] [MainThread]: stg_show_me_breakdowns
[0m22:21:05.341177 [info ] [MainThread]: stg_student_attempts
[0m22:21:05.341778 [info ] [MainThread]: stg_student_avatar_items
[0m22:21:05.342279 [info ] [MainThread]: stg_student_help_events
[0m22:21:05.342962 [info ] [MainThread]: stg_student_parent_links
[0m22:21:05.343564 [info ] [MainThread]: stg_student_profiles
[0m22:21:05.343862 [info ] [MainThread]: stg_student_skill_features
[0m22:21:05.344665 [info ] [MainThread]: stg_student_skill_predictions
[0m22:21:05.345348 [info ] [MainThread]: vw_dda_effectiveness
[0m22:21:05.345969 [info ] [MainThread]: vw_gamification_summary
[0m22:21:05.346419 [info ] [MainThread]: vw_guardrail_summary
[0m22:21:05.346992 [info ] [MainThread]: vw_parent_child_progress
[0m22:21:05.347563 [info ] [MainThread]: vw_student_learning_summary
[0m22:21:05.348211 [info ] [MainThread]: vw_student_skill_mastery
[0m22:21:05.349332 [debug] [MainThread]: Command `dbt ls` succeeded at 22:21:05.349084 after 1.50 seconds
[0m22:21:05.349727 [debug] [MainThread]: Sending event: {'category': 'dbt', 'action': 'invocation', 'label': 'end', 'context': [<snowplow_tracker.self_describing_json.SelfDescribingJson object at 0x0000012C3C1BA1A0>, <snowplow_tracker.self_describing_json.SelfDescribingJson object at 0x0000012C3B910650>, <snowplow_tracker.self_describing_json.SelfDescribingJson object at 0x0000012C3BECDFD0>]}
[0m22:21:05.350094 [debug] [MainThread]: Flushing usage events
[0m22:21:06.564125 [debug] [MainThread]: An error was encountered while trying to flush usage events
[0m22:28:05.884656 [debug] [MainThread]: Sending event: {'category': 'dbt', 'action': 'invocation', 'label': 'start', 'context': [<snowplow_tracker.self_describing_json.SelfDescribingJson object at 0x000001DE66C1D400>, <snowplow_tracker.self_describing_json.SelfDescribingJson object at 0x000001DE6936FED0>, <snowplow_tracker.self_describing_json.SelfDescribingJson object at 0x000001DE6936FC50>]}


============================== 22:28:05.887902 | c774d70f-732a-4332-b3f4-e3e8a0eff333 ==============================
[0m22:28:05.887902 [info ] [MainThread]: Running with dbt=1.12.0
[0m22:28:05.888399 [debug] [MainThread]: running dbt with arguments {'static_parser': 'True', 'no_print': 'None', 'maximum_seed_size_mib': '1', 'target_path': 'None', 'version_check': 'True', 'warn_error_options': 'WarnErrorOptionsV2(error=[], warn=[], silence=[])', 'printer_width': '80', 'write_json': 'True', 'introspect': 'True', 'log_cache_events': 'False', 'empty': 'None', 'cache_selected_only': 'False', 'log_format': 'default', 'debug': 'False', 'fail_fast': 'False', 'profiles_dir': 'dbt_collieai', 'send_anonymous_usage_stats': 'True', 'quiet': 'False', 'warn_error': 'None', 'partial_parse': 'False', 'invocation_command': 'dbt parse --no-partial-parse --project-dir dbt_collieai --profiles-dir dbt_collieai', 'hints_enabled': 'True', 'use_colors': 'True', 'use_experimental_parser': 'False', 'indirect_selection': 'eager', 'log_path': 'dbt_collieai\\logs'}
[0m22:28:06.057069 [debug] [MainThread]: Sending event: {'category': 'dbt', 'action': 'project_id', 'label': 'c774d70f-732a-4332-b3f4-e3e8a0eff333', 'context': [<snowplow_tracker.self_describing_json.SelfDescribingJson object at 0x000001DE67321810>]}
[0m22:28:06.114920 [debug] [MainThread]: Sending event: {'category': 'dbt', 'action': 'adapter_info', 'label': 'c774d70f-732a-4332-b3f4-e3e8a0eff333', 'context': [<snowplow_tracker.self_describing_json.SelfDescribingJson object at 0x000001DE69433460>]}
[0m22:28:06.116052 [info ] [MainThread]: Registered adapter: postgres=1.11.0
[0m22:28:06.297832 [debug] [MainThread]: checksum: eee4aa8f446f04cd153f3bb6462f41ca5fe29389c36d13d7747846389170d6ce, vars: {}, profile: lemmaai_analytics, target: dev, version: 1.12.0
[0m22:28:06.298669 [debug] [MainThread]: Partial parsing not enabled
[0m22:28:07.719437 [debug] [MainThread]: Sending event: {'category': 'dbt', 'action': 'load_project', 'label': 'c774d70f-732a-4332-b3f4-e3e8a0eff333', 'context': [<snowplow_tracker.self_describing_json.SelfDescribingJson object at 0x000001DE69A33350>]}
[0m22:28:07.723566 [info ] [MainThread]: Performance info: dbt_collieai\target\perf_info.json
[0m22:28:07.836270 [debug] [MainThread]: Wrote artifact WritableManifest to dbt_collieai\target\manifest.json
[0m22:28:07.839781 [debug] [MainThread]: Wrote artifact SemanticManifest to dbt_collieai\target\semantic_manifest.json
[0m22:28:07.868322 [debug] [MainThread]: Wrote artifact OsiDocument to dbt_collieai\target\osi_document.json
[0m22:28:07.869301 [debug] [MainThread]: Command `dbt parse` succeeded at 22:28:07.869135 after 2.14 seconds
[0m22:28:07.869645 [debug] [MainThread]: Sending event: {'category': 'dbt', 'action': 'invocation', 'label': 'end', 'context': [<snowplow_tracker.self_describing_json.SelfDescribingJson object at 0x000001DE693723F0>, <snowplow_tracker.self_describing_json.SelfDescribingJson object at 0x000001DE69A67A70>, <snowplow_tracker.self_describing_json.SelfDescribingJson object at 0x000001DE69237E70>]}
[0m22:28:07.869967 [debug] [MainThread]: Flushing usage events
[0m22:28:08.983770 [debug] [MainThread]: An error was encountered while trying to flush usage events
[0m22:32:47.143206 [debug] [MainThread]: Sending event: {'category': 'dbt', 'action': 'invocation', 'label': 'start', 'context': [<snowplow_tracker.self_describing_json.SelfDescribingJson object at 0x00000207FD4DD400>, <snowplow_tracker.self_describing_json.SelfDescribingJson object at 0x00000207FFC3FED0>, <snowplow_tracker.self_describing_json.SelfDescribingJson object at 0x00000207FFC3FC50>]}


============================== 22:32:47.146642 | bb3a82dc-6a5c-402f-8dca-80c1129e54cf ==============================
[0m22:32:47.146642 [info ] [MainThread]: Running with dbt=1.12.0
[0m22:32:47.147135 [debug] [MainThread]: running dbt with arguments {'version_check': 'True', 'no_print': 'None', 'static_parser': 'True', 'target_path': 'None', 'warn_error_options': 'WarnErrorOptionsV2(error=[], warn=[], silence=[])', 'maximum_seed_size_mib': '1', 'printer_width': '80', 'write_json': 'True', 'empty': 'None', 'log_cache_events': 'False', 'introspect': 'True', 'cache_selected_only': 'False', 'log_format': 'default', 'debug': 'False', 'fail_fast': 'False', 'profiles_dir': 'dbt_collieai', 'send_anonymous_usage_stats': 'True', 'quiet': 'False', 'warn_error': 'None', 'partial_parse': 'False', 'indirect_selection': 'eager', 'hints_enabled': 'True', 'invocation_command': 'dbt parse --no-partial-parse --project-dir dbt_collieai --profiles-dir dbt_collieai', 'use_experimental_parser': 'False', 'use_colors': 'True', 'log_path': 'dbt_collieai\\logs'}
[0m22:32:47.305133 [debug] [MainThread]: Sending event: {'category': 'dbt', 'action': 'project_id', 'label': 'bb3a82dc-6a5c-402f-8dca-80c1129e54cf', 'context': [<snowplow_tracker.self_describing_json.SelfDescribingJson object at 0x00000207FDBF1810>]}
[0m22:32:47.363922 [debug] [MainThread]: Sending event: {'category': 'dbt', 'action': 'adapter_info', 'label': 'bb3a82dc-6a5c-402f-8dca-80c1129e54cf', 'context': [<snowplow_tracker.self_describing_json.SelfDescribingJson object at 0x00000207FFD03460>]}
[0m22:32:47.364943 [info ] [MainThread]: Registered adapter: postgres=1.11.0
[0m22:32:47.523725 [debug] [MainThread]: checksum: eee4aa8f446f04cd153f3bb6462f41ca5fe29389c36d13d7747846389170d6ce, vars: {}, profile: lemmaai_analytics, target: dev, version: 1.12.0
[0m22:32:47.524668 [debug] [MainThread]: Partial parsing not enabled
[0m22:32:48.890092 [debug] [MainThread]: Sending event: {'category': 'dbt', 'action': 'load_project', 'label': 'bb3a82dc-6a5c-402f-8dca-80c1129e54cf', 'context': [<snowplow_tracker.self_describing_json.SelfDescribingJson object at 0x0000020780453350>]}
[0m22:32:48.894256 [info ] [MainThread]: Performance info: dbt_collieai\target\perf_info.json
[0m22:32:48.990099 [debug] [MainThread]: Wrote artifact WritableManifest to dbt_collieai\target\manifest.json
[0m22:32:48.993345 [debug] [MainThread]: Wrote artifact SemanticManifest to dbt_collieai\target\semantic_manifest.json
[0m22:32:49.016030 [debug] [MainThread]: Wrote artifact OsiDocument to dbt_collieai\target\osi_document.json
[0m22:32:49.016672 [debug] [MainThread]: Command `dbt parse` succeeded at 22:32:49.016566 after 2.03 seconds
[0m22:32:49.017057 [debug] [MainThread]: Sending event: {'category': 'dbt', 'action': 'invocation', 'label': 'end', 'context': [<snowplow_tracker.self_describing_json.SelfDescribingJson object at 0x00000207FFC423F0>, <snowplow_tracker.self_describing_json.SelfDescribingJson object at 0x0000020780487A70>, <snowplow_tracker.self_describing_json.SelfDescribingJson object at 0x00000207FFB07E70>]}
[0m22:32:49.017362 [debug] [MainThread]: Flushing usage events
[0m22:32:50.110979 [debug] [MainThread]: An error was encountered while trying to flush usage events
[0m22:42:05.382146 [debug] [MainThread]: Sending event: {'category': 'dbt', 'action': 'invocation', 'label': 'start', 'context': [<snowplow_tracker.self_describing_json.SelfDescribingJson object at 0x000002A66161D400>, <snowplow_tracker.self_describing_json.SelfDescribingJson object at 0x000002A663D6FED0>, <snowplow_tracker.self_describing_json.SelfDescribingJson object at 0x000002A663D6FC50>]}


============================== 22:42:05.386205 | 13571b58-ebe6-40e7-b7e7-70b7769961b4 ==============================
[0m22:42:05.386205 [info ] [MainThread]: Running with dbt=1.12.0
[0m22:42:05.386654 [debug] [MainThread]: running dbt with arguments {'static_parser': 'True', 'no_print': 'None', 'version_check': 'True', 'warn_error_options': 'WarnErrorOptionsV2(error=[], warn=[], silence=[])', 'maximum_seed_size_mib': '1', 'target_path': 'None', 'printer_width': '80', 'write_json': 'True', 'empty': 'None', 'log_cache_events': 'False', 'introspect': 'True', 'cache_selected_only': 'False', 'log_format': 'default', 'debug': 'False', 'fail_fast': 'False', 'partial_parse': 'False', 'send_anonymous_usage_stats': 'True', 'quiet': 'False', 'warn_error': 'None', 'profiles_dir': 'dbt_collieai', 'invocation_command': 'dbt parse --no-partial-parse --project-dir dbt_collieai --profiles-dir dbt_collieai', 'hints_enabled': 'True', 'indirect_selection': 'eager', 'use_experimental_parser': 'False', 'use_colors': 'True', 'log_path': 'dbt_collieai\\logs'}
[0m22:42:05.547338 [debug] [MainThread]: Sending event: {'category': 'dbt', 'action': 'project_id', 'label': '13571b58-ebe6-40e7-b7e7-70b7769961b4', 'context': [<snowplow_tracker.self_describing_json.SelfDescribingJson object at 0x000002A661D21810>]}
[0m22:42:05.605520 [debug] [MainThread]: Sending event: {'category': 'dbt', 'action': 'adapter_info', 'label': '13571b58-ebe6-40e7-b7e7-70b7769961b4', 'context': [<snowplow_tracker.self_describing_json.SelfDescribingJson object at 0x000002A663E33460>]}
[0m22:42:05.606738 [info ] [MainThread]: Registered adapter: postgres=1.11.0
[0m22:42:05.764063 [debug] [MainThread]: checksum: eee4aa8f446f04cd153f3bb6462f41ca5fe29389c36d13d7747846389170d6ce, vars: {}, profile: lemmaai_analytics, target: dev, version: 1.12.0
[0m22:42:05.765039 [debug] [MainThread]: Partial parsing not enabled
[0m22:42:06.933287 [debug] [MainThread]: Sending event: {'category': 'dbt', 'action': 'load_project', 'label': '13571b58-ebe6-40e7-b7e7-70b7769961b4', 'context': [<snowplow_tracker.self_describing_json.SelfDescribingJson object at 0x000002A66442F850>]}
[0m22:42:06.936741 [info ] [MainThread]: Performance info: dbt_collieai\target\perf_info.json
[0m22:42:07.017075 [debug] [MainThread]: Wrote artifact WritableManifest to dbt_collieai\target\manifest.json
[0m22:42:07.020109 [debug] [MainThread]: Wrote artifact SemanticManifest to dbt_collieai\target\semantic_manifest.json
[0m22:42:07.043995 [debug] [MainThread]: Wrote artifact OsiDocument to dbt_collieai\target\osi_document.json
[0m22:42:07.044736 [debug] [MainThread]: Command `dbt parse` succeeded at 22:42:07.044610 after 1.82 seconds
[0m22:42:07.045158 [debug] [MainThread]: Sending event: {'category': 'dbt', 'action': 'invocation', 'label': 'end', 'context': [<snowplow_tracker.self_describing_json.SelfDescribingJson object at 0x000002A664480F50>, <snowplow_tracker.self_describing_json.SelfDescribingJson object at 0x000002A664483E30>, <snowplow_tracker.self_describing_json.SelfDescribingJson object at 0x000002A663C37E70>]}
[0m22:42:07.045461 [debug] [MainThread]: Flushing usage events
[0m22:42:08.153035 [debug] [MainThread]: An error was encountered while trying to flush usage events
[0m22:42:10.106108 [debug] [MainThread]: Sending event: {'category': 'dbt', 'action': 'invocation', 'label': 'start', 'context': [<snowplow_tracker.self_describing_json.SelfDescribingJson object at 0x000001B1544BD400>, <snowplow_tracker.self_describing_json.SelfDescribingJson object at 0x000001B156C13ED0>, <snowplow_tracker.self_describing_json.SelfDescribingJson object at 0x000001B156C13C50>]}


============================== 22:42:10.109171 | 453aff92-ab6b-4c78-8881-3570da23b4fe ==============================
[0m22:42:10.109171 [info ] [MainThread]: Running with dbt=1.12.0
[0m22:42:10.109601 [debug] [MainThread]: running dbt with arguments {'static_parser': 'True', 'no_print': 'None', 'version_check': 'True', 'target_path': 'None', 'maximum_seed_size_mib': '1', 'warn_error_options': 'WarnErrorOptionsV2(error=[], warn=[], silence=[])', 'printer_width': '80', 'write_json': 'True', 'empty': 'None', 'log_cache_events': 'False', 'introspect': 'True', 'cache_selected_only': 'False', 'fail_fast': 'False', 'debug': 'False', 'log_format': 'default', 'partial_parse': 'True', 'send_anonymous_usage_stats': 'True', 'quiet': 'False', 'warn_error': 'None', 'profiles_dir': 'dbt_collieai', 'use_colors': 'True', 'hints_enabled': 'True', 'invocation_command': 'dbt ls --project-dir dbt_collieai --profiles-dir dbt_collieai --resource-type model --output name', 'use_experimental_parser': 'False', 'indirect_selection': 'eager', 'log_path': 'dbt_collieai\\logs'}
[0m22:42:10.256060 [debug] [MainThread]: Sending event: {'category': 'dbt', 'action': 'project_id', 'label': '453aff92-ab6b-4c78-8881-3570da23b4fe', 'context': [<snowplow_tracker.self_describing_json.SelfDescribingJson object at 0x000001B154BC1810>]}
[0m22:42:10.309901 [debug] [MainThread]: Sending event: {'category': 'dbt', 'action': 'adapter_info', 'label': '453aff92-ab6b-4c78-8881-3570da23b4fe', 'context': [<snowplow_tracker.self_describing_json.SelfDescribingJson object at 0x000001B156CD3570>]}
[0m22:42:10.310911 [info ] [MainThread]: Registered adapter: postgres=1.11.0
[0m22:42:10.459000 [debug] [MainThread]: checksum: eee4aa8f446f04cd153f3bb6462f41ca5fe29389c36d13d7747846389170d6ce, vars: {}, profile: lemmaai_analytics, target: dev, version: 1.12.0
[0m22:42:10.631228 [debug] [MainThread]: Partial parsing enabled: 0 files deleted, 0 files added, 0 files changed.
[0m22:42:10.631670 [debug] [MainThread]: Nothing changed, skipping partial parsing.
[0m22:42:10.632013 [debug] [MainThread]: Partial parsing enabled, no changes found, skipping parsing
[0m22:42:10.639344 [debug] [MainThread]: Sending event: {'category': 'dbt', 'action': 'load_project', 'label': '453aff92-ab6b-4c78-8881-3570da23b4fe', 'context': [<snowplow_tracker.self_describing_json.SelfDescribingJson object at 0x000001B157468950>]}
[0m22:42:10.733035 [debug] [MainThread]: Wrote artifact WritableManifest to dbt_collieai\target\manifest.json
[0m22:42:10.736217 [debug] [MainThread]: Wrote artifact SemanticManifest to dbt_collieai\target\semantic_manifest.json
[0m22:42:10.762937 [debug] [MainThread]: Wrote artifact OsiDocument to dbt_collieai\target\osi_document.json
[0m22:42:10.783096 [debug] [MainThread]: Sending event: {'category': 'dbt', 'action': 'resource_counts', 'label': '453aff92-ab6b-4c78-8881-3570da23b4fe', 'context': [<snowplow_tracker.self_describing_json.SelfDescribingJson object at 0x000001B1573D7110>]}
[0m22:42:10.783539 [info ] [MainThread]: Found 9 models, 41 sources, 477 macros
[0m22:42:10.783976 [debug] [MainThread]: Sending event: {'category': 'dbt', 'action': 'runnable_timing', 'label': '453aff92-ab6b-4c78-8881-3570da23b4fe', 'context': [<snowplow_tracker.self_describing_json.SelfDescribingJson object at 0x000001B157233070>]}
[0m22:42:10.785004 [info ] [MainThread]: mv_daily_student_performance
[0m22:42:10.785267 [info ] [MainThread]: mv_topic_failure_patterns
[0m22:42:10.785529 [info ] [MainThread]: mv_weekly_skill_mastery
[0m22:42:10.785812 [info ] [MainThread]: vw_dda_effectiveness
[0m22:42:10.786203 [info ] [MainThread]: vw_gamification_summary
[0m22:42:10.786456 [info ] [MainThread]: vw_guardrail_summary
[0m22:42:10.787082 [info ] [MainThread]: vw_parent_child_progress
[0m22:42:10.787338 [info ] [MainThread]: vw_student_learning_summary
[0m22:42:10.787764 [info ] [MainThread]: vw_student_skill_mastery
[0m22:42:10.788509 [debug] [MainThread]: Command `dbt ls` succeeded at 22:42:10.788404 after 0.82 seconds
[0m22:42:10.788804 [debug] [MainThread]: Sending event: {'category': 'dbt', 'action': 'invocation', 'label': 'end', 'context': [<snowplow_tracker.self_describing_json.SelfDescribingJson object at 0x000001B157498BB0>, <snowplow_tracker.self_describing_json.SelfDescribingJson object at 0x000001B156BB0650>, <snowplow_tracker.self_describing_json.SelfDescribingJson object at 0x000001B1574404D0>]}
[0m22:42:10.789060 [debug] [MainThread]: Flushing usage events
[0m22:42:12.444069 [debug] [MainThread]: An error was encountered while trying to flush usage events
[0m16:59:50.385960 [debug] [MainThread]: Sending event: {'category': 'dbt', 'action': 'invocation', 'label': 'start', 'context': [<snowplow_tracker.self_describing_json.SelfDescribingJson object at 0x0000010EA9268EC0>, <snowplow_tracker.self_describing_json.SelfDescribingJson object at 0x0000010EAB96FED0>, <snowplow_tracker.self_describing_json.SelfDescribingJson object at 0x0000010EAB96FC50>]}


============================== 16:59:50.391538 | c5060d86-d653-4d8e-ae49-8028c757e6be ==============================
[0m16:59:50.391538 [info ] [MainThread]: Running with dbt=1.12.0
[0m16:59:50.392301 [debug] [MainThread]: running dbt with arguments {'maximum_seed_size_mib': '1', 'no_print': 'None', 'static_parser': 'True', 'warn_error_options': 'WarnErrorOptionsV2(error=[], warn=[], silence=[])', 'target_path': 'None', 'version_check': 'True', 'printer_width': '80', 'write_json': 'True', 'introspect': 'True', 'log_cache_events': 'False', 'empty': 'None', 'cache_selected_only': 'False', 'log_format': 'default', 'debug': 'False', 'fail_fast': 'False', 'profiles_dir': 'c:\\Users\\YEN YEN\\Desktop\\ERD\\ERD-Portfolio-Repo\\CollieAI_ERD\\dbt_collieai', 'send_anonymous_usage_stats': 'True', 'quiet': 'False', 'warn_error': 'None', 'partial_parse': 'True', 'invocation_command': 'dbt ', 'hints_enabled': 'True', 'use_colors': 'True', 'use_experimental_parser': 'False', 'indirect_selection': 'eager', 'log_path': 'c:\\Users\\YEN YEN\\Desktop\\ERD\\ERD-Portfolio-Repo\\CollieAI_ERD\\dbt_collieai\\logs'}
[0m16:59:50.659922 [debug] [MainThread]: Sending event: {'category': 'dbt', 'action': 'project_id', 'label': 'c5060d86-d653-4d8e-ae49-8028c757e6be', 'context': [<snowplow_tracker.self_describing_json.SelfDescribingJson object at 0x0000010EA99216E0>]}
[0m16:59:50.699378 [info ] [MainThread]: Warning: No packages were found in packages.yml
[0m16:59:50.701486 [info ] [MainThread]: Warning: No packages were found in packages.yml
[0m16:59:50.703115 [debug] [MainThread]: Command `cli deps` succeeded at 16:59:50.702760 after 0.58 seconds
[0m16:59:50.703692 [debug] [MainThread]: Sending event: {'category': 'dbt', 'action': 'invocation', 'label': 'end', 'context': [<snowplow_tracker.self_describing_json.SelfDescribingJson object at 0x0000010EA7B5D590>, <snowplow_tracker.self_describing_json.SelfDescribingJson object at 0x0000010EABC1C050>, <snowplow_tracker.self_describing_json.SelfDescribingJson object at 0x0000010EAB7D9850>]}
[0m16:59:50.704171 [debug] [MainThread]: Flushing usage events
[0m16:59:52.143874 [debug] [MainThread]: An error was encountered while trying to flush usage events
[0m17:57:41.569784 [debug] [MainThread]: Sending event: {'category': 'dbt', 'action': 'invocation', 'label': 'start', 'context': [<snowplow_tracker.self_describing_json.SelfDescribingJson object at 0x000001ADC851D400>, <snowplow_tracker.self_describing_json.SelfDescribingJson object at 0x000001ADCAC7FED0>, <snowplow_tracker.self_describing_json.SelfDescribingJson object at 0x000001ADCAC7FC50>]}


============================== 17:57:41.575158 | c61e20a7-5246-4727-86dd-5c517253f5d0 ==============================
[0m17:57:41.575158 [info ] [MainThread]: Running with dbt=1.12.0
[0m17:57:41.575617 [debug] [MainThread]: running dbt with arguments {'static_parser': 'True', 'no_print': 'None', 'maximum_seed_size_mib': '1', 'target_path': 'None', 'version_check': 'True', 'warn_error_options': 'WarnErrorOptionsV2(error=[], warn=[], silence=[])', 'printer_width': '80', 'write_json': 'True', 'empty': 'None', 'log_cache_events': 'False', 'introspect': 'True', 'cache_selected_only': 'False', 'fail_fast': 'False', 'debug': 'False', 'log_format': 'default', 'partial_parse': 'True', 'send_anonymous_usage_stats': 'True', 'quiet': 'False', 'warn_error': 'None', 'profiles_dir': '.', 'invocation_command': 'dbt parse --project-dir . --profiles-dir .', 'hints_enabled': 'True', 'indirect_selection': 'eager', 'use_experimental_parser': 'False', 'use_colors': 'True', 'log_path': 'logs'}
[0m17:57:41.741247 [debug] [MainThread]: Sending event: {'category': 'dbt', 'action': 'project_id', 'label': 'c61e20a7-5246-4727-86dd-5c517253f5d0', 'context': [<snowplow_tracker.self_describing_json.SelfDescribingJson object at 0x000001ADC8C31810>]}
[0m17:57:41.797165 [debug] [MainThread]: Sending event: {'category': 'dbt', 'action': 'adapter_info', 'label': 'c61e20a7-5246-4727-86dd-5c517253f5d0', 'context': [<snowplow_tracker.self_describing_json.SelfDescribingJson object at 0x000001ADCAD43460>]}
[0m17:57:41.798970 [info ] [MainThread]: Registered adapter: postgres=1.11.0
[0m17:57:42.229732 [debug] [MainThread]: checksum: eee4aa8f446f04cd153f3bb6462f41ca5fe29389c36d13d7747846389170d6ce, vars: {}, profile: lemmaai_analytics, target: dev, version: 1.12.0
[0m17:57:42.399742 [debug] [MainThread]: Partial parsing enabled: 0 files deleted, 0 files added, 0 files changed.
[0m17:57:42.400067 [debug] [MainThread]: Nothing changed, skipping partial parsing.
[0m17:57:42.400251 [debug] [MainThread]: Partial parsing enabled, no changes found, skipping parsing
[0m17:57:42.409498 [debug] [MainThread]: Sending event: {'category': 'dbt', 'action': 'load_project', 'label': 'c61e20a7-5246-4727-86dd-5c517253f5d0', 'context': [<snowplow_tracker.self_describing_json.SelfDescribingJson object at 0x000001ADCB02CB50>]}
[0m17:57:42.413340 [info ] [MainThread]: Performance info: .\target\perf_info.json
[0m17:57:42.522779 [debug] [MainThread]: Wrote artifact WritableManifest to .\target\manifest.json
[0m17:57:42.557623 [debug] [MainThread]: Wrote artifact SemanticManifest to .\target\semantic_manifest.json
[0m17:57:42.610929 [debug] [MainThread]: Wrote artifact OsiDocument to .\target\osi_document.json
[0m17:57:42.611883 [debug] [MainThread]: Command `dbt parse` succeeded at 17:57:42.611681 after 1.22 seconds
[0m17:57:42.612336 [debug] [MainThread]: Sending event: {'category': 'dbt', 'action': 'invocation', 'label': 'end', 'context': [<snowplow_tracker.self_describing_json.SelfDescribingJson object at 0x000001ADCAC82300>, <snowplow_tracker.self_describing_json.SelfDescribingJson object at 0x000001ADCB427110>, <snowplow_tracker.self_describing_json.SelfDescribingJson object at 0x000001ADCAB47E70>]}
[0m17:57:42.612713 [debug] [MainThread]: Flushing usage events
[0m17:57:43.813345 [debug] [MainThread]: An error was encountered while trying to flush usage events
[0m18:01:22.270627 [debug] [MainThread]: Sending event: {'category': 'dbt', 'action': 'invocation', 'label': 'start', 'context': [<snowplow_tracker.self_describing_json.SelfDescribingJson object at 0x000001B4914FD400>, <snowplow_tracker.self_describing_json.SelfDescribingJson object at 0x000001B493C5FED0>, <snowplow_tracker.self_describing_json.SelfDescribingJson object at 0x000001B493C5FC50>]}


============================== 18:01:22.273960 | fcb6f8e0-9c70-4b79-876d-21804c6e0c26 ==============================
[0m18:01:22.273960 [info ] [MainThread]: Running with dbt=1.12.0
[0m18:01:22.274413 [debug] [MainThread]: running dbt with arguments {'maximum_seed_size_mib': '1', 'no_print': 'None', 'version_check': 'True', 'warn_error_options': 'WarnErrorOptionsV2(error=[], warn=[], silence=[])', 'target_path': 'None', 'static_parser': 'True', 'printer_width': '80', 'write_json': 'True', 'empty': 'None', 'log_cache_events': 'False', 'introspect': 'True', 'cache_selected_only': 'False', 'fail_fast': 'False', 'debug': 'False', 'log_format': 'default', 'partial_parse': 'True', 'send_anonymous_usage_stats': 'True', 'quiet': 'False', 'warn_error': 'None', 'profiles_dir': '.', 'invocation_command': 'dbt debug --project-dir . --profiles-dir .', 'hints_enabled': 'True', 'indirect_selection': 'eager', 'use_experimental_parser': 'False', 'use_colors': 'True', 'log_path': 'logs'}
[0m18:01:22.302786 [info ] [MainThread]: dbt version: 1.12.0
[0m18:01:22.303299 [info ] [MainThread]: python version: 3.13.7
[0m18:01:22.303614 [info ] [MainThread]: python path: C:\Users\YEN YEN\Desktop\ERD\ERD-Portfolio-Repo\CollieAI_ERD\.venv\Scripts\python.exe
[0m18:01:22.303947 [info ] [MainThread]: os info: Windows-11-10.0.26200-SP0
[0m18:01:22.353041 [info ] [MainThread]: Using profiles dir at .
[0m18:01:22.353574 [info ] [MainThread]: Using profiles.yml file at .\profiles.yml
[0m18:01:22.353892 [info ] [MainThread]: Using dbt_project.yml file at .\dbt_project.yml
[0m18:01:22.354877 [info ] [MainThread]: adapter type: postgres
[0m18:01:22.355401 [info ] [MainThread]: adapter version: 1.11.0
[0m18:01:22.443933 [info ] [MainThread]: Configuration:
[0m18:01:22.444313 [info ] [MainThread]:   profiles.yml file [[32mOK found and valid[0m]
[0m18:01:22.444549 [info ] [MainThread]:   dbt_project.yml file [[32mOK found and valid[0m]
[0m18:01:22.445283 [info ] [MainThread]: Required dependencies:
[0m18:01:22.446107 [debug] [MainThread]: Executing "git --help"
[0m18:01:22.485845 [debug] [MainThread]: STDOUT: "b"usage: git [-v | --version] [-h | --help] [-C <path>] [-c <name>=<value>]\n           [--exec-path[=<path>]] [--html-path] [--man-path] [--info-path]\n           [-p | --paginate | -P | --no-pager] [--no-replace-objects] [--no-lazy-fetch]\n           [--no-optional-locks] [--no-advice] [--bare] [--git-dir=<path>]\n           [--work-tree=<path>] [--namespace=<name>] [--config-env=<name>=<envvar>]\n           <command> [<args>]\n\nThese are common Git commands used in various situations:\n\nstart a working area (see also: git help tutorial)\n   clone      Clone a repository into a new directory\n   init       Create an empty Git repository or reinitialize an existing one\n\nwork on the current change (see also: git help everyday)\n   add        Add file contents to the index\n   mv         Move or rename a file, a directory, or a symlink\n   restore    Restore working tree files\n   rm         Remove files from the working tree and from the index\n\nexamine the history and state (see also: git help revisions)\n   bisect     Use binary search to find the commit that introduced a bug\n   diff       Show changes between commits, commit and working tree, etc\n   grep       Print lines matching a pattern\n   log        Show commit logs\n   show       Show various types of objects\n   status     Show the working tree status\n\ngrow, mark and tweak your common history\n   backfill   Download missing objects in a partial clone\n   branch     List, create, or delete branches\n   commit     Record changes to the repository\n   history    EXPERIMENTAL: Rewrite history\n   merge      Join two or more development histories together\n   rebase     Reapply commits on top of another base tip\n   reset      Set `HEAD` or the index to a known state\n   switch     Switch branches\n   tag        Create, list, delete or verify tags\n\ncollaborate (see also: git help workflows)\n   fetch      Download objects and refs from another repository\n   pull       Fetch from and integrate with another repository or a local branch\n   push       Update remote refs along with associated objects\n\n'git help -a' and 'git help -g' list available subcommands and some\nconcept guides. See 'git help <command>' or 'git help <concept>'\nto read about a specific subcommand or concept.\nSee 'git help git' for an overview of the system.\n""
[0m18:01:22.486270 [debug] [MainThread]: STDERR: "b''"
[0m18:01:22.486623 [info ] [MainThread]:  - git [[32mOK found[0m]

[0m18:01:22.487178 [info ] [MainThread]: Connection:
[0m18:01:22.487836 [info ] [MainThread]:   host: aws-0-ap-northeast-1.pooler.supabase.com
[0m18:01:22.488389 [info ] [MainThread]:   port: 5432
[0m18:01:22.488832 [info ] [MainThread]:   user: postgres.pspkqczafkvlypcheoey
[0m18:01:22.489107 [info ] [MainThread]:   database: postgres
[0m18:01:22.489353 [info ] [MainThread]:   schema: analytics
[0m18:01:22.489560 [info ] [MainThread]:   connect_timeout: 10
[0m18:01:22.489769 [info ] [MainThread]:   role: None
[0m18:01:22.489971 [info ] [MainThread]:   search_path: None
[0m18:01:22.490163 [info ] [MainThread]:   keepalives_idle: 0
[0m18:01:22.490382 [info ] [MainThread]:   sslmode: require
[0m18:01:22.490563 [info ] [MainThread]:   sslcert: None
[0m18:01:22.490737 [info ] [MainThread]:   sslkey: None
[0m18:01:22.490910 [info ] [MainThread]:   sslrootcert: None
[0m18:01:22.491072 [info ] [MainThread]:   application_name: dbt
[0m18:01:22.491305 [info ] [MainThread]:   autocommit: False
[0m18:01:22.491527 [info ] [MainThread]:   retries: 1
[0m18:01:22.491882 [info ] [MainThread]: Registered adapter: postgres=1.11.0
[0m18:01:22.669262 [debug] [MainThread]: Acquiring new postgres connection 'debug'
[0m18:01:29.880329 [debug] [MainThread]: Using postgres connection "debug"
[0m18:01:29.881220 [debug] [MainThread]: On debug: select 1 as id
[0m18:01:29.881557 [debug] [MainThread]: Opening a new connection, currently in state init
[0m18:01:30.239865 [debug] [MainThread]: Postgres adapter: Got a retryable error when attempting to open a postgres connection.
1 attempts remaining. Retrying in 0 seconds.
Error:
connection to server at "aws-0-ap-northeast-1.pooler.supabase.com" (54.64.190.72), port 5432 failed: fe_sendauth: no password supplied

[0m18:01:30.536146 [debug] [MainThread]: Postgres adapter: Error running SQL: select 1 as id
[0m18:01:30.537844 [debug] [MainThread]: Postgres adapter: Rolling back transaction.
[0m18:01:30.538834 [debug] [MainThread]: On debug: No close available on handle
[0m18:01:30.539779 [info ] [MainThread]:   Connection test: [[31mERROR[0m]

[0m18:01:30.540796 [info ] [MainThread]: [31m1 check failed:[0m
[0m18:01:30.541787 [info ] [MainThread]: dbt was unable to connect to the specified database.
The database returned the following error:

  >Database Error
  connection to server at "aws-0-ap-northeast-1.pooler.supabase.com" (54.64.190.72), port 5432 failed: fe_sendauth: no password supplied
  

Check your database credentials and try again. For more information, visit:
https://docs.getdbt.com/docs/configure-your-profile


[0m18:01:30.544155 [debug] [MainThread]: Command `dbt debug` failed at 18:01:30.543691 after 8.45 seconds
[0m18:01:30.545765 [debug] [MainThread]: Connection 'debug' was properly closed.
[0m18:01:30.548218 [debug] [MainThread]: Sending event: {'category': 'dbt', 'action': 'invocation', 'label': 'end', 'context': [<snowplow_tracker.self_describing_json.SelfDescribingJson object at 0x000001B4942DCFC0>, <snowplow_tracker.self_describing_json.SelfDescribingJson object at 0x000001B494088DD0>, <snowplow_tracker.self_describing_json.SelfDescribingJson object at 0x000001B493F47130>]}
[0m18:01:30.550692 [debug] [MainThread]: Flushing usage events
[0m18:01:31.657477 [debug] [MainThread]: An error was encountered while trying to flush usage events
[0m18:04:23.096310 [debug] [MainThread]: Sending event: {'category': 'dbt', 'action': 'invocation', 'label': 'start', 'context': [<snowplow_tracker.self_describing_json.SelfDescribingJson object at 0x000001F8A527D400>, <snowplow_tracker.self_describing_json.SelfDescribingJson object at 0x000001F8A79CFED0>, <snowplow_tracker.self_describing_json.SelfDescribingJson object at 0x000001F8A79CFC50>]}


============================== 18:04:23.100140 | aef36699-b123-422b-a55f-138c9c3bc03a ==============================
[0m18:04:23.100140 [info ] [MainThread]: Running with dbt=1.12.0
[0m18:04:23.100668 [debug] [MainThread]: running dbt with arguments {'version_check': 'True', 'no_print': 'None', 'maximum_seed_size_mib': '1', 'target_path': 'None', 'warn_error_options': 'WarnErrorOptionsV2(error=[], warn=[], silence=[])', 'static_parser': 'True', 'printer_width': '80', 'write_json': 'True', 'introspect': 'True', 'log_cache_events': 'False', 'empty': 'None', 'cache_selected_only': 'False', 'log_format': 'default', 'debug': 'False', 'fail_fast': 'False', 'profiles_dir': '.', 'send_anonymous_usage_stats': 'True', 'quiet': 'False', 'warn_error': 'None', 'partial_parse': 'True', 'indirect_selection': 'eager', 'hints_enabled': 'True', 'invocation_command': 'dbt debug --project-dir . --profiles-dir .', 'use_experimental_parser': 'False', 'use_colors': 'True', 'log_path': 'logs'}
[0m18:04:23.112819 [info ] [MainThread]: dbt version: 1.12.0
[0m18:04:23.113154 [info ] [MainThread]: python version: 3.13.7
[0m18:04:23.113364 [info ] [MainThread]: python path: C:\Users\YEN YEN\Desktop\ERD\ERD-Portfolio-Repo\CollieAI_ERD\.venv\Scripts\python.exe
[0m18:04:23.113571 [info ] [MainThread]: os info: Windows-11-10.0.26200-SP0
[0m18:04:23.162151 [info ] [MainThread]: Using profiles dir at .
[0m18:04:23.162651 [info ] [MainThread]: Using profiles.yml file at .\profiles.yml
[0m18:04:23.163059 [info ] [MainThread]: Using dbt_project.yml file at .\dbt_project.yml
[0m18:04:23.164007 [info ] [MainThread]: adapter type: postgres
[0m18:04:23.164292 [info ] [MainThread]: adapter version: 1.11.0
[0m18:04:23.266905 [info ] [MainThread]: Configuration:
[0m18:04:23.267342 [info ] [MainThread]:   profiles.yml file [[32mOK found and valid[0m]
[0m18:04:23.267710 [info ] [MainThread]:   dbt_project.yml file [[32mOK found and valid[0m]
[0m18:04:23.268116 [info ] [MainThread]: Required dependencies:
[0m18:04:23.268599 [debug] [MainThread]: Executing "git --help"
[0m18:04:23.310321 [debug] [MainThread]: STDOUT: "b"usage: git [-v | --version] [-h | --help] [-C <path>] [-c <name>=<value>]\n           [--exec-path[=<path>]] [--html-path] [--man-path] [--info-path]\n           [-p | --paginate | -P | --no-pager] [--no-replace-objects] [--no-lazy-fetch]\n           [--no-optional-locks] [--no-advice] [--bare] [--git-dir=<path>]\n           [--work-tree=<path>] [--namespace=<name>] [--config-env=<name>=<envvar>]\n           <command> [<args>]\n\nThese are common Git commands used in various situations:\n\nstart a working area (see also: git help tutorial)\n   clone      Clone a repository into a new directory\n   init       Create an empty Git repository or reinitialize an existing one\n\nwork on the current change (see also: git help everyday)\n   add        Add file contents to the index\n   mv         Move or rename a file, a directory, or a symlink\n   restore    Restore working tree files\n   rm         Remove files from the working tree and from the index\n\nexamine the history and state (see also: git help revisions)\n   bisect     Use binary search to find the commit that introduced a bug\n   diff       Show changes between commits, commit and working tree, etc\n   grep       Print lines matching a pattern\n   log        Show commit logs\n   show       Show various types of objects\n   status     Show the working tree status\n\ngrow, mark and tweak your common history\n   backfill   Download missing objects in a partial clone\n   branch     List, create, or delete branches\n   commit     Record changes to the repository\n   history    EXPERIMENTAL: Rewrite history\n   merge      Join two or more development histories together\n   rebase     Reapply commits on top of another base tip\n   reset      Set `HEAD` or the index to a known state\n   switch     Switch branches\n   tag        Create, list, delete or verify tags\n\ncollaborate (see also: git help workflows)\n   fetch      Download objects and refs from another repository\n   pull       Fetch from and integrate with another repository or a local branch\n   push       Update remote refs along with associated objects\n\n'git help -a' and 'git help -g' list available subcommands and some\nconcept guides. See 'git help <command>' or 'git help <concept>'\nto read about a specific subcommand or concept.\nSee 'git help git' for an overview of the system.\n""
[0m18:04:23.310773 [debug] [MainThread]: STDERR: "b''"
[0m18:04:23.311176 [info ] [MainThread]:  - git [[32mOK found[0m]

[0m18:04:23.311473 [info ] [MainThread]: Connection:
[0m18:04:23.311736 [info ] [MainThread]:   host: aws-0-ap-northeast-1.pooler.supabase.com
[0m18:04:23.311974 [info ] [MainThread]:   port: 5432
[0m18:04:23.312214 [info ] [MainThread]:   user: postgres.pspkqczafkvlypcheoey
[0m18:04:23.312420 [info ] [MainThread]:   database: postgres
[0m18:04:23.312712 [info ] [MainThread]:   schema: analytics
[0m18:04:23.313672 [info ] [MainThread]:   connect_timeout: 10
[0m18:04:23.314085 [info ] [MainThread]:   role: None
[0m18:04:23.314433 [info ] [MainThread]:   search_path: None
[0m18:04:23.314781 [info ] [MainThread]:   keepalives_idle: 0
[0m18:04:23.315036 [info ] [MainThread]:   sslmode: require
[0m18:04:23.315322 [info ] [MainThread]:   sslcert: None
[0m18:04:23.315612 [info ] [MainThread]:   sslkey: None
[0m18:04:23.315834 [info ] [MainThread]:   sslrootcert: None
[0m18:04:23.316031 [info ] [MainThread]:   application_name: dbt
[0m18:04:23.316230 [info ] [MainThread]:   autocommit: False
[0m18:04:23.316469 [info ] [MainThread]:   retries: 1
[0m18:04:23.316997 [info ] [MainThread]: Registered adapter: postgres=1.11.0
[0m18:04:23.474153 [debug] [MainThread]: Acquiring new postgres connection 'debug'
[0m18:04:23.508656 [debug] [MainThread]: Using postgres connection "debug"
[0m18:04:23.508976 [debug] [MainThread]: On debug: select 1 as id
[0m18:04:23.509172 [debug] [MainThread]: Opening a new connection, currently in state init
[0m18:04:23.818592 [debug] [MainThread]: Postgres adapter: Got a retryable error when attempting to open a postgres connection.
1 attempts remaining. Retrying in 0 seconds.
Error:
connection to server at "aws-0-ap-northeast-1.pooler.supabase.com" (54.64.190.72), port 5432 failed: fe_sendauth: no password supplied

[0m18:04:24.047356 [debug] [MainThread]: Postgres adapter: Error running SQL: select 1 as id
[0m18:04:24.047755 [debug] [MainThread]: Postgres adapter: Rolling back transaction.
[0m18:04:24.048009 [debug] [MainThread]: On debug: No close available on handle
[0m18:04:24.048275 [info ] [MainThread]:   Connection test: [[31mERROR[0m]

[0m18:04:24.048528 [info ] [MainThread]: [31m1 check failed:[0m
[0m18:04:24.048824 [info ] [MainThread]: dbt was unable to connect to the specified database.
The database returned the following error:

  >Database Error
  connection to server at "aws-0-ap-northeast-1.pooler.supabase.com" (54.64.190.72), port 5432 failed: fe_sendauth: no password supplied
  

Check your database credentials and try again. For more information, visit:
https://docs.getdbt.com/docs/configure-your-profile


[0m18:04:24.049384 [debug] [MainThread]: Command `dbt debug` failed at 18:04:24.049285 after 1.11 seconds
[0m18:04:24.049628 [debug] [MainThread]: Connection 'debug' was properly closed.
[0m18:04:24.049913 [debug] [MainThread]: Sending event: {'category': 'dbt', 'action': 'invocation', 'label': 'end', 'context': [<snowplow_tracker.self_describing_json.SelfDescribingJson object at 0x000001F8A7FECFC0>, <snowplow_tracker.self_describing_json.SelfDescribingJson object at 0x000001F8A7D94DD0>, <snowplow_tracker.self_describing_json.SelfDescribingJson object at 0x000001F8A7C17130>]}
[0m18:04:24.050198 [debug] [MainThread]: Flushing usage events
[0m18:04:25.154787 [debug] [MainThread]: An error was encountered while trying to flush usage events
[0m18:06:34.271397 [debug] [MainThread]: Sending event: {'category': 'dbt', 'action': 'invocation', 'label': 'start', 'context': [<snowplow_tracker.self_describing_json.SelfDescribingJson object at 0x0000017FE397D400>, <snowplow_tracker.self_describing_json.SelfDescribingJson object at 0x0000017FE60CFED0>, <snowplow_tracker.self_describing_json.SelfDescribingJson object at 0x0000017FE60CFC50>]}


============================== 18:06:34.274780 | 56d603e9-9053-49c6-8b2c-5cf9f2c9e4ef ==============================
[0m18:06:34.274780 [info ] [MainThread]: Running with dbt=1.12.0
[0m18:06:34.275670 [debug] [MainThread]: running dbt with arguments {'version_check': 'True', 'no_print': 'None', 'maximum_seed_size_mib': '1', 'warn_error_options': 'WarnErrorOptionsV2(error=[], warn=[], silence=[])', 'target_path': 'None', 'static_parser': 'True', 'printer_width': '80', 'write_json': 'True', 'empty': 'None', 'log_cache_events': 'False', 'introspect': 'True', 'cache_selected_only': 'False', 'fail_fast': 'False', 'debug': 'False', 'log_format': 'default', 'partial_parse': 'True', 'send_anonymous_usage_stats': 'True', 'quiet': 'False', 'warn_error': 'None', 'profiles_dir': '.', 'use_colors': 'True', 'hints_enabled': 'True', 'indirect_selection': 'eager', 'use_experimental_parser': 'False', 'invocation_command': 'dbt debug --project-dir . --profiles-dir .', 'log_path': 'logs'}
[0m18:06:34.287478 [info ] [MainThread]: dbt version: 1.12.0
[0m18:06:34.287859 [info ] [MainThread]: python version: 3.13.7
[0m18:06:34.288133 [info ] [MainThread]: python path: C:\Users\YEN YEN\Desktop\ERD\ERD-Portfolio-Repo\CollieAI_ERD\.venv\Scripts\python.exe
[0m18:06:34.288345 [info ] [MainThread]: os info: Windows-11-10.0.26200-SP0
[0m18:06:34.333404 [info ] [MainThread]: Using profiles dir at .
[0m18:06:34.333819 [info ] [MainThread]: Using profiles.yml file at .\profiles.yml
[0m18:06:34.334092 [info ] [MainThread]: Using dbt_project.yml file at .\dbt_project.yml
[0m18:06:34.334774 [info ] [MainThread]: adapter type: postgres
[0m18:06:34.335085 [info ] [MainThread]: adapter version: 1.11.0
[0m18:06:34.426001 [info ] [MainThread]: Configuration:
[0m18:06:34.426399 [info ] [MainThread]:   profiles.yml file [[32mOK found and valid[0m]
[0m18:06:34.426915 [info ] [MainThread]:   dbt_project.yml file [[32mOK found and valid[0m]
[0m18:06:34.427475 [info ] [MainThread]: Required dependencies:
[0m18:06:34.427926 [debug] [MainThread]: Executing "git --help"
[0m18:06:34.470291 [debug] [MainThread]: STDOUT: "b"usage: git [-v | --version] [-h | --help] [-C <path>] [-c <name>=<value>]\n           [--exec-path[=<path>]] [--html-path] [--man-path] [--info-path]\n           [-p | --paginate | -P | --no-pager] [--no-replace-objects] [--no-lazy-fetch]\n           [--no-optional-locks] [--no-advice] [--bare] [--git-dir=<path>]\n           [--work-tree=<path>] [--namespace=<name>] [--config-env=<name>=<envvar>]\n           <command> [<args>]\n\nThese are common Git commands used in various situations:\n\nstart a working area (see also: git help tutorial)\n   clone      Clone a repository into a new directory\n   init       Create an empty Git repository or reinitialize an existing one\n\nwork on the current change (see also: git help everyday)\n   add        Add file contents to the index\n   mv         Move or rename a file, a directory, or a symlink\n   restore    Restore working tree files\n   rm         Remove files from the working tree and from the index\n\nexamine the history and state (see also: git help revisions)\n   bisect     Use binary search to find the commit that introduced a bug\n   diff       Show changes between commits, commit and working tree, etc\n   grep       Print lines matching a pattern\n   log        Show commit logs\n   show       Show various types of objects\n   status     Show the working tree status\n\ngrow, mark and tweak your common history\n   backfill   Download missing objects in a partial clone\n   branch     List, create, or delete branches\n   commit     Record changes to the repository\n   history    EXPERIMENTAL: Rewrite history\n   merge      Join two or more development histories together\n   rebase     Reapply commits on top of another base tip\n   reset      Set `HEAD` or the index to a known state\n   switch     Switch branches\n   tag        Create, list, delete or verify tags\n\ncollaborate (see also: git help workflows)\n   fetch      Download objects and refs from another repository\n   pull       Fetch from and integrate with another repository or a local branch\n   push       Update remote refs along with associated objects\n\n'git help -a' and 'git help -g' list available subcommands and some\nconcept guides. See 'git help <command>' or 'git help <concept>'\nto read about a specific subcommand or concept.\nSee 'git help git' for an overview of the system.\n""
[0m18:06:34.470864 [debug] [MainThread]: STDERR: "b''"
[0m18:06:34.471307 [info ] [MainThread]:  - git [[32mOK found[0m]

[0m18:06:34.471601 [info ] [MainThread]: Connection:
[0m18:06:34.471841 [info ] [MainThread]:   host: aws-0-ap-northeast-1.pooler.supabase.com
[0m18:06:34.472068 [info ] [MainThread]:   port: 5432
[0m18:06:34.472255 [info ] [MainThread]:   user: postgres.pspkqczafkvlypcheoey
[0m18:06:34.472646 [info ] [MainThread]:   database: postgres
[0m18:06:34.472953 [info ] [MainThread]:   schema: analytics
[0m18:06:34.473207 [info ] [MainThread]:   connect_timeout: 10
[0m18:06:34.473429 [info ] [MainThread]:   role: None
[0m18:06:34.473656 [info ] [MainThread]:   search_path: None
[0m18:06:34.473888 [info ] [MainThread]:   keepalives_idle: 0
[0m18:06:34.474128 [info ] [MainThread]:   sslmode: require
[0m18:06:34.474398 [info ] [MainThread]:   sslcert: None
[0m18:06:34.474639 [info ] [MainThread]:   sslkey: None
[0m18:06:34.475009 [info ] [MainThread]:   sslrootcert: None
[0m18:06:34.475524 [info ] [MainThread]:   application_name: dbt
[0m18:06:34.476038 [info ] [MainThread]:   autocommit: False
[0m18:06:34.476346 [info ] [MainThread]:   retries: 1
[0m18:06:34.476826 [info ] [MainThread]: Registered adapter: postgres=1.11.0
[0m18:06:34.620060 [debug] [MainThread]: Acquiring new postgres connection 'debug'
[0m18:06:34.656888 [debug] [MainThread]: Using postgres connection "debug"
[0m18:06:34.657203 [debug] [MainThread]: On debug: select 1 as id
[0m18:06:34.657401 [debug] [MainThread]: Opening a new connection, currently in state init
[0m18:06:35.194398 [debug] [MainThread]: SQL status: SELECT 1 in 0.537 seconds
[0m18:06:35.195215 [debug] [MainThread]: On debug: Close
[0m18:06:35.195774 [info ] [MainThread]:   Connection test: [[32mOK connection ok[0m]

[0m18:06:35.196119 [info ] [MainThread]: [32mAll checks passed![0m
[0m18:06:35.197414 [debug] [MainThread]: Command `dbt debug` succeeded at 18:06:35.197219 after 1.10 seconds
[0m18:06:35.197782 [debug] [MainThread]: Connection 'debug' was properly closed.
[0m18:06:35.198064 [debug] [MainThread]: Sending event: {'category': 'dbt', 'action': 'invocation', 'label': 'end', 'context': [<snowplow_tracker.self_describing_json.SelfDescribingJson object at 0x0000017FE66ECFC0>, <snowplow_tracker.self_describing_json.SelfDescribingJson object at 0x0000017FE64955B0>, <snowplow_tracker.self_describing_json.SelfDescribingJson object at 0x0000017FE6357790>]}
[0m18:06:35.198391 [debug] [MainThread]: Flushing usage events
[0m18:06:36.338372 [debug] [MainThread]: An error was encountered while trying to flush usage events
[0m18:06:38.572983 [debug] [MainThread]: Sending event: {'category': 'dbt', 'action': 'invocation', 'label': 'start', 'context': [<snowplow_tracker.self_describing_json.SelfDescribingJson object at 0x0000023C72FCD400>, <snowplow_tracker.self_describing_json.SelfDescribingJson object at 0x0000023C75767D90>, <snowplow_tracker.self_describing_json.SelfDescribingJson object at 0x0000023C75767890>]}


============================== 18:06:38.576626 | 63e9f4a1-8da7-482a-9cc9-6f2e04330e0c ==============================
[0m18:06:38.576626 [info ] [MainThread]: Running with dbt=1.12.0
[0m18:06:38.577072 [debug] [MainThread]: running dbt with arguments {'maximum_seed_size_mib': '1', 'no_print': 'None', 'version_check': 'True', 'target_path': 'None', 'static_parser': 'True', 'warn_error_options': 'WarnErrorOptionsV2(error=[], warn=[], silence=[])', 'printer_width': '80', 'write_json': 'True', 'introspect': 'True', 'log_cache_events': 'False', 'empty': 'False', 'cache_selected_only': 'False', 'log_format': 'default', 'debug': 'False', 'fail_fast': 'False', 'partial_parse': 'True', 'send_anonymous_usage_stats': 'True', 'quiet': 'False', 'warn_error': 'None', 'profiles_dir': '.', 'use_colors': 'True', 'hints_enabled': 'True', 'indirect_selection': 'eager', 'use_experimental_parser': 'False', 'invocation_command': 'dbt run --select vw_column_lineage --project-dir . --profiles-dir .', 'log_path': 'logs'}
[0m18:06:38.739083 [debug] [MainThread]: Sending event: {'category': 'dbt', 'action': 'project_id', 'label': '63e9f4a1-8da7-482a-9cc9-6f2e04330e0c', 'context': [<snowplow_tracker.self_describing_json.SelfDescribingJson object at 0x0000023C736D1810>]}
[0m18:06:38.811438 [debug] [MainThread]: Sending event: {'category': 'dbt', 'action': 'adapter_info', 'label': '63e9f4a1-8da7-482a-9cc9-6f2e04330e0c', 'context': [<snowplow_tracker.self_describing_json.SelfDescribingJson object at 0x0000023C71525BF0>]}
[0m18:06:38.812495 [info ] [MainThread]: Registered adapter: postgres=1.11.0
[0m18:06:38.993788 [debug] [MainThread]: checksum: eee4aa8f446f04cd153f3bb6462f41ca5fe29389c36d13d7747846389170d6ce, vars: {}, profile: lemmaai_analytics, target: dev, version: 1.12.0
[0m18:06:39.186097 [debug] [MainThread]: Partial parsing enabled: 0 files deleted, 0 files added, 0 files changed.
[0m18:06:39.186500 [debug] [MainThread]: Nothing changed, skipping partial parsing.
[0m18:06:39.186710 [debug] [MainThread]: Partial parsing enabled, no changes found, skipping parsing
[0m18:06:39.194786 [debug] [MainThread]: Sending event: {'category': 'dbt', 'action': 'load_project', 'label': '63e9f4a1-8da7-482a-9cc9-6f2e04330e0c', 'context': [<snowplow_tracker.self_describing_json.SelfDescribingJson object at 0x0000023C75F3E550>]}
[0m18:06:39.312578 [debug] [MainThread]: Wrote artifact WritableManifest to .\target\manifest.json
[0m18:06:39.315794 [debug] [MainThread]: Wrote artifact SemanticManifest to .\target\semantic_manifest.json
[0m18:06:39.350503 [debug] [MainThread]: Wrote artifact OsiDocument to .\target\osi_document.json
[0m18:06:39.378847 [debug] [MainThread]: Sending event: {'category': 'dbt', 'action': 'resource_counts', 'label': '63e9f4a1-8da7-482a-9cc9-6f2e04330e0c', 'context': [<snowplow_tracker.self_describing_json.SelfDescribingJson object at 0x0000023C760A08C0>]}
[0m18:06:39.379779 [info ] [MainThread]: Found 10 models, 41 sources, 477 macros
[0m18:06:39.380987 [debug] [MainThread]: Sending event: {'category': 'dbt', 'action': 'runnable_timing', 'label': '63e9f4a1-8da7-482a-9cc9-6f2e04330e0c', 'context': [<snowplow_tracker.self_describing_json.SelfDescribingJson object at 0x0000023C76097770>]}
[0m18:06:39.384641 [info ] [MainThread]: 
[0m18:06:39.385519 [info ] [MainThread]: Concurrency: 4 threads (target='dev')
[0m18:06:39.386008 [info ] [MainThread]: 
[0m18:06:39.386758 [debug] [MainThread]: Acquiring new postgres connection 'master'
[0m18:06:39.388232 [debug] [ThreadPool]: Acquiring new postgres connection 'list_postgres'
[0m18:06:39.446988 [debug] [ThreadPool]: Using postgres connection "list_postgres"
[0m18:06:39.447372 [debug] [ThreadPool]: On list_postgres: /* {"app": "dbt", "dbt_version": "1.12.0", "profile_name": "lemmaai_analytics", "target_name": "dev", "connection_name": "list_postgres"} */

    select distinct nspname from pg_namespace
  
[0m18:06:39.447590 [debug] [ThreadPool]: Opening a new connection, currently in state init
[0m18:06:40.055852 [debug] [ThreadPool]: SQL status: SELECT 121 in 0.608 seconds
[0m18:06:40.059882 [debug] [ThreadPool]: On list_postgres: Close
[0m18:06:40.068030 [debug] [ThreadPool]: Acquiring new postgres connection 'list_postgres_analytics'
[0m18:06:40.074745 [debug] [ThreadPool]: Using postgres connection "list_postgres_analytics"
[0m18:06:40.075491 [debug] [ThreadPool]: On list_postgres_analytics: /* {"app": "dbt", "dbt_version": "1.12.0", "profile_name": "lemmaai_analytics", "target_name": "dev", "connection_name": "list_postgres_analytics"} */
select
      'postgres' as database,
      tablename as name,
      schemaname as schema,
      'table' as type
    from pg_tables
    where schemaname ilike 'analytics'
    union all
    select
      'postgres' as database,
      viewname as name,
      schemaname as schema,
      'view' as type
    from pg_views
    where schemaname ilike 'analytics'
    union all
    select
      'postgres' as database,
      matviewname as name,
      schemaname as schema,
      'materialized_view' as type
    from pg_matviews
    where schemaname ilike 'analytics'
    union all
    select distinct
     'postgres' as database,
     proname as name,
     ns.nspname as schema,
     'function' as type
    from pg_proc
     join pg_namespace as ns on pronamespace = ns.oid
    where ns.nspname ilike 'analytics'
  
[0m18:06:40.076168 [debug] [ThreadPool]: Opening a new connection, currently in state init
[0m18:06:40.590093 [debug] [ThreadPool]: SQL status: SELECT 9 in 0.514 seconds
[0m18:06:40.592116 [debug] [ThreadPool]: On list_postgres_analytics: ROLLBACK
[0m18:06:40.649683 [debug] [ThreadPool]: On list_postgres_analytics: Close
[0m18:06:40.654697 [debug] [MainThread]: Using postgres connection "master"
[0m18:06:40.655049 [debug] [MainThread]: On master: /* {"app": "dbt", "dbt_version": "1.12.0", "profile_name": "lemmaai_analytics", "target_name": "dev", "connection_name": "master"} */
select distinct
        dependent_namespace.nspname as dependent_schema,
        dependent_class.relname as dependent_name,
        referenced_namespace.nspname as referenced_schema,
        referenced_class.relname as referenced_name

    -- Query for views: views are entries in pg_class with an entry in pg_rewrite, but we avoid
    -- a seq scan on pg_rewrite by leveraging the fact there is an "internal" row in pg_depend for
    -- the view...
    from pg_class as dependent_class
    join pg_namespace as dependent_namespace on dependent_namespace.oid = dependent_class.relnamespace
    join pg_depend as dependent_depend on dependent_depend.refobjid = dependent_class.oid
        and dependent_depend.classid = 'pg_rewrite'::regclass
        and dependent_depend.refclassid = 'pg_class'::regclass
        and dependent_depend.deptype = 'i'

    -- ... and via pg_depend (that has a row per column, hence the need for "distinct" above, and
    -- making sure to exclude the internal row to avoid a view appearing to depend on itself)...
    join pg_depend as joining_depend on joining_depend.objid = dependent_depend.objid
        and joining_depend.classid = 'pg_rewrite'::regclass
        and joining_depend.refclassid = 'pg_class'::regclass
        and joining_depend.refobjid != dependent_depend.refobjid

    -- ... we can find the tables they query from in pg_class, but excluding system tables. Note we
    -- don't need need to exclude _dependent_ system tables, because they only query from other
    -- system tables, and so are automatically excluded by excluding _referenced_ system tables
    join pg_class as referenced_class on referenced_class.oid = joining_depend.refobjid
    join pg_namespace as referenced_namespace on referenced_namespace.oid = referenced_class.relnamespace
        and referenced_namespace.nspname != 'information_schema'
        and referenced_namespace.nspname not like 'pg\_%'

    order by
        dependent_schema, dependent_name, referenced_schema, referenced_name;
[0m18:06:40.655388 [debug] [MainThread]: Opening a new connection, currently in state init
[0m18:06:41.156913 [debug] [MainThread]: SQL status: SELECT 131 in 0.501 seconds
[0m18:06:41.161488 [debug] [MainThread]: Sending event: {'category': 'dbt', 'action': 'runnable_timing', 'label': '63e9f4a1-8da7-482a-9cc9-6f2e04330e0c', 'context': [<snowplow_tracker.self_describing_json.SelfDescribingJson object at 0x0000023C761DF5F0>]}
[0m18:06:41.162031 [debug] [MainThread]: On master: ROLLBACK
[0m18:06:41.218444 [debug] [MainThread]: On master: COMMIT
[0m18:06:41.218916 [debug] [MainThread]: Using postgres connection "master"
[0m18:06:41.219225 [debug] [MainThread]: On master: COMMIT
[0m18:06:41.333037 [debug] [MainThread]: SQL status: COMMIT in 0.113 seconds
[0m18:06:41.333529 [debug] [MainThread]: On master: Close
[0m18:06:41.341460 [debug] [Thread-1 (]: Began running node model.lemmaai_analytics.vw_column_lineage
[0m18:06:41.343003 [info ] [Thread-1 (]: 1 of 1 START sql view model analytics.vw_column_lineage ........................ [RUN]
[0m18:06:41.343521 [debug] [Thread-1 (]: Acquiring new postgres connection 'model.lemmaai_analytics.vw_column_lineage'
[0m18:06:41.343785 [debug] [Thread-1 (]: Began compiling node model.lemmaai_analytics.vw_column_lineage
[0m18:06:41.351975 [debug] [Thread-1 (]: Writing injected SQL for node "model.lemmaai_analytics.vw_column_lineage"
[0m18:06:41.355172 [debug] [Thread-1 (]: Began executing node model.lemmaai_analytics.vw_column_lineage
[0m18:06:41.388920 [debug] [Thread-1 (]: Writing runtime sql for node "model.lemmaai_analytics.vw_column_lineage"
[0m18:06:41.392100 [debug] [Thread-1 (]: Using postgres connection "model.lemmaai_analytics.vw_column_lineage"
[0m18:06:41.392833 [debug] [Thread-1 (]: On model.lemmaai_analytics.vw_column_lineage: /* {"app": "dbt", "dbt_version": "1.12.0", "profile_name": "lemmaai_analytics", "target_name": "dev", "node_id": "model.lemmaai_analytics.vw_column_lineage"} */

  create view "postgres"."analytics"."vw_column_lineage__dbt_tmp"
    
    
  as (
    

-- This model is intentionally a documentation table.  It makes column-level
-- lineage queryable in tools whose graph only renders table-to-table edges.
-- depends_on: "postgres"."public"."ai_sessions"
-- depends_on: "postgres"."public"."attempt_steps"
-- depends_on: "postgres"."public"."class_sections"
-- depends_on: "postgres"."public"."dda_events"
-- depends_on: "postgres"."public"."math_problems"
-- depends_on: "postgres"."public"."math_skills"
-- depends_on: "postgres"."public"."math_topics"
-- depends_on: "postgres"."public"."show_me_breakdowns"
-- depends_on: "postgres"."public"."student_attempts"
-- depends_on: "postgres"."public"."student_help_events"
-- depends_on: "postgres"."public"."student_profiles"
-- depends_on: "postgres"."public"."student_skill_predictions"

WITH column_lineage AS (
    SELECT * FROM (
        VALUES
            -- mv_daily_student_performance
            ('mv_daily_student_performance', 'performance_date', 'student_attempts', 'created_at', 'CAST(created_at AS date)', 'derived'),
            ('mv_daily_student_performance', 'student_id', 'student_attempts', 'student_id', 'activity key', 'direct'),
            ('mv_daily_student_performance', 'section_name', 'class_sections', 'section_name', 'lookup through student_profiles.section_id', 'direct'),
            ('mv_daily_student_performance', 'grade_level', 'class_sections', 'grade_level', 'lookup through student_profiles.section_id', 'direct'),
            ('mv_daily_student_performance', 'sessions_started', 'ai_sessions', 'session_id', 'COUNT(*) by student and date', 'derived'),
            ('mv_daily_student_performance', 'sessions_completed', 'ai_sessions', 'session_status', 'COUNT(*) FILTER (session_status = completed)', 'derived'),
            ('mv_daily_student_performance', 'total_answer_attempts', 'student_attempts', 'attempt_id', 'COUNT(*) by student and date', 'derived'),
            ('mv_daily_student_performance', 'correct_attempts', 'student_attempts', 'is_correct', 'COUNT(*) FILTER (is_correct)', 'derived'),
            ('mv_daily_student_performance', 'wrong_attempts', 'student_attempts', 'is_correct', 'COUNT(*) FILTER (not is_correct)', 'derived'),
            ('mv_daily_student_performance', 'avg_score', 'student_attempts', 'score', 'AVG(score)', 'derived'),
            ('mv_daily_student_performance', 'avg_time_spent_seconds', 'student_attempts', 'time_spent_seconds', 'AVG(time_spent_seconds)', 'derived'),
            ('mv_daily_student_performance', 'hinted_attempt_count', 'attempt_steps', 'hint_used', 'COUNT attempts with BOOL_OR(hint_used > 0)', 'derived'),
            ('mv_daily_student_performance', 'help_request_count', 'student_help_events', 'event_id', 'COUNT(*) by student and date', 'derived'),
            ('mv_daily_student_performance', 'dda_trigger_count', 'dda_events', 'event_id', 'COUNT(*) by student and date', 'derived'),
            ('mv_daily_student_performance', 'show_me_count', 'show_me_breakdowns', 'breakdown_id', 'COUNT(*) joined to ai_sessions', 'derived'),
            ('mv_daily_student_performance', 'accuracy_rate', 'student_attempts', 'is_correct', 'correct_attempts / total_answer_attempts', 'derived'),

            -- mv_weekly_skill_mastery
            ('mv_weekly_skill_mastery', 'week_start_date', 'student_attempts', 'created_at', 'DATE_TRUNC(week, created_at)', 'derived'),
            ('mv_weekly_skill_mastery', 'student_id', 'student_attempts', 'student_id', 'activity key', 'direct'),
            ('mv_weekly_skill_mastery', 'skill_id', 'math_problems', 'skill_id', 'lookup from student_attempts.problem_id', 'direct'),
            ('mv_weekly_skill_mastery', 'skill_name', 'math_skills', 'skill_name', 'lookup by skill_id', 'direct'),
            ('mv_weekly_skill_mastery', 'topic_name', 'math_topics', 'topic_name', 'lookup through math_skills.topic_id', 'direct'),
            ('mv_weekly_skill_mastery', 'total_answer_attempts', 'student_attempts', 'attempt_id', 'COUNT(*) by week, student, skill', 'derived'),
            ('mv_weekly_skill_mastery', 'correct_attempts', 'student_attempts', 'is_correct', 'COUNT(*) FILTER (is_correct)', 'derived'),
            ('mv_weekly_skill_mastery', 'wrong_attempts', 'student_attempts', 'is_correct', 'COUNT(*) FILTER (not is_correct)', 'derived'),
            ('mv_weekly_skill_mastery', 'avg_score', 'student_attempts', 'score', 'AVG(score)', 'derived'),
            ('mv_weekly_skill_mastery', 'avg_time_spent_seconds', 'student_attempts', 'time_spent_seconds', 'AVG(time_spent_seconds)', 'derived'),
            ('mv_weekly_skill_mastery', 'hinted_attempt_count', 'attempt_steps', 'hint_used', 'COUNT attempts with BOOL_OR(hint_used > 0)', 'derived'),
            ('mv_weekly_skill_mastery', 'hint_usage_rate', 'attempt_steps', 'hint_used', 'hinted_attempt_count / total_answer_attempts', 'derived'),
            ('mv_weekly_skill_mastery', 'help_request_count', 'student_help_events', 'event_id', 'COUNT(*) by week, student, skill', 'derived'),
            ('mv_weekly_skill_mastery', 'help_request_rate', 'student_help_events', 'event_id', 'help_request_count / (attempts + help requests)', 'derived'),
            ('mv_weekly_skill_mastery', 'dda_trigger_count', 'dda_events', 'event_id', 'COUNT(*) by week, student, skill', 'derived'),
            ('mv_weekly_skill_mastery', 'show_me_count', 'show_me_breakdowns', 'breakdown_id', 'COUNT(*) joined to ai_sessions', 'derived'),
            ('mv_weekly_skill_mastery', 'accuracy_rate', 'student_attempts', 'is_correct', 'correct_attempts / total_answer_attempts', 'derived'),
            ('mv_weekly_skill_mastery', 'latest_predicted_mastery_score', 'student_skill_predictions', 'predicted_mastery_score', 'latest prediction in the week', 'derived'),
            ('mv_weekly_skill_mastery', 'latest_risk_level', 'student_skill_predictions', 'risk_level', 'latest prediction in the week', 'derived'),
            ('mv_weekly_skill_mastery', 'recommended_action', 'student_skill_predictions', 'recommended_action', 'latest prediction in the week', 'derived'),
            ('mv_weekly_skill_mastery', 'latest_prediction_at', 'student_skill_predictions', 'predicted_at', 'latest prediction timestamp in the week', 'derived'),

            -- mv_topic_failure_patterns
            ('mv_topic_failure_patterns', 'topic_name', 'math_topics', 'topic_name', 'lookup through math_skills.topic_id', 'direct'),
            ('mv_topic_failure_patterns', 'grade_level', 'math_topics', 'grade_level', 'lookup through math_skills.topic_id', 'direct'),
            ('mv_topic_failure_patterns', 'skill_id', 'math_skills', 'skill_id', 'activity key', 'direct'),
            ('mv_topic_failure_patterns', 'skill_name', 'math_skills', 'skill_name', 'lookup by skill_id', 'direct'),
            ('mv_topic_failure_patterns', 'total_answer_attempts', 'student_attempts', 'attempt_id', 'COUNT(*) by skill', 'derived'),
            ('mv_topic_failure_patterns', 'correct_attempts', 'student_attempts', 'is_correct', 'COUNT(*) FILTER (is_correct)', 'derived'),
            ('mv_topic_failure_patterns', 'wrong_attempts', 'student_attempts', 'is_correct', 'COUNT(*) FILTER (not is_correct)', 'derived'),
            ('mv_topic_failure_patterns', 'failure_rate', 'student_attempts', 'is_correct', 'wrong_attempts / total_answer_attempts', 'derived'),
            ('mv_topic_failure_patterns', 'avg_time_spent_seconds', 'student_attempts', 'time_spent_seconds', 'AVG(time_spent_seconds)', 'derived'),
            ('mv_topic_failure_patterns', 'affected_student_count', 'student_attempts', 'student_id', 'COUNT(DISTINCT student_id)', 'derived'),
            ('mv_topic_failure_patterns', 'latest_failure_at', 'student_attempts', 'created_at', 'MAX(created_at) FILTER (not is_correct)', 'derived'),
            ('mv_topic_failure_patterns', 'wrong_step_count', 'attempt_steps', 'is_step_correct', 'COUNT(*) FILTER (not is_step_correct)', 'derived'),
            ('mv_topic_failure_patterns', 'hinted_step_count', 'attempt_steps', 'hint_used', 'COUNT(*) FILTER (hint_used > 0)', 'derived'),
            ('mv_topic_failure_patterns', 'help_request_count', 'student_help_events', 'event_id', 'COUNT(*) by skill', 'derived'),
            ('mv_topic_failure_patterns', 'dda_trigger_count', 'dda_events', 'event_id', 'COUNT(*) by skill', 'derived'),
            ('mv_topic_failure_patterns', 'show_me_count', 'show_me_breakdowns', 'breakdown_id', 'COUNT(*) by skill', 'derived')
    ) AS mapping (mv_name, mv_column, source_table, source_column, transformation, lineage_type)
)

SELECT
    mv_name,
    mv_column,
    source_table,
    source_column,
    transformation,
    lineage_type
FROM column_lineage
ORDER BY mv_name, mv_column, source_table, source_column
  );
[0m18:06:41.393619 [debug] [Thread-1 (]: Opening a new connection, currently in state init
[0m18:06:42.038597 [debug] [Thread-1 (]: SQL status: CREATE VIEW in 0.645 seconds
[0m18:06:42.043203 [debug] [Thread-1 (]: Using postgres connection "model.lemmaai_analytics.vw_column_lineage"
[0m18:06:42.043587 [debug] [Thread-1 (]: On model.lemmaai_analytics.vw_column_lineage: /* {"app": "dbt", "dbt_version": "1.12.0", "profile_name": "lemmaai_analytics", "target_name": "dev", "node_id": "model.lemmaai_analytics.vw_column_lineage"} */
alter table "postgres"."analytics"."vw_column_lineage__dbt_tmp" rename to "vw_column_lineage"
[0m18:06:42.114568 [debug] [Thread-1 (]: SQL status: ALTER TABLE in 0.071 seconds
[0m18:06:42.130911 [debug] [Thread-1 (]: On model.lemmaai_analytics.vw_column_lineage: COMMIT
[0m18:06:42.131271 [debug] [Thread-1 (]: Using postgres connection "model.lemmaai_analytics.vw_column_lineage"
[0m18:06:42.131504 [debug] [Thread-1 (]: On model.lemmaai_analytics.vw_column_lineage: COMMIT
[0m18:06:42.205254 [debug] [Thread-1 (]: SQL status: COMMIT in 0.073 seconds
[0m18:06:42.210050 [debug] [Thread-1 (]: Applying DROP to: "postgres"."analytics"."vw_column_lineage__dbt_backup"
[0m18:06:42.214171 [debug] [Thread-1 (]: Using postgres connection "model.lemmaai_analytics.vw_column_lineage"
[0m18:06:42.214748 [debug] [Thread-1 (]: On model.lemmaai_analytics.vw_column_lineage: /* {"app": "dbt", "dbt_version": "1.12.0", "profile_name": "lemmaai_analytics", "target_name": "dev", "node_id": "model.lemmaai_analytics.vw_column_lineage"} */
drop view if exists "postgres"."analytics"."vw_column_lineage__dbt_backup" cascade
[0m18:06:42.285269 [debug] [Thread-1 (]: SQL status: DROP VIEW in 0.070 seconds
[0m18:06:42.288657 [debug] [Thread-1 (]: On model.lemmaai_analytics.vw_column_lineage: Close
[0m18:06:42.293623 [debug] [Thread-1 (]: Sending event: {'category': 'dbt', 'action': 'run_model', 'label': '63e9f4a1-8da7-482a-9cc9-6f2e04330e0c', 'context': [<snowplow_tracker.self_describing_json.SelfDescribingJson object at 0x0000023C760B7050>]}
[0m18:06:42.294675 [info ] [Thread-1 (]: 1 of 1 OK created sql view model analytics.vw_column_lineage ................... [[32mCREATE VIEW[0m in 0.95s]
[0m18:06:42.295314 [debug] [Thread-1 (]: Finished running node model.lemmaai_analytics.vw_column_lineage
[0m18:06:42.296511 [debug] [MainThread]: On master: COMMIT
[0m18:06:42.296767 [debug] [MainThread]: Using postgres connection "master"
[0m18:06:42.297000 [debug] [MainThread]: On master: COMMIT
[0m18:06:42.297216 [debug] [MainThread]: Opening a new connection, currently in state closed
[0m18:06:42.795293 [debug] [MainThread]: SQL status: COMMIT in 0.498 seconds
[0m18:06:42.795896 [debug] [MainThread]: On master: Close
[0m18:06:42.796844 [debug] [MainThread]: Connection 'master' was properly closed.
[0m18:06:42.797153 [debug] [MainThread]: Connection 'list_postgres' was properly closed.
[0m18:06:42.797413 [debug] [MainThread]: Connection 'list_postgres_analytics' was properly closed.
[0m18:06:42.797605 [debug] [MainThread]: Connection 'model.lemmaai_analytics.vw_column_lineage' was properly closed.
[0m18:06:42.797869 [info ] [MainThread]: 
[0m18:06:42.798165 [info ] [MainThread]: Finished running 1 view model in 0 hours 0 minutes and 3.41 seconds (3.41s).
[0m18:06:42.798857 [debug] [MainThread]: Command end result
[0m18:06:42.832848 [debug] [MainThread]: Wrote artifact WritableManifest to .\target\manifest.json
[0m18:06:42.835773 [debug] [MainThread]: Wrote artifact SemanticManifest to .\target\semantic_manifest.json
[0m18:06:42.838812 [debug] [MainThread]: Wrote artifact OsiDocument to .\target\osi_document.json
[0m18:06:42.844974 [debug] [MainThread]: Wrote artifact RunExecutionResult to .\target\run_results.json
[0m18:06:42.845510 [info ] [MainThread]: 
[0m18:06:42.846092 [info ] [MainThread]: [32mCompleted successfully[0m
[0m18:06:42.846596 [info ] [MainThread]: 
[0m18:06:42.846949 [info ] [MainThread]: Done. PASS=1 WARN=0 ERROR=0 SKIP=0 NO-OP=0 REUSED=0 TOTAL=1
[0m18:06:42.848050 [debug] [MainThread]: Command `dbt run` succeeded at 18:06:42.847864 after 4.42 seconds
[0m18:06:42.848417 [debug] [MainThread]: Sending event: {'category': 'dbt', 'action': 'invocation', 'label': 'end', 'context': [<snowplow_tracker.self_describing_json.SelfDescribingJson object at 0x0000023C76388E10>, <snowplow_tracker.self_describing_json.SelfDescribingJson object at 0x0000023C76412DF0>, <snowplow_tracker.self_describing_json.SelfDescribingJson object at 0x0000023C764139D0>]}
[0m18:06:42.848794 [debug] [MainThread]: Flushing usage events
[0m18:06:43.967732 [debug] [MainThread]: An error was encountered while trying to flush usage events
[0m18:06:46.028130 [debug] [MainThread]: Sending event: {'category': 'dbt', 'action': 'invocation', 'label': 'start', 'context': [<snowplow_tracker.self_describing_json.SelfDescribingJson object at 0x0000022ABB82D400>, <snowplow_tracker.self_describing_json.SelfDescribingJson object at 0x0000022ABDFC3D90>, <snowplow_tracker.self_describing_json.SelfDescribingJson object at 0x0000022ABDFC3890>]}


============================== 18:06:46.031656 | fc1fd9da-98f4-4461-831b-ea5fe401b376 ==============================
[0m18:06:46.031656 [info ] [MainThread]: Running with dbt=1.12.0
[0m18:06:46.032123 [debug] [MainThread]: running dbt with arguments {'static_parser': 'True', 'no_print': 'None', 'version_check': 'True', 'target_path': 'None', 'warn_error_options': 'WarnErrorOptionsV2(error=[], warn=[], silence=[])', 'maximum_seed_size_mib': '1', 'printer_width': '80', 'write_json': 'True', 'introspect': 'True', 'log_cache_events': 'False', 'empty': 'None', 'cache_selected_only': 'False', 'log_format': 'default', 'debug': 'False', 'fail_fast': 'False', 'partial_parse': 'True', 'send_anonymous_usage_stats': 'True', 'quiet': 'False', 'warn_error': 'None', 'profiles_dir': '.', 'indirect_selection': 'eager', 'hints_enabled': 'True', 'use_colors': 'True', 'use_experimental_parser': 'False', 'invocation_command': 'dbt show --select vw_column_lineage --limit 100 --project-dir . --profiles-dir .', 'log_path': 'logs'}
[0m18:06:46.180789 [debug] [MainThread]: Sending event: {'category': 'dbt', 'action': 'project_id', 'label': 'fc1fd9da-98f4-4461-831b-ea5fe401b376', 'context': [<snowplow_tracker.self_describing_json.SelfDescribingJson object at 0x0000022ABBF31810>]}
[0m18:06:46.238913 [debug] [MainThread]: Sending event: {'category': 'dbt', 'action': 'adapter_info', 'label': 'fc1fd9da-98f4-4461-831b-ea5fe401b376', 'context': [<snowplow_tracker.self_describing_json.SelfDescribingJson object at 0x0000022AB9D85BF0>]}
[0m18:06:46.252247 [info ] [MainThread]: Registered adapter: postgres=1.11.0
[0m18:06:46.406288 [debug] [MainThread]: checksum: eee4aa8f446f04cd153f3bb6462f41ca5fe29389c36d13d7747846389170d6ce, vars: {}, profile: lemmaai_analytics, target: dev, version: 1.12.0
[0m18:06:46.580041 [debug] [MainThread]: Partial parsing enabled: 0 files deleted, 0 files added, 0 files changed.
[0m18:06:46.580362 [debug] [MainThread]: Nothing changed, skipping partial parsing.
[0m18:06:46.580556 [debug] [MainThread]: Partial parsing enabled, no changes found, skipping parsing
[0m18:06:46.587974 [debug] [MainThread]: Sending event: {'category': 'dbt', 'action': 'load_project', 'label': 'fc1fd9da-98f4-4461-831b-ea5fe401b376', 'context': [<snowplow_tracker.self_describing_json.SelfDescribingJson object at 0x0000022ABE8B0850>]}
[0m18:06:46.694009 [debug] [MainThread]: Wrote artifact WritableManifest to .\target\manifest.json
[0m18:06:46.698798 [debug] [MainThread]: Wrote artifact SemanticManifest to .\target\semantic_manifest.json
[0m18:06:46.737732 [debug] [MainThread]: Wrote artifact OsiDocument to .\target\osi_document.json
[0m18:06:46.744465 [debug] [MainThread]: Sending event: {'category': 'dbt', 'action': 'resource_counts', 'label': 'fc1fd9da-98f4-4461-831b-ea5fe401b376', 'context': [<snowplow_tracker.self_describing_json.SelfDescribingJson object at 0x0000022ABE80E7B0>]}
[0m18:06:46.745018 [info ] [MainThread]: Found 10 models, 41 sources, 477 macros
[0m18:06:46.745402 [debug] [MainThread]: Sending event: {'category': 'dbt', 'action': 'runnable_timing', 'label': 'fc1fd9da-98f4-4461-831b-ea5fe401b376', 'context': [<snowplow_tracker.self_describing_json.SelfDescribingJson object at 0x0000022ABE8FFA10>]}
[0m18:06:46.747786 [info ] [MainThread]: 
[0m18:06:46.748382 [info ] [MainThread]: Concurrency: 4 threads (target='dev')
[0m18:06:46.748660 [info ] [MainThread]: 
[0m18:06:46.749241 [debug] [MainThread]: Acquiring new postgres connection 'master'
[0m18:06:46.753304 [debug] [ThreadPool]: Acquiring new postgres connection 'list_postgres_analytics'
[0m18:06:46.802662 [debug] [ThreadPool]: Using postgres connection "list_postgres_analytics"
[0m18:06:46.803087 [debug] [ThreadPool]: On list_postgres_analytics: /* {"app": "dbt", "dbt_version": "1.12.0", "profile_name": "lemmaai_analytics", "target_name": "dev", "connection_name": "list_postgres_analytics"} */
select
      'postgres' as database,
      tablename as name,
      schemaname as schema,
      'table' as type
    from pg_tables
    where schemaname ilike 'analytics'
    union all
    select
      'postgres' as database,
      viewname as name,
      schemaname as schema,
      'view' as type
    from pg_views
    where schemaname ilike 'analytics'
    union all
    select
      'postgres' as database,
      matviewname as name,
      schemaname as schema,
      'materialized_view' as type
    from pg_matviews
    where schemaname ilike 'analytics'
    union all
    select distinct
     'postgres' as database,
     proname as name,
     ns.nspname as schema,
     'function' as type
    from pg_proc
     join pg_namespace as ns on pronamespace = ns.oid
    where ns.nspname ilike 'analytics'
  
[0m18:06:46.803354 [debug] [ThreadPool]: Opening a new connection, currently in state init
[0m18:06:47.337935 [debug] [ThreadPool]: SQL status: SELECT 10 in 0.534 seconds
[0m18:06:47.339565 [debug] [ThreadPool]: On list_postgres_analytics: ROLLBACK
[0m18:06:47.401356 [debug] [ThreadPool]: On list_postgres_analytics: Close
[0m18:06:47.410849 [debug] [MainThread]: Using postgres connection "master"
[0m18:06:47.411321 [debug] [MainThread]: On master: /* {"app": "dbt", "dbt_version": "1.12.0", "profile_name": "lemmaai_analytics", "target_name": "dev", "connection_name": "master"} */
select distinct
        dependent_namespace.nspname as dependent_schema,
        dependent_class.relname as dependent_name,
        referenced_namespace.nspname as referenced_schema,
        referenced_class.relname as referenced_name

    -- Query for views: views are entries in pg_class with an entry in pg_rewrite, but we avoid
    -- a seq scan on pg_rewrite by leveraging the fact there is an "internal" row in pg_depend for
    -- the view...
    from pg_class as dependent_class
    join pg_namespace as dependent_namespace on dependent_namespace.oid = dependent_class.relnamespace
    join pg_depend as dependent_depend on dependent_depend.refobjid = dependent_class.oid
        and dependent_depend.classid = 'pg_rewrite'::regclass
        and dependent_depend.refclassid = 'pg_class'::regclass
        and dependent_depend.deptype = 'i'

    -- ... and via pg_depend (that has a row per column, hence the need for "distinct" above, and
    -- making sure to exclude the internal row to avoid a view appearing to depend on itself)...
    join pg_depend as joining_depend on joining_depend.objid = dependent_depend.objid
        and joining_depend.classid = 'pg_rewrite'::regclass
        and joining_depend.refclassid = 'pg_class'::regclass
        and joining_depend.refobjid != dependent_depend.refobjid

    -- ... we can find the tables they query from in pg_class, but excluding system tables. Note we
    -- don't need need to exclude _dependent_ system tables, because they only query from other
    -- system tables, and so are automatically excluded by excluding _referenced_ system tables
    join pg_class as referenced_class on referenced_class.oid = joining_depend.refobjid
    join pg_namespace as referenced_namespace on referenced_namespace.oid = referenced_class.relnamespace
        and referenced_namespace.nspname != 'information_schema'
        and referenced_namespace.nspname not like 'pg\_%'

    order by
        dependent_schema, dependent_name, referenced_schema, referenced_name;
[0m18:06:47.411676 [debug] [MainThread]: Opening a new connection, currently in state init
[0m18:06:47.914093 [debug] [MainThread]: SQL status: SELECT 131 in 0.502 seconds
[0m18:06:47.917695 [debug] [MainThread]: Sending event: {'category': 'dbt', 'action': 'runnable_timing', 'label': 'fc1fd9da-98f4-4461-831b-ea5fe401b376', 'context': [<snowplow_tracker.self_describing_json.SelfDescribingJson object at 0x0000022ABEA332B0>]}
[0m18:06:47.918129 [debug] [MainThread]: On master: ROLLBACK
[0m18:06:47.976743 [debug] [MainThread]: On master: Close
[0m18:06:47.981551 [debug] [Thread-1 (]: Began running node model.lemmaai_analytics.vw_column_lineage
[0m18:06:47.982218 [debug] [Thread-1 (]: Acquiring new postgres connection 'model.lemmaai_analytics.vw_column_lineage'
[0m18:06:47.982590 [debug] [Thread-1 (]: Began compiling node model.lemmaai_analytics.vw_column_lineage
[0m18:06:47.991128 [debug] [Thread-1 (]: Writing injected SQL for node "model.lemmaai_analytics.vw_column_lineage"
[0m18:06:47.992203 [debug] [Thread-1 (]: Began executing node model.lemmaai_analytics.vw_column_lineage
[0m18:06:47.998639 [debug] [Thread-1 (]: Using postgres connection "model.lemmaai_analytics.vw_column_lineage"
[0m18:06:47.999237 [debug] [Thread-1 (]: On model.lemmaai_analytics.vw_column_lineage: /* {"app": "dbt", "dbt_version": "1.12.0", "profile_name": "lemmaai_analytics", "target_name": "dev", "node_id": "model.lemmaai_analytics.vw_column_lineage"} */

  
  

-- This model is intentionally a documentation table.  It makes column-level
-- lineage queryable in tools whose graph only renders table-to-table edges.
-- depends_on: "postgres"."public"."ai_sessions"
-- depends_on: "postgres"."public"."attempt_steps"
-- depends_on: "postgres"."public"."class_sections"
-- depends_on: "postgres"."public"."dda_events"
-- depends_on: "postgres"."public"."math_problems"
-- depends_on: "postgres"."public"."math_skills"
-- depends_on: "postgres"."public"."math_topics"
-- depends_on: "postgres"."public"."show_me_breakdowns"
-- depends_on: "postgres"."public"."student_attempts"
-- depends_on: "postgres"."public"."student_help_events"
-- depends_on: "postgres"."public"."student_profiles"
-- depends_on: "postgres"."public"."student_skill_predictions"

WITH column_lineage AS (
    SELECT * FROM (
        VALUES
            -- mv_daily_student_performance
            ('mv_daily_student_performance', 'performance_date', 'student_attempts', 'created_at', 'CAST(created_at AS date)', 'derived'),
            ('mv_daily_student_performance', 'student_id', 'student_attempts', 'student_id', 'activity key', 'direct'),
            ('mv_daily_student_performance', 'section_name', 'class_sections', 'section_name', 'lookup through student_profiles.section_id', 'direct'),
            ('mv_daily_student_performance', 'grade_level', 'class_sections', 'grade_level', 'lookup through student_profiles.section_id', 'direct'),
            ('mv_daily_student_performance', 'sessions_started', 'ai_sessions', 'session_id', 'COUNT(*) by student and date', 'derived'),
            ('mv_daily_student_performance', 'sessions_completed', 'ai_sessions', 'session_status', 'COUNT(*) FILTER (session_status = completed)', 'derived'),
            ('mv_daily_student_performance', 'total_answer_attempts', 'student_attempts', 'attempt_id', 'COUNT(*) by student and date', 'derived'),
            ('mv_daily_student_performance', 'correct_attempts', 'student_attempts', 'is_correct', 'COUNT(*) FILTER (is_correct)', 'derived'),
            ('mv_daily_student_performance', 'wrong_attempts', 'student_attempts', 'is_correct', 'COUNT(*) FILTER (not is_correct)', 'derived'),
            ('mv_daily_student_performance', 'avg_score', 'student_attempts', 'score', 'AVG(score)', 'derived'),
            ('mv_daily_student_performance', 'avg_time_spent_seconds', 'student_attempts', 'time_spent_seconds', 'AVG(time_spent_seconds)', 'derived'),
            ('mv_daily_student_performance', 'hinted_attempt_count', 'attempt_steps', 'hint_used', 'COUNT attempts with BOOL_OR(hint_used > 0)', 'derived'),
            ('mv_daily_student_performance', 'help_request_count', 'student_help_events', 'event_id', 'COUNT(*) by student and date', 'derived'),
            ('mv_daily_student_performance', 'dda_trigger_count', 'dda_events', 'event_id', 'COUNT(*) by student and date', 'derived'),
            ('mv_daily_student_performance', 'show_me_count', 'show_me_breakdowns', 'breakdown_id', 'COUNT(*) joined to ai_sessions', 'derived'),
            ('mv_daily_student_performance', 'accuracy_rate', 'student_attempts', 'is_correct', 'correct_attempts / total_answer_attempts', 'derived'),

            -- mv_weekly_skill_mastery
            ('mv_weekly_skill_mastery', 'week_start_date', 'student_attempts', 'created_at', 'DATE_TRUNC(week, created_at)', 'derived'),
            ('mv_weekly_skill_mastery', 'student_id', 'student_attempts', 'student_id', 'activity key', 'direct'),
            ('mv_weekly_skill_mastery', 'skill_id', 'math_problems', 'skill_id', 'lookup from student_attempts.problem_id', 'direct'),
            ('mv_weekly_skill_mastery', 'skill_name', 'math_skills', 'skill_name', 'lookup by skill_id', 'direct'),
            ('mv_weekly_skill_mastery', 'topic_name', 'math_topics', 'topic_name', 'lookup through math_skills.topic_id', 'direct'),
            ('mv_weekly_skill_mastery', 'total_answer_attempts', 'student_attempts', 'attempt_id', 'COUNT(*) by week, student, skill', 'derived'),
            ('mv_weekly_skill_mastery', 'correct_attempts', 'student_attempts', 'is_correct', 'COUNT(*) FILTER (is_correct)', 'derived'),
            ('mv_weekly_skill_mastery', 'wrong_attempts', 'student_attempts', 'is_correct', 'COUNT(*) FILTER (not is_correct)', 'derived'),
            ('mv_weekly_skill_mastery', 'avg_score', 'student_attempts', 'score', 'AVG(score)', 'derived'),
            ('mv_weekly_skill_mastery', 'avg_time_spent_seconds', 'student_attempts', 'time_spent_seconds', 'AVG(time_spent_seconds)', 'derived'),
            ('mv_weekly_skill_mastery', 'hinted_attempt_count', 'attempt_steps', 'hint_used', 'COUNT attempts with BOOL_OR(hint_used > 0)', 'derived'),
            ('mv_weekly_skill_mastery', 'hint_usage_rate', 'attempt_steps', 'hint_used', 'hinted_attempt_count / total_answer_attempts', 'derived'),
            ('mv_weekly_skill_mastery', 'help_request_count', 'student_help_events', 'event_id', 'COUNT(*) by week, student, skill', 'derived'),
            ('mv_weekly_skill_mastery', 'help_request_rate', 'student_help_events', 'event_id', 'help_request_count / (attempts + help requests)', 'derived'),
            ('mv_weekly_skill_mastery', 'dda_trigger_count', 'dda_events', 'event_id', 'COUNT(*) by week, student, skill', 'derived'),
            ('mv_weekly_skill_mastery', 'show_me_count', 'show_me_breakdowns', 'breakdown_id', 'COUNT(*) joined to ai_sessions', 'derived'),
            ('mv_weekly_skill_mastery', 'accuracy_rate', 'student_attempts', 'is_correct', 'correct_attempts / total_answer_attempts', 'derived'),
            ('mv_weekly_skill_mastery', 'latest_predicted_mastery_score', 'student_skill_predictions', 'predicted_mastery_score', 'latest prediction in the week', 'derived'),
            ('mv_weekly_skill_mastery', 'latest_risk_level', 'student_skill_predictions', 'risk_level', 'latest prediction in the week', 'derived'),
            ('mv_weekly_skill_mastery', 'recommended_action', 'student_skill_predictions', 'recommended_action', 'latest prediction in the week', 'derived'),
            ('mv_weekly_skill_mastery', 'latest_prediction_at', 'student_skill_predictions', 'predicted_at', 'latest prediction timestamp in the week', 'derived'),

            -- mv_topic_failure_patterns
            ('mv_topic_failure_patterns', 'topic_name', 'math_topics', 'topic_name', 'lookup through math_skills.topic_id', 'direct'),
            ('mv_topic_failure_patterns', 'grade_level', 'math_topics', 'grade_level', 'lookup through math_skills.topic_id', 'direct'),
            ('mv_topic_failure_patterns', 'skill_id', 'math_skills', 'skill_id', 'activity key', 'direct'),
            ('mv_topic_failure_patterns', 'skill_name', 'math_skills', 'skill_name', 'lookup by skill_id', 'direct'),
            ('mv_topic_failure_patterns', 'total_answer_attempts', 'student_attempts', 'attempt_id', 'COUNT(*) by skill', 'derived'),
            ('mv_topic_failure_patterns', 'correct_attempts', 'student_attempts', 'is_correct', 'COUNT(*) FILTER (is_correct)', 'derived'),
            ('mv_topic_failure_patterns', 'wrong_attempts', 'student_attempts', 'is_correct', 'COUNT(*) FILTER (not is_correct)', 'derived'),
            ('mv_topic_failure_patterns', 'failure_rate', 'student_attempts', 'is_correct', 'wrong_attempts / total_answer_attempts', 'derived'),
            ('mv_topic_failure_patterns', 'avg_time_spent_seconds', 'student_attempts', 'time_spent_seconds', 'AVG(time_spent_seconds)', 'derived'),
            ('mv_topic_failure_patterns', 'affected_student_count', 'student_attempts', 'student_id', 'COUNT(DISTINCT student_id)', 'derived'),
            ('mv_topic_failure_patterns', 'latest_failure_at', 'student_attempts', 'created_at', 'MAX(created_at) FILTER (not is_correct)', 'derived'),
            ('mv_topic_failure_patterns', 'wrong_step_count', 'attempt_steps', 'is_step_correct', 'COUNT(*) FILTER (not is_step_correct)', 'derived'),
            ('mv_topic_failure_patterns', 'hinted_step_count', 'attempt_steps', 'hint_used', 'COUNT(*) FILTER (hint_used > 0)', 'derived'),
            ('mv_topic_failure_patterns', 'help_request_count', 'student_help_events', 'event_id', 'COUNT(*) by skill', 'derived'),
            ('mv_topic_failure_patterns', 'dda_trigger_count', 'dda_events', 'event_id', 'COUNT(*) by skill', 'derived'),
            ('mv_topic_failure_patterns', 'show_me_count', 'show_me_breakdowns', 'breakdown_id', 'COUNT(*) by skill', 'derived')
    ) AS mapping (mv_name, mv_column, source_table, source_column, transformation, lineage_type)
)

SELECT
    mv_name,
    mv_column,
    source_table,
    source_column,
    transformation,
    lineage_type
FROM column_lineage
ORDER BY mv_name, mv_column, source_table, source_column
  
  limit 100

[0m18:06:47.999757 [debug] [Thread-1 (]: Opening a new connection, currently in state init
[0m18:06:48.502216 [debug] [Thread-1 (]: SQL status: SELECT 53 in 0.502 seconds
[0m18:06:48.506133 [debug] [Thread-1 (]: On model.lemmaai_analytics.vw_column_lineage: Close
[0m18:06:48.507272 [debug] [Thread-1 (]: Finished running node model.lemmaai_analytics.vw_column_lineage
[0m18:06:48.508513 [debug] [MainThread]: Connection 'master' was properly closed.
[0m18:06:48.508781 [debug] [MainThread]: Connection 'list_postgres_analytics' was properly closed.
[0m18:06:48.509013 [debug] [MainThread]: Connection 'model.lemmaai_analytics.vw_column_lineage' was properly closed.
[0m18:06:48.509518 [debug] [MainThread]: Command end result
[0m18:06:48.550369 [debug] [MainThread]: Wrote artifact WritableManifest to .\target\manifest.json
[0m18:06:48.554298 [debug] [MainThread]: Wrote artifact SemanticManifest to .\target\semantic_manifest.json
[0m18:06:48.557763 [debug] [MainThread]: Wrote artifact OsiDocument to .\target\osi_document.json
[0m18:06:48.564541 [debug] [MainThread]: Wrote artifact RunExecutionResult to .\target\run_results.json
[0m18:06:48.565787 [info ] [MainThread]: Previewing node 'vw_column_lineage':
| mv_name              | mv_column            | source_table         | source_column        | transformation       | lineage_type |
| -------------------- | -------------------- | -------------------- | -------------------- | -------------------- | ------------ |
| mv_daily_student_... | accuracy_rate        | student_attempts     | is_correct           | correct_attempts ... | derived      |
| mv_daily_student_... | avg_score            | student_attempts     | score                | AVG(score)           | derived      |
| mv_daily_student_... | avg_time_spent_se... | student_attempts     | time_spent_seconds   | AVG(time_spent_se... | derived      |
| mv_daily_student_... | correct_attempts     | student_attempts     | is_correct           | COUNT(*) FILTER (... | derived      |
| mv_daily_student_... | dda_trigger_count    | dda_events           | event_id             | COUNT(*) by stude... | derived      |
| mv_daily_student_... | grade_level          | class_sections       | grade_level          | lookup through st... | direct       |
| mv_daily_student_... | help_request_count   | student_help_events  | event_id             | COUNT(*) by stude... | derived      |
| mv_daily_student_... | hinted_attempt_count | attempt_steps        | hint_used            | COUNT attempts wi... | derived      |
| mv_daily_student_... | performance_date     | student_attempts     | created_at           | CAST(created_at A... | derived      |
| mv_daily_student_... | section_name         | class_sections       | section_name         | lookup through st... | direct       |
| mv_daily_student_... | sessions_completed   | ai_sessions          | session_status       | COUNT(*) FILTER (... | derived      |
| mv_daily_student_... | sessions_started     | ai_sessions          | session_id           | COUNT(*) by stude... | derived      |
| mv_daily_student_... | show_me_count        | show_me_breakdowns   | breakdown_id         | COUNT(*) joined t... | derived      |
| mv_daily_student_... | student_id           | student_attempts     | student_id           | activity key         | direct       |
| mv_daily_student_... | total_answer_atte... | student_attempts     | attempt_id           | COUNT(*) by stude... | derived      |
| mv_daily_student_... | wrong_attempts       | student_attempts     | is_correct           | COUNT(*) FILTER (... | derived      |
| mv_topic_failure_... | affected_student_... | student_attempts     | student_id           | COUNT(DISTINCT st... | derived      |
| mv_topic_failure_... | avg_time_spent_se... | student_attempts     | time_spent_seconds   | AVG(time_spent_se... | derived      |
| mv_topic_failure_... | correct_attempts     | student_attempts     | is_correct           | COUNT(*) FILTER (... | derived      |
| mv_topic_failure_... | dda_trigger_count    | dda_events           | event_id             | COUNT(*) by skill    | derived      |
| mv_topic_failure_... | failure_rate         | student_attempts     | is_correct           | wrong_attempts / ... | derived      |
| mv_topic_failure_... | grade_level          | math_topics          | grade_level          | lookup through ma... | direct       |
| mv_topic_failure_... | help_request_count   | student_help_events  | event_id             | COUNT(*) by skill    | derived      |
| mv_topic_failure_... | hinted_step_count    | attempt_steps        | hint_used            | COUNT(*) FILTER (... | derived      |
| mv_topic_failure_... | latest_failure_at    | student_attempts     | created_at           | MAX(created_at) F... | derived      |
| mv_topic_failure_... | show_me_count        | show_me_breakdowns   | breakdown_id         | COUNT(*) by skill    | derived      |
| mv_topic_failure_... | skill_id             | math_skills          | skill_id             | activity key         | direct       |
| mv_topic_failure_... | skill_name           | math_skills          | skill_name           | lookup by skill_id   | direct       |
| mv_topic_failure_... | topic_name           | math_topics          | topic_name           | lookup through ma... | direct       |
| mv_topic_failure_... | total_answer_atte... | student_attempts     | attempt_id           | COUNT(*) by skill    | derived      |
| mv_topic_failure_... | wrong_attempts       | student_attempts     | is_correct           | COUNT(*) FILTER (... | derived      |
| mv_topic_failure_... | wrong_step_count     | attempt_steps        | is_step_correct      | COUNT(*) FILTER (... | derived      |
| mv_weekly_skill_m... | accuracy_rate        | student_attempts     | is_correct           | correct_attempts ... | derived      |
| mv_weekly_skill_m... | avg_score            | student_attempts     | score                | AVG(score)           | derived      |
| mv_weekly_skill_m... | avg_time_spent_se... | student_attempts     | time_spent_seconds   | AVG(time_spent_se... | derived      |
| mv_weekly_skill_m... | correct_attempts     | student_attempts     | is_correct           | COUNT(*) FILTER (... | derived      |
| mv_weekly_skill_m... | dda_trigger_count    | dda_events           | event_id             | COUNT(*) by week,... | derived      |
| mv_weekly_skill_m... | help_request_count   | student_help_events  | event_id             | COUNT(*) by week,... | derived      |
| mv_weekly_skill_m... | help_request_rate    | student_help_events  | event_id             | help_request_coun... | derived      |
| mv_weekly_skill_m... | hint_usage_rate      | attempt_steps        | hint_used            | hinted_attempt_co... | derived      |
| mv_weekly_skill_m... | hinted_attempt_count | attempt_steps        | hint_used            | COUNT attempts wi... | derived      |
| mv_weekly_skill_m... | latest_predicted_... | student_skill_pre... | predicted_mastery... | latest prediction... | derived      |
| mv_weekly_skill_m... | latest_prediction_at | student_skill_pre... | predicted_at         | latest prediction... | derived      |
| mv_weekly_skill_m... | latest_risk_level    | student_skill_pre... | risk_level           | latest prediction... | derived      |
| mv_weekly_skill_m... | recommended_action   | student_skill_pre... | recommended_action   | latest prediction... | derived      |
| mv_weekly_skill_m... | show_me_count        | show_me_breakdowns   | breakdown_id         | COUNT(*) joined t... | derived      |
| mv_weekly_skill_m... | skill_id             | math_problems        | skill_id             | lookup from stude... | direct       |
| mv_weekly_skill_m... | skill_name           | math_skills          | skill_name           | lookup by skill_id   | direct       |
| mv_weekly_skill_m... | student_id           | student_attempts     | student_id           | activity key         | direct       |
| mv_weekly_skill_m... | topic_name           | math_topics          | topic_name           | lookup through ma... | direct       |
| mv_weekly_skill_m... | total_answer_atte... | student_attempts     | attempt_id           | COUNT(*) by week,... | derived      |
| mv_weekly_skill_m... | week_start_date      | student_attempts     | created_at           | DATE_TRUNC(week, ... | derived      |
| mv_weekly_skill_m... | wrong_attempts       | student_attempts     | is_correct           | COUNT(*) FILTER (... | derived      |

[0m18:06:48.567344 [debug] [MainThread]: Command `dbt show` succeeded at 18:06:48.567196 after 2.68 seconds
[0m18:06:48.567756 [debug] [MainThread]: Sending event: {'category': 'dbt', 'action': 'invocation', 'label': 'end', 'context': [<snowplow_tracker.self_describing_json.SelfDescribingJson object at 0x0000022ABDF21550>, <snowplow_tracker.self_describing_json.SelfDescribingJson object at 0x0000022ABEBE03C0>, <snowplow_tracker.self_describing_json.SelfDescribingJson object at 0x0000022ABEBE0940>]}
[0m18:06:48.568094 [debug] [MainThread]: Flushing usage events
[0m18:06:49.634123 [debug] [MainThread]: An error was encountered while trying to flush usage events
[0m18:17:06.734214 [debug] [MainThread]: Sending event: {'category': 'dbt', 'action': 'invocation', 'label': 'start', 'context': [<snowplow_tracker.self_describing_json.SelfDescribingJson object at 0x000001D02186D400>, <snowplow_tracker.self_describing_json.SelfDescribingJson object at 0x000001D02401FD90>, <snowplow_tracker.self_describing_json.SelfDescribingJson object at 0x000001D02401F890>]}


============================== 18:17:06.738785 | 38287c43-f763-4d9d-9996-f8f0cfd1bf7e ==============================
[0m18:17:06.738785 [info ] [MainThread]: Running with dbt=1.12.0
[0m18:17:06.739243 [debug] [MainThread]: running dbt with arguments {'static_parser': 'True', 'no_print': 'None', 'version_check': 'True', 'warn_error_options': 'WarnErrorOptionsV2(error=[], warn=[], silence=[])', 'maximum_seed_size_mib': '1', 'target_path': 'None', 'printer_width': '80', 'write_json': 'True', 'empty': 'False', 'log_cache_events': 'False', 'introspect': 'True', 'cache_selected_only': 'False', 'fail_fast': 'False', 'debug': 'False', 'log_format': 'default', 'partial_parse': 'True', 'send_anonymous_usage_stats': 'True', 'quiet': 'False', 'warn_error': 'None', 'profiles_dir': '.', 'use_colors': 'True', 'hints_enabled': 'True', 'indirect_selection': 'eager', 'use_experimental_parser': 'False', 'invocation_command': 'dbt run --select vw_column_lineage --project-dir . --profiles-dir .', 'log_path': 'logs'}
[0m18:17:06.913274 [debug] [MainThread]: Sending event: {'category': 'dbt', 'action': 'project_id', 'label': '38287c43-f763-4d9d-9996-f8f0cfd1bf7e', 'context': [<snowplow_tracker.self_describing_json.SelfDescribingJson object at 0x000001D021F81810>]}
[0m18:17:06.977573 [debug] [MainThread]: Sending event: {'category': 'dbt', 'action': 'adapter_info', 'label': '38287c43-f763-4d9d-9996-f8f0cfd1bf7e', 'context': [<snowplow_tracker.self_describing_json.SelfDescribingJson object at 0x000001D01FDC5BF0>]}
[0m18:17:06.978725 [info ] [MainThread]: Registered adapter: postgres=1.11.0
[0m18:17:07.212504 [debug] [MainThread]: checksum: eee4aa8f446f04cd153f3bb6462f41ca5fe29389c36d13d7747846389170d6ce, vars: {}, profile: lemmaai_analytics, target: dev, version: 1.12.0
[0m18:17:07.448459 [debug] [MainThread]: Partial parsing enabled: 0 files deleted, 0 files added, 0 files changed.
[0m18:17:07.448814 [debug] [MainThread]: Nothing changed, skipping partial parsing.
[0m18:17:07.449030 [debug] [MainThread]: Partial parsing enabled, no changes found, skipping parsing
[0m18:17:07.457952 [debug] [MainThread]: Sending event: {'category': 'dbt', 'action': 'load_project', 'label': '38287c43-f763-4d9d-9996-f8f0cfd1bf7e', 'context': [<snowplow_tracker.self_describing_json.SelfDescribingJson object at 0x000001D02476AC50>]}
[0m18:17:07.590347 [debug] [MainThread]: Wrote artifact WritableManifest to .\target\manifest.json
[0m18:17:07.593483 [debug] [MainThread]: Wrote artifact SemanticManifest to .\target\semantic_manifest.json
[0m18:17:07.623602 [debug] [MainThread]: Wrote artifact OsiDocument to .\target\osi_document.json
[0m18:17:07.641104 [debug] [MainThread]: Sending event: {'category': 'dbt', 'action': 'resource_counts', 'label': '38287c43-f763-4d9d-9996-f8f0cfd1bf7e', 'context': [<snowplow_tracker.self_describing_json.SelfDescribingJson object at 0x000001D0248D88C0>]}
[0m18:17:07.641552 [info ] [MainThread]: Found 10 models, 41 sources, 477 macros
[0m18:17:07.641874 [debug] [MainThread]: Sending event: {'category': 'dbt', 'action': 'runnable_timing', 'label': '38287c43-f763-4d9d-9996-f8f0cfd1bf7e', 'context': [<snowplow_tracker.self_describing_json.SelfDescribingJson object at 0x000001D0248CF770>]}
[0m18:17:07.643650 [info ] [MainThread]: 
[0m18:17:07.644157 [info ] [MainThread]: Concurrency: 4 threads (target='dev')
[0m18:17:07.644429 [info ] [MainThread]: 
[0m18:17:07.644984 [debug] [MainThread]: Acquiring new postgres connection 'master'
[0m18:17:07.646008 [debug] [ThreadPool]: Acquiring new postgres connection 'list_postgres'
[0m18:17:07.776203 [debug] [ThreadPool]: Using postgres connection "list_postgres"
[0m18:17:07.776994 [debug] [ThreadPool]: On list_postgres: /* {"app": "dbt", "dbt_version": "1.12.0", "profile_name": "lemmaai_analytics", "target_name": "dev", "connection_name": "list_postgres"} */

    select distinct nspname from pg_namespace
  
[0m18:17:07.777745 [debug] [ThreadPool]: Opening a new connection, currently in state init
[0m18:17:08.536613 [debug] [ThreadPool]: SQL status: SELECT 121 in 0.759 seconds
[0m18:17:08.539438 [debug] [ThreadPool]: On list_postgres: Close
[0m18:17:08.552010 [debug] [ThreadPool]: Acquiring new postgres connection 'list_postgres_analytics'
[0m18:17:08.562456 [debug] [ThreadPool]: Using postgres connection "list_postgres_analytics"
[0m18:17:08.563194 [debug] [ThreadPool]: On list_postgres_analytics: /* {"app": "dbt", "dbt_version": "1.12.0", "profile_name": "lemmaai_analytics", "target_name": "dev", "connection_name": "list_postgres_analytics"} */
select
      'postgres' as database,
      tablename as name,
      schemaname as schema,
      'table' as type
    from pg_tables
    where schemaname ilike 'analytics'
    union all
    select
      'postgres' as database,
      viewname as name,
      schemaname as schema,
      'view' as type
    from pg_views
    where schemaname ilike 'analytics'
    union all
    select
      'postgres' as database,
      matviewname as name,
      schemaname as schema,
      'materialized_view' as type
    from pg_matviews
    where schemaname ilike 'analytics'
    union all
    select distinct
     'postgres' as database,
     proname as name,
     ns.nspname as schema,
     'function' as type
    from pg_proc
     join pg_namespace as ns on pronamespace = ns.oid
    where ns.nspname ilike 'analytics'
  
[0m18:17:08.563818 [debug] [ThreadPool]: Opening a new connection, currently in state init
[0m18:17:09.231444 [debug] [ThreadPool]: SQL status: SELECT 10 in 0.668 seconds
[0m18:17:09.233166 [debug] [ThreadPool]: On list_postgres_analytics: ROLLBACK
[0m18:17:09.347142 [debug] [ThreadPool]: On list_postgres_analytics: Close
[0m18:17:09.352588 [debug] [MainThread]: Using postgres connection "master"
[0m18:17:09.353146 [debug] [MainThread]: On master: /* {"app": "dbt", "dbt_version": "1.12.0", "profile_name": "lemmaai_analytics", "target_name": "dev", "connection_name": "master"} */
select distinct
        dependent_namespace.nspname as dependent_schema,
        dependent_class.relname as dependent_name,
        referenced_namespace.nspname as referenced_schema,
        referenced_class.relname as referenced_name

    -- Query for views: views are entries in pg_class with an entry in pg_rewrite, but we avoid
    -- a seq scan on pg_rewrite by leveraging the fact there is an "internal" row in pg_depend for
    -- the view...
    from pg_class as dependent_class
    join pg_namespace as dependent_namespace on dependent_namespace.oid = dependent_class.relnamespace
    join pg_depend as dependent_depend on dependent_depend.refobjid = dependent_class.oid
        and dependent_depend.classid = 'pg_rewrite'::regclass
        and dependent_depend.refclassid = 'pg_class'::regclass
        and dependent_depend.deptype = 'i'

    -- ... and via pg_depend (that has a row per column, hence the need for "distinct" above, and
    -- making sure to exclude the internal row to avoid a view appearing to depend on itself)...
    join pg_depend as joining_depend on joining_depend.objid = dependent_depend.objid
        and joining_depend.classid = 'pg_rewrite'::regclass
        and joining_depend.refclassid = 'pg_class'::regclass
        and joining_depend.refobjid != dependent_depend.refobjid

    -- ... we can find the tables they query from in pg_class, but excluding system tables. Note we
    -- don't need need to exclude _dependent_ system tables, because they only query from other
    -- system tables, and so are automatically excluded by excluding _referenced_ system tables
    join pg_class as referenced_class on referenced_class.oid = joining_depend.refobjid
    join pg_namespace as referenced_namespace on referenced_namespace.oid = referenced_class.relnamespace
        and referenced_namespace.nspname != 'information_schema'
        and referenced_namespace.nspname not like 'pg\_%'

    order by
        dependent_schema, dependent_name, referenced_schema, referenced_name;
[0m18:17:09.353663 [debug] [MainThread]: Opening a new connection, currently in state init
[0m18:17:10.014769 [debug] [MainThread]: SQL status: SELECT 131 in 0.661 seconds
[0m18:17:10.019580 [debug] [MainThread]: Sending event: {'category': 'dbt', 'action': 'runnable_timing', 'label': '38287c43-f763-4d9d-9996-f8f0cfd1bf7e', 'context': [<snowplow_tracker.self_describing_json.SelfDescribingJson object at 0x000001D024A0B930>]}
[0m18:17:10.020415 [debug] [MainThread]: On master: ROLLBACK
[0m18:17:10.095819 [debug] [MainThread]: On master: COMMIT
[0m18:17:10.096645 [debug] [MainThread]: Using postgres connection "master"
[0m18:17:10.097829 [debug] [MainThread]: On master: COMMIT
[0m18:17:10.250218 [debug] [MainThread]: SQL status: COMMIT in 0.152 seconds
[0m18:17:10.250994 [debug] [MainThread]: On master: Close
[0m18:17:10.260268 [debug] [Thread-1 (]: Began running node model.lemmaai_analytics.vw_column_lineage
[0m18:17:10.261832 [info ] [Thread-1 (]: 1 of 1 START sql view model analytics.vw_column_lineage ........................ [RUN]
[0m18:17:10.262857 [debug] [Thread-1 (]: Acquiring new postgres connection 'model.lemmaai_analytics.vw_column_lineage'
[0m18:17:10.263621 [debug] [Thread-1 (]: Began compiling node model.lemmaai_analytics.vw_column_lineage
[0m18:17:10.280380 [debug] [Thread-1 (]: Writing injected SQL for node "model.lemmaai_analytics.vw_column_lineage"
[0m18:17:10.282162 [debug] [Thread-1 (]: Began executing node model.lemmaai_analytics.vw_column_lineage
[0m18:17:10.341082 [debug] [Thread-1 (]: Writing runtime sql for node "model.lemmaai_analytics.vw_column_lineage"
[0m18:17:10.343261 [debug] [Thread-1 (]: Using postgres connection "model.lemmaai_analytics.vw_column_lineage"
[0m18:17:10.344544 [debug] [Thread-1 (]: On model.lemmaai_analytics.vw_column_lineage: /* {"app": "dbt", "dbt_version": "1.12.0", "profile_name": "lemmaai_analytics", "target_name": "dev", "node_id": "model.lemmaai_analytics.vw_column_lineage"} */

  create view "postgres"."analytics"."vw_column_lineage__dbt_tmp"
    
    
  as (
    

-- This model is intentionally a documentation table.  It makes column-level
-- lineage queryable in tools whose graph only renders table-to-table edges.
-- depends_on: "postgres"."public"."ai_sessions"
-- depends_on: "postgres"."public"."attempt_steps"
-- depends_on: "postgres"."public"."class_sections"
-- depends_on: "postgres"."public"."dda_events"
-- depends_on: "postgres"."public"."math_problems"
-- depends_on: "postgres"."public"."math_skills"
-- depends_on: "postgres"."public"."math_topics"
-- depends_on: "postgres"."public"."show_me_breakdowns"
-- depends_on: "postgres"."public"."student_attempts"
-- depends_on: "postgres"."public"."student_help_events"
-- depends_on: "postgres"."public"."student_profiles"
-- depends_on: "postgres"."public"."student_skill_predictions"

WITH column_lineage AS (
    SELECT * FROM (
        VALUES
            -- mv_daily_student_performance
            ('mv_daily_student_performance', 'performance_date', 'student_attempts', 'created_at', 'CAST(created_at AS date)', 'derived'),
            ('mv_daily_student_performance', 'student_id', 'student_attempts', 'student_id', 'activity key', 'direct'),
            ('mv_daily_student_performance', 'section_name', 'class_sections', 'section_name', 'lookup through student_profiles.section_id', 'direct'),
            ('mv_daily_student_performance', 'grade_level', 'class_sections', 'grade_level', 'lookup through student_profiles.section_id', 'direct'),
            ('mv_daily_student_performance', 'sessions_started', 'ai_sessions', 'session_id', 'COUNT(*) by student and date', 'derived'),
            ('mv_daily_student_performance', 'sessions_completed', 'ai_sessions', 'session_status', 'COUNT(*) FILTER (session_status = completed)', 'derived'),
            ('mv_daily_student_performance', 'total_answer_attempts', 'student_attempts', 'attempt_id', 'COUNT(*) by student and date', 'derived'),
            ('mv_daily_student_performance', 'correct_attempts', 'student_attempts', 'is_correct', 'COUNT(*) FILTER (is_correct)', 'derived'),
            ('mv_daily_student_performance', 'wrong_attempts', 'student_attempts', 'is_correct', 'COUNT(*) FILTER (not is_correct)', 'derived'),
            ('mv_daily_student_performance', 'avg_score', 'student_attempts', 'score', 'AVG(score)', 'derived'),
            ('mv_daily_student_performance', 'avg_time_spent_seconds', 'student_attempts', 'time_spent_seconds', 'AVG(time_spent_seconds)', 'derived'),
            ('mv_daily_student_performance', 'hinted_attempt_count', 'attempt_steps', 'hint_used', 'COUNT attempts with BOOL_OR(hint_used > 0)', 'derived'),
            ('mv_daily_student_performance', 'help_request_count', 'student_help_events', 'help_event_id', 'COUNT(*) by student and date', 'derived'),
            ('mv_daily_student_performance', 'dda_trigger_count', 'dda_events', 'dda_event_id', 'COUNT(*) by student and date', 'derived'),
            ('mv_daily_student_performance', 'show_me_count', 'show_me_breakdowns', 'breakdown_id', 'COUNT(*) joined to ai_sessions', 'derived'),
            ('mv_daily_student_performance', 'accuracy_rate', 'student_attempts', 'is_correct', 'correct_attempts / total_answer_attempts', 'derived'),

            -- mv_weekly_skill_mastery
            ('mv_weekly_skill_mastery', 'week_start_date', 'student_attempts', 'created_at', 'DATE_TRUNC(week, created_at)', 'derived'),
            ('mv_weekly_skill_mastery', 'student_id', 'student_attempts', 'student_id', 'activity key', 'direct'),
            ('mv_weekly_skill_mastery', 'skill_id', 'math_problems', 'skill_id', 'lookup from student_attempts.problem_id', 'direct'),
            ('mv_weekly_skill_mastery', 'skill_name', 'math_skills', 'skill_name', 'lookup by skill_id', 'direct'),
            ('mv_weekly_skill_mastery', 'topic_name', 'math_topics', 'topic_name', 'lookup through math_skills.topic_id', 'direct'),
            ('mv_weekly_skill_mastery', 'total_answer_attempts', 'student_attempts', 'attempt_id', 'COUNT(*) by week, student, skill', 'derived'),
            ('mv_weekly_skill_mastery', 'correct_attempts', 'student_attempts', 'is_correct', 'COUNT(*) FILTER (is_correct)', 'derived'),
            ('mv_weekly_skill_mastery', 'wrong_attempts', 'student_attempts', 'is_correct', 'COUNT(*) FILTER (not is_correct)', 'derived'),
            ('mv_weekly_skill_mastery', 'avg_score', 'student_attempts', 'score', 'AVG(score)', 'derived'),
            ('mv_weekly_skill_mastery', 'avg_time_spent_seconds', 'student_attempts', 'time_spent_seconds', 'AVG(time_spent_seconds)', 'derived'),
            ('mv_weekly_skill_mastery', 'hinted_attempt_count', 'attempt_steps', 'hint_used', 'COUNT attempts with BOOL_OR(hint_used > 0)', 'derived'),
            ('mv_weekly_skill_mastery', 'hint_usage_rate', 'attempt_steps', 'hint_used', 'hinted_attempt_count / total_answer_attempts', 'derived'),
            ('mv_weekly_skill_mastery', 'help_request_count', 'student_help_events', 'help_event_id', 'COUNT(*) by week, student, skill', 'derived'),
            ('mv_weekly_skill_mastery', 'help_request_rate', 'student_help_events', 'help_event_id', 'help_request_count / (attempts + help requests)', 'derived'),
            ('mv_weekly_skill_mastery', 'dda_trigger_count', 'dda_events', 'dda_event_id', 'COUNT(*) by week, student, skill', 'derived'),
            ('mv_weekly_skill_mastery', 'show_me_count', 'show_me_breakdowns', 'breakdown_id', 'COUNT(*) joined to ai_sessions', 'derived'),
            ('mv_weekly_skill_mastery', 'accuracy_rate', 'student_attempts', 'is_correct', 'correct_attempts / total_answer_attempts', 'derived'),
            ('mv_weekly_skill_mastery', 'latest_predicted_mastery_score', 'student_skill_predictions', 'predicted_mastery_score', 'latest prediction in the week', 'derived'),
            ('mv_weekly_skill_mastery', 'latest_risk_level', 'student_skill_predictions', 'risk_level', 'latest prediction in the week', 'derived'),
            ('mv_weekly_skill_mastery', 'recommended_action', 'student_skill_predictions', 'recommended_action', 'latest prediction in the week', 'derived'),
            ('mv_weekly_skill_mastery', 'latest_prediction_at', 'student_skill_predictions', 'predicted_at', 'latest prediction timestamp in the week', 'derived'),

            -- mv_topic_failure_patterns
            ('mv_topic_failure_patterns', 'topic_name', 'math_topics', 'topic_name', 'lookup through math_skills.topic_id', 'direct'),
            ('mv_topic_failure_patterns', 'grade_level', 'math_topics', 'grade_level', 'lookup through math_skills.topic_id', 'direct'),
            ('mv_topic_failure_patterns', 'skill_id', 'math_skills', 'skill_id', 'activity key', 'direct'),
            ('mv_topic_failure_patterns', 'skill_name', 'math_skills', 'skill_name', 'lookup by skill_id', 'direct'),
            ('mv_topic_failure_patterns', 'total_answer_attempts', 'student_attempts', 'attempt_id', 'COUNT(*) by skill', 'derived'),
            ('mv_topic_failure_patterns', 'correct_attempts', 'student_attempts', 'is_correct', 'COUNT(*) FILTER (is_correct)', 'derived'),
            ('mv_topic_failure_patterns', 'wrong_attempts', 'student_attempts', 'is_correct', 'COUNT(*) FILTER (not is_correct)', 'derived'),
            ('mv_topic_failure_patterns', 'failure_rate', 'student_attempts', 'is_correct', 'wrong_attempts / total_answer_attempts', 'derived'),
            ('mv_topic_failure_patterns', 'avg_time_spent_seconds', 'student_attempts', 'time_spent_seconds', 'AVG(time_spent_seconds)', 'derived'),
            ('mv_topic_failure_patterns', 'affected_student_count', 'student_attempts', 'student_id', 'COUNT(DISTINCT student_id)', 'derived'),
            ('mv_topic_failure_patterns', 'latest_failure_at', 'student_attempts', 'created_at', 'MAX(created_at) FILTER (not is_correct)', 'derived'),
            ('mv_topic_failure_patterns', 'wrong_step_count', 'attempt_steps', 'is_step_correct', 'COUNT(*) FILTER (not is_step_correct)', 'derived'),
            ('mv_topic_failure_patterns', 'hinted_step_count', 'attempt_steps', 'hint_used', 'COUNT(*) FILTER (hint_used > 0)', 'derived'),
            ('mv_topic_failure_patterns', 'help_request_count', 'student_help_events', 'help_event_id', 'COUNT(*) by skill', 'derived'),
            ('mv_topic_failure_patterns', 'dda_trigger_count', 'dda_events', 'dda_event_id', 'COUNT(*) by skill', 'derived'),
            ('mv_topic_failure_patterns', 'show_me_count', 'show_me_breakdowns', 'breakdown_id', 'COUNT(*) by skill', 'derived')
    ) AS mapping (mv_name, mv_column, source_table, source_column, transformation, lineage_type)
)

SELECT
    mv_name,
    mv_column,
    source_table,
    source_column,
    transformation,
    lineage_type
FROM column_lineage
ORDER BY mv_name, mv_column, source_table, source_column
  );
[0m18:17:10.345470 [debug] [Thread-1 (]: Opening a new connection, currently in state init
[0m18:17:10.864227 [debug] [Thread-1 (]: SQL status: CREATE VIEW in 0.518 seconds
[0m18:17:10.873810 [debug] [Thread-1 (]: Using postgres connection "model.lemmaai_analytics.vw_column_lineage"
[0m18:17:10.874944 [debug] [Thread-1 (]: On model.lemmaai_analytics.vw_column_lineage: /* {"app": "dbt", "dbt_version": "1.12.0", "profile_name": "lemmaai_analytics", "target_name": "dev", "node_id": "model.lemmaai_analytics.vw_column_lineage"} */
alter table "postgres"."analytics"."vw_column_lineage" rename to "vw_column_lineage__dbt_backup"
[0m18:17:10.939005 [debug] [Thread-1 (]: SQL status: ALTER TABLE in 0.063 seconds
[0m18:17:10.942340 [debug] [Thread-1 (]: Using postgres connection "model.lemmaai_analytics.vw_column_lineage"
[0m18:17:10.942687 [debug] [Thread-1 (]: On model.lemmaai_analytics.vw_column_lineage: /* {"app": "dbt", "dbt_version": "1.12.0", "profile_name": "lemmaai_analytics", "target_name": "dev", "node_id": "model.lemmaai_analytics.vw_column_lineage"} */
alter table "postgres"."analytics"."vw_column_lineage__dbt_tmp" rename to "vw_column_lineage"
[0m18:17:11.004049 [debug] [Thread-1 (]: SQL status: ALTER TABLE in 0.061 seconds
[0m18:17:11.027406 [debug] [Thread-1 (]: On model.lemmaai_analytics.vw_column_lineage: COMMIT
[0m18:17:11.028045 [debug] [Thread-1 (]: Using postgres connection "model.lemmaai_analytics.vw_column_lineage"
[0m18:17:11.028517 [debug] [Thread-1 (]: On model.lemmaai_analytics.vw_column_lineage: COMMIT
[0m18:17:11.088007 [debug] [Thread-1 (]: SQL status: COMMIT in 0.059 seconds
[0m18:17:11.096892 [debug] [Thread-1 (]: Applying DROP to: "postgres"."analytics"."vw_column_lineage__dbt_backup"
[0m18:17:11.103112 [debug] [Thread-1 (]: Using postgres connection "model.lemmaai_analytics.vw_column_lineage"
[0m18:17:11.103876 [debug] [Thread-1 (]: On model.lemmaai_analytics.vw_column_lineage: /* {"app": "dbt", "dbt_version": "1.12.0", "profile_name": "lemmaai_analytics", "target_name": "dev", "node_id": "model.lemmaai_analytics.vw_column_lineage"} */
drop view if exists "postgres"."analytics"."vw_column_lineage__dbt_backup" cascade
[0m18:17:11.168247 [debug] [Thread-1 (]: SQL status: DROP VIEW in 0.064 seconds
[0m18:17:11.170544 [debug] [Thread-1 (]: On model.lemmaai_analytics.vw_column_lineage: Close
[0m18:17:11.173951 [debug] [Thread-1 (]: Sending event: {'category': 'dbt', 'action': 'run_model', 'label': '38287c43-f763-4d9d-9996-f8f0cfd1bf7e', 'context': [<snowplow_tracker.self_describing_json.SelfDescribingJson object at 0x000001D024889610>]}
[0m18:17:11.174967 [info ] [Thread-1 (]: 1 of 1 OK created sql view model analytics.vw_column_lineage ................... [[32mCREATE VIEW[0m in 0.91s]
[0m18:17:11.176136 [debug] [Thread-1 (]: Finished running node model.lemmaai_analytics.vw_column_lineage
[0m18:17:11.178511 [debug] [MainThread]: On master: COMMIT
[0m18:17:11.179214 [debug] [MainThread]: Using postgres connection "master"
[0m18:17:11.179669 [debug] [MainThread]: On master: COMMIT
[0m18:17:11.180117 [debug] [MainThread]: Opening a new connection, currently in state closed
[0m18:17:11.742164 [debug] [MainThread]: SQL status: COMMIT in 0.562 seconds
[0m18:17:11.742608 [debug] [MainThread]: On master: Close
[0m18:17:11.743273 [debug] [MainThread]: Connection 'master' was properly closed.
[0m18:17:11.743572 [debug] [MainThread]: Connection 'list_postgres' was properly closed.
[0m18:17:11.744400 [debug] [MainThread]: Connection 'list_postgres_analytics' was properly closed.
[0m18:17:11.744911 [debug] [MainThread]: Connection 'model.lemmaai_analytics.vw_column_lineage' was properly closed.
[0m18:17:11.745516 [info ] [MainThread]: 
[0m18:17:11.746163 [info ] [MainThread]: Finished running 1 view model in 0 hours 0 minutes and 4.10 seconds (4.10s).
[0m18:17:11.747049 [debug] [MainThread]: Command end result
[0m18:17:11.810104 [debug] [MainThread]: Wrote artifact WritableManifest to .\target\manifest.json
[0m18:17:11.814608 [debug] [MainThread]: Wrote artifact SemanticManifest to .\target\semantic_manifest.json
[0m18:17:11.820060 [debug] [MainThread]: Wrote artifact OsiDocument to .\target\osi_document.json
[0m18:17:11.830679 [debug] [MainThread]: Wrote artifact RunExecutionResult to .\target\run_results.json
[0m18:17:11.831919 [info ] [MainThread]: 
[0m18:17:11.832682 [info ] [MainThread]: [32mCompleted successfully[0m
[0m18:17:11.833260 [info ] [MainThread]: 
[0m18:17:11.834036 [info ] [MainThread]: Done. PASS=1 WARN=0 ERROR=0 SKIP=0 NO-OP=0 REUSED=0 TOTAL=1
[0m18:17:11.835380 [debug] [MainThread]: Command `dbt run` succeeded at 18:17:11.835035 after 5.30 seconds
[0m18:17:11.836235 [debug] [MainThread]: Sending event: {'category': 'dbt', 'action': 'invocation', 'label': 'end', 'context': [<snowplow_tracker.self_describing_json.SelfDescribingJson object at 0x000001D0248F3C20>, <snowplow_tracker.self_describing_json.SelfDescribingJson object at 0x000001D024C3BCF0>, <snowplow_tracker.self_describing_json.SelfDescribingJson object at 0x000001D024C3BE30>]}
[0m18:17:11.837014 [debug] [MainThread]: Flushing usage events
[0m18:17:13.140505 [debug] [MainThread]: An error was encountered while trying to flush usage events
[0m18:19:36.329273 [debug] [MainThread]: Sending event: {'category': 'dbt', 'action': 'invocation', 'label': 'start', 'context': [<snowplow_tracker.self_describing_json.SelfDescribingJson object at 0x0000021B96414EC0>, <snowplow_tracker.self_describing_json.SelfDescribingJson object at 0x0000021B98B23ED0>, <snowplow_tracker.self_describing_json.SelfDescribingJson object at 0x0000021B98B23C50>]}


============================== 18:19:36.332856 | 9c46627a-82c3-4662-97ff-1f2bfad9183b ==============================
[0m18:19:36.332856 [info ] [MainThread]: Running with dbt=1.12.0
[0m18:19:36.333318 [debug] [MainThread]: running dbt with arguments {'static_parser': 'True', 'no_print': 'None', 'maximum_seed_size_mib': '1', 'target_path': 'None', 'version_check': 'True', 'warn_error_options': 'WarnErrorOptionsV2(error=[], warn=[], silence=[])', 'printer_width': '80', 'write_json': 'True', 'empty': 'None', 'log_cache_events': 'False', 'introspect': 'True', 'cache_selected_only': 'False', 'fail_fast': 'False', 'debug': 'False', 'log_format': 'default', 'partial_parse': 'True', 'send_anonymous_usage_stats': 'True', 'quiet': 'False', 'warn_error': 'None', 'profiles_dir': 'c:\\Users\\YEN YEN\\Desktop\\ERD\\ERD-Portfolio-Repo\\CollieAI_ERD\\dbt_collieai', 'invocation_command': 'dbt ', 'hints_enabled': 'True', 'use_colors': 'True', 'use_experimental_parser': 'False', 'indirect_selection': 'eager', 'log_path': 'c:\\Users\\YEN YEN\\Desktop\\ERD\\ERD-Portfolio-Repo\\CollieAI_ERD\\dbt_collieai\\logs'}
[0m18:19:36.445937 [debug] [MainThread]: Sending event: {'category': 'dbt', 'action': 'project_id', 'label': '9c46627a-82c3-4662-97ff-1f2bfad9183b', 'context': [<snowplow_tracker.self_describing_json.SelfDescribingJson object at 0x0000021B96AE16E0>]}
[0m18:19:36.471728 [info ] [MainThread]: Warning: No packages were found in packages.yml
[0m18:19:36.473026 [info ] [MainThread]: Warning: No packages were found in packages.yml
[0m18:19:36.473834 [debug] [MainThread]: Command `cli deps` succeeded at 18:19:36.473690 after 0.31 seconds
[0m18:19:36.474129 [debug] [MainThread]: Sending event: {'category': 'dbt', 'action': 'invocation', 'label': 'end', 'context': [<snowplow_tracker.self_describing_json.SelfDescribingJson object at 0x0000021B94D0D590>, <snowplow_tracker.self_describing_json.SelfDescribingJson object at 0x0000021B98D4C050>, <snowplow_tracker.self_describing_json.SelfDescribingJson object at 0x0000021B98989850>]}
[0m18:19:36.474408 [debug] [MainThread]: Flushing usage events
[0m18:19:37.600961 [debug] [MainThread]: An error was encountered while trying to flush usage events
[0m18:21:04.847199 [debug] [MainThread]: Sending event: {'category': 'dbt', 'action': 'invocation', 'label': 'start', 'context': [<snowplow_tracker.self_describing_json.SelfDescribingJson object at 0x00000209F20F4EC0>, <snowplow_tracker.self_describing_json.SelfDescribingJson object at 0x00000209F4803ED0>, <snowplow_tracker.self_describing_json.SelfDescribingJson object at 0x00000209F4803C50>]}


============================== 18:21:04.850821 | ff3f6de5-5eff-426f-bc03-7f36296b8a66 ==============================
[0m18:21:04.850821 [info ] [MainThread]: Running with dbt=1.12.0
[0m18:21:04.851328 [debug] [MainThread]: running dbt with arguments {'version_check': 'True', 'no_print': 'None', 'maximum_seed_size_mib': '1', 'target_path': 'None', 'warn_error_options': 'WarnErrorOptionsV2(error=[], warn=[], silence=[])', 'static_parser': 'True', 'printer_width': '80', 'write_json': 'True', 'introspect': 'True', 'log_cache_events': 'False', 'empty': 'None', 'cache_selected_only': 'False', 'log_format': 'default', 'debug': 'False', 'fail_fast': 'False', 'partial_parse': 'True', 'send_anonymous_usage_stats': 'True', 'quiet': 'False', 'warn_error': 'None', 'profiles_dir': 'c:\\Users\\YEN YEN\\Desktop\\ERD\\ERD-Portfolio-Repo\\CollieAI_ERD\\dbt_collieai', 'indirect_selection': 'eager', 'hints_enabled': 'True', 'use_colors': 'True', 'use_experimental_parser': 'False', 'invocation_command': 'dbt ', 'log_path': 'c:\\Users\\YEN YEN\\Desktop\\ERD\\ERD-Portfolio-Repo\\CollieAI_ERD\\dbt_collieai\\logs'}
[0m18:21:04.965620 [debug] [MainThread]: Sending event: {'category': 'dbt', 'action': 'project_id', 'label': 'ff3f6de5-5eff-426f-bc03-7f36296b8a66', 'context': [<snowplow_tracker.self_describing_json.SelfDescribingJson object at 0x00000209F27C56E0>]}
[0m18:21:04.984665 [info ] [MainThread]: Warning: No packages were found in packages.yml
[0m18:21:04.985913 [info ] [MainThread]: Warning: No packages were found in packages.yml
[0m18:21:04.986687 [debug] [MainThread]: Command `cli deps` succeeded at 18:21:04.986576 after 0.29 seconds
[0m18:21:04.986971 [debug] [MainThread]: Sending event: {'category': 'dbt', 'action': 'invocation', 'label': 'end', 'context': [<snowplow_tracker.self_describing_json.SelfDescribingJson object at 0x00000209F19BD590>, <snowplow_tracker.self_describing_json.SelfDescribingJson object at 0x00000209F4A54050>, <snowplow_tracker.self_describing_json.SelfDescribingJson object at 0x00000209F4669850>]}
[0m18:21:04.987298 [debug] [MainThread]: Flushing usage events
[0m18:21:06.174235 [debug] [MainThread]: An error was encountered while trying to flush usage events
[0m18:28:23.395625 [debug] [MainThread]: Sending event: {'category': 'dbt', 'action': 'invocation', 'label': 'start', 'context': [<snowplow_tracker.self_describing_json.SelfDescribingJson object at 0x000001B2EBEB4EC0>, <snowplow_tracker.self_describing_json.SelfDescribingJson object at 0x000001B2EE5C3ED0>, <snowplow_tracker.self_describing_json.SelfDescribingJson object at 0x000001B2EE5C3C50>]}


============================== 18:28:23.401240 | 035aa519-4279-4373-8014-0ef57e65f8e0 ==============================
[0m18:28:23.401240 [info ] [MainThread]: Running with dbt=1.12.0
[0m18:28:23.402415 [debug] [MainThread]: running dbt with arguments {'maximum_seed_size_mib': '1', 'no_print': 'None', 'static_parser': 'True', 'target_path': 'None', 'warn_error_options': 'WarnErrorOptionsV2(error=[], warn=[], silence=[])', 'version_check': 'True', 'printer_width': '80', 'write_json': 'True', 'empty': 'None', 'log_cache_events': 'False', 'introspect': 'True', 'cache_selected_only': 'False', 'log_format': 'default', 'debug': 'False', 'fail_fast': 'False', 'profiles_dir': 'c:\\Users\\YEN YEN\\Desktop\\ERD\\ERD-Portfolio-Repo\\CollieAI_ERD\\dbt_collieai', 'send_anonymous_usage_stats': 'True', 'quiet': 'False', 'warn_error': 'None', 'partial_parse': 'True', 'invocation_command': 'dbt ', 'hints_enabled': 'True', 'use_colors': 'True', 'use_experimental_parser': 'False', 'indirect_selection': 'eager', 'log_path': 'c:\\Users\\YEN YEN\\Desktop\\ERD\\ERD-Portfolio-Repo\\CollieAI_ERD\\dbt_collieai\\logs'}
[0m18:28:23.504939 [debug] [MainThread]: Sending event: {'category': 'dbt', 'action': 'project_id', 'label': '035aa519-4279-4373-8014-0ef57e65f8e0', 'context': [<snowplow_tracker.self_describing_json.SelfDescribingJson object at 0x000001B2EC5796E0>]}
[0m18:28:23.524292 [info ] [MainThread]: Warning: No packages were found in packages.yml
[0m18:28:23.526096 [info ] [MainThread]: Warning: No packages were found in packages.yml
[0m18:28:23.527043 [debug] [MainThread]: Command `cli deps` succeeded at 18:28:23.526912 after 0.30 seconds
[0m18:28:23.527415 [debug] [MainThread]: Sending event: {'category': 'dbt', 'action': 'invocation', 'label': 'end', 'context': [<snowplow_tracker.self_describing_json.SelfDescribingJson object at 0x000001B2EA7AD590>, <snowplow_tracker.self_describing_json.SelfDescribingJson object at 0x000001B2EE7FC050>, <snowplow_tracker.self_describing_json.SelfDescribingJson object at 0x000001B2EE429850>]}
[0m18:28:23.527714 [debug] [MainThread]: Flushing usage events
[0m18:28:24.697248 [debug] [MainThread]: An error was encountered while trying to flush usage events
[0m18:30:33.187644 [debug] [MainThread]: Sending event: {'category': 'dbt', 'action': 'invocation', 'label': 'start', 'context': [<snowplow_tracker.self_describing_json.SelfDescribingJson object at 0x00000256357E4EC0>, <snowplow_tracker.self_describing_json.SelfDescribingJson object at 0x0000025637EF3ED0>, <snowplow_tracker.self_describing_json.SelfDescribingJson object at 0x0000025637EF3C50>]}


============================== 18:30:33.190765 | acb2ba89-e9d7-445a-8d50-f10f83f3a4b0 ==============================
[0m18:30:33.190765 [info ] [MainThread]: Running with dbt=1.12.0
[0m18:30:33.191204 [debug] [MainThread]: running dbt with arguments {'maximum_seed_size_mib': '1', 'no_print': 'None', 'version_check': 'True', 'warn_error_options': 'WarnErrorOptionsV2(error=[], warn=[], silence=[])', 'target_path': 'None', 'static_parser': 'True', 'printer_width': '80', 'write_json': 'True', 'introspect': 'True', 'log_cache_events': 'False', 'empty': 'None', 'cache_selected_only': 'False', 'log_format': 'default', 'debug': 'False', 'fail_fast': 'False', 'partial_parse': 'True', 'send_anonymous_usage_stats': 'True', 'quiet': 'False', 'warn_error': 'None', 'profiles_dir': 'c:\\Users\\YEN YEN\\Desktop\\ERD\\ERD-Portfolio-Repo\\CollieAI_ERD\\dbt_collieai', 'invocation_command': 'dbt ', 'hints_enabled': 'True', 'indirect_selection': 'eager', 'use_experimental_parser': 'False', 'use_colors': 'True', 'log_path': 'c:\\Users\\YEN YEN\\Desktop\\ERD\\ERD-Portfolio-Repo\\CollieAI_ERD\\dbt_collieai\\logs'}
[0m18:30:33.289821 [debug] [MainThread]: Sending event: {'category': 'dbt', 'action': 'project_id', 'label': 'acb2ba89-e9d7-445a-8d50-f10f83f3a4b0', 'context': [<snowplow_tracker.self_describing_json.SelfDescribingJson object at 0x0000025635EA16E0>]}
[0m18:30:33.309748 [info ] [MainThread]: Warning: No packages were found in packages.yml
[0m18:30:33.311297 [info ] [MainThread]: Warning: No packages were found in packages.yml
[0m18:30:33.312126 [debug] [MainThread]: Command `cli deps` succeeded at 18:30:33.312006 after 0.27 seconds
[0m18:30:33.312426 [debug] [MainThread]: Sending event: {'category': 'dbt', 'action': 'invocation', 'label': 'end', 'context': [<snowplow_tracker.self_describing_json.SelfDescribingJson object at 0x00000256340DD590>, <snowplow_tracker.self_describing_json.SelfDescribingJson object at 0x00000256381FC050>, <snowplow_tracker.self_describing_json.SelfDescribingJson object at 0x0000025637D59850>]}
[0m18:30:33.312703 [debug] [MainThread]: Flushing usage events
[0m18:30:34.378137 [debug] [MainThread]: An error was encountered while trying to flush usage events
[0m18:43:22.784788 [debug] [MainThread]: Sending event: {'category': 'dbt', 'action': 'invocation', 'label': 'start', 'context': [<snowplow_tracker.self_describing_json.SelfDescribingJson object at 0x000001F3068F4EC0>, <snowplow_tracker.self_describing_json.SelfDescribingJson object at 0x000001F30900BED0>, <snowplow_tracker.self_describing_json.SelfDescribingJson object at 0x000001F30900BC50>]}


============================== 18:43:22.788252 | 5cead1f1-9dc2-4698-9be9-0e66aacf4617 ==============================
[0m18:43:22.788252 [info ] [MainThread]: Running with dbt=1.12.0
[0m18:43:22.788747 [debug] [MainThread]: running dbt with arguments {'maximum_seed_size_mib': '1', 'no_print': 'None', 'version_check': 'True', 'target_path': 'None', 'static_parser': 'True', 'warn_error_options': 'WarnErrorOptionsV2(error=[], warn=[], silence=[])', 'printer_width': '80', 'write_json': 'True', 'empty': 'None', 'log_cache_events': 'False', 'introspect': 'True', 'cache_selected_only': 'False', 'log_format': 'default', 'debug': 'False', 'fail_fast': 'False', 'profiles_dir': 'c:\\Users\\YEN YEN\\Desktop\\ERD\\ERD-Portfolio-Repo\\CollieAI_ERD\\dbt_collieai', 'send_anonymous_usage_stats': 'True', 'quiet': 'False', 'warn_error': 'None', 'partial_parse': 'True', 'use_colors': 'True', 'hints_enabled': 'True', 'invocation_command': 'dbt ', 'use_experimental_parser': 'False', 'indirect_selection': 'eager', 'log_path': 'c:\\Users\\YEN YEN\\Desktop\\ERD\\ERD-Portfolio-Repo\\CollieAI_ERD\\dbt_collieai\\logs'}
[0m18:43:22.907069 [debug] [MainThread]: Sending event: {'category': 'dbt', 'action': 'project_id', 'label': '5cead1f1-9dc2-4698-9be9-0e66aacf4617', 'context': [<snowplow_tracker.self_describing_json.SelfDescribingJson object at 0x000001F306FD16E0>]}
[0m18:43:22.929118 [info ] [MainThread]: Warning: No packages were found in packages.yml
[0m18:43:22.930451 [info ] [MainThread]: Warning: No packages were found in packages.yml
[0m18:43:22.931271 [debug] [MainThread]: Command `cli deps` succeeded at 18:43:22.931132 after 0.31 seconds
[0m18:43:22.931567 [debug] [MainThread]: Sending event: {'category': 'dbt', 'action': 'invocation', 'label': 'end', 'context': [<snowplow_tracker.self_describing_json.SelfDescribingJson object at 0x000001F3051ED590>, <snowplow_tracker.self_describing_json.SelfDescribingJson object at 0x000001F3092DC050>, <snowplow_tracker.self_describing_json.SelfDescribingJson object at 0x000001F308E79850>]}
[0m18:43:22.931851 [debug] [MainThread]: Flushing usage events
[0m18:43:24.016579 [debug] [MainThread]: An error was encountered while trying to flush usage events
[0m19:18:05.456879 [debug] [MainThread]: Sending event: {'category': 'dbt', 'action': 'invocation', 'label': 'start', 'context': [<snowplow_tracker.self_describing_json.SelfDescribingJson object at 0x000001F7C98BD400>, <snowplow_tracker.self_describing_json.SelfDescribingJson object at 0x000001F7CC01FED0>, <snowplow_tracker.self_describing_json.SelfDescribingJson object at 0x000001F7CC01FC50>]}


============================== 19:18:05.461572 | c5f9db21-9738-42e9-9b07-fbf06a65ca63 ==============================
[0m19:18:05.461572 [info ] [MainThread]: Running with dbt=1.12.0
[0m19:18:05.462317 [debug] [MainThread]: running dbt with arguments {'static_parser': 'True', 'no_print': 'None', 'version_check': 'True', 'target_path': 'None', 'maximum_seed_size_mib': '1', 'warn_error_options': 'WarnErrorOptionsV2(error=[], warn=[], silence=[])', 'printer_width': '80', 'write_json': 'True', 'introspect': 'True', 'log_cache_events': 'False', 'empty': 'None', 'cache_selected_only': 'False', 'log_format': 'default', 'debug': 'False', 'fail_fast': 'False', 'profiles_dir': '.', 'send_anonymous_usage_stats': 'True', 'quiet': 'False', 'warn_error': 'None', 'partial_parse': 'True', 'invocation_command': 'dbt parse --project-dir . --profiles-dir .', 'hints_enabled': 'True', 'indirect_selection': 'eager', 'use_experimental_parser': 'False', 'use_colors': 'True', 'log_path': 'logs'}
[0m19:18:05.614906 [debug] [MainThread]: Sending event: {'category': 'dbt', 'action': 'project_id', 'label': 'c5f9db21-9738-42e9-9b07-fbf06a65ca63', 'context': [<snowplow_tracker.self_describing_json.SelfDescribingJson object at 0x000001F7C9FD1810>]}
[0m19:18:05.676701 [debug] [MainThread]: Sending event: {'category': 'dbt', 'action': 'adapter_info', 'label': 'c5f9db21-9738-42e9-9b07-fbf06a65ca63', 'context': [<snowplow_tracker.self_describing_json.SelfDescribingJson object at 0x000001F7CC0E3460>]}
[0m19:18:05.677861 [info ] [MainThread]: Registered adapter: postgres=1.11.0
[0m19:18:05.820613 [debug] [MainThread]: checksum: eee4aa8f446f04cd153f3bb6462f41ca5fe29389c36d13d7747846389170d6ce, vars: {}, profile: lemmaai_analytics, target: dev, version: 1.12.0
[0m19:18:06.024287 [debug] [MainThread]: Partial parsing enabled: 0 files deleted, 0 files added, 0 files changed.
[0m19:18:06.024657 [debug] [MainThread]: Nothing changed, skipping partial parsing.
[0m19:18:06.024865 [debug] [MainThread]: Partial parsing enabled, no changes found, skipping parsing
[0m19:18:06.032561 [debug] [MainThread]: Sending event: {'category': 'dbt', 'action': 'load_project', 'label': 'c5f9db21-9738-42e9-9b07-fbf06a65ca63', 'context': [<snowplow_tracker.self_describing_json.SelfDescribingJson object at 0x000001F7CC86D250>]}
[0m19:18:06.036640 [info ] [MainThread]: Performance info: .\target\perf_info.json
[0m19:18:06.175438 [debug] [MainThread]: Wrote artifact WritableManifest to .\target\manifest.json
[0m19:18:06.179143 [debug] [MainThread]: Wrote artifact SemanticManifest to .\target\semantic_manifest.json
[0m19:18:06.220518 [debug] [MainThread]: Wrote artifact OsiDocument to .\target\osi_document.json
[0m19:18:06.221795 [debug] [MainThread]: Command `dbt parse` succeeded at 19:18:06.221549 after 0.92 seconds
[0m19:18:06.222376 [debug] [MainThread]: Sending event: {'category': 'dbt', 'action': 'invocation', 'label': 'end', 'context': [<snowplow_tracker.self_describing_json.SelfDescribingJson object at 0x000001F7CC022300>, <snowplow_tracker.self_describing_json.SelfDescribingJson object at 0x000001F7CC8274D0>, <snowplow_tracker.self_describing_json.SelfDescribingJson object at 0x000001F7CBEE7E70>]}
[0m19:18:06.222893 [debug] [MainThread]: Flushing usage events
[0m19:18:07.411943 [debug] [MainThread]: An error was encountered while trying to flush usage events
[0m22:50:38.218344 [debug] [MainThread]: Sending event: {'category': 'dbt', 'action': 'invocation', 'label': 'start', 'context': [<snowplow_tracker.self_describing_json.SelfDescribingJson object at 0x000002294F424EC0>, <snowplow_tracker.self_describing_json.SelfDescribingJson object at 0x0000022951B33ED0>, <snowplow_tracker.self_describing_json.SelfDescribingJson object at 0x0000022951B33C50>]}


============================== 22:50:38.221467 | 118a48cc-bbc0-46f5-b870-a92bfb3766ba ==============================
[0m22:50:38.221467 [info ] [MainThread]: Running with dbt=1.12.0
[0m22:50:38.221984 [debug] [MainThread]: running dbt with arguments {'maximum_seed_size_mib': '1', 'no_print': 'None', 'static_parser': 'True', 'target_path': 'None', 'version_check': 'True', 'warn_error_options': 'WarnErrorOptionsV2(error=[], warn=[], silence=[])', 'printer_width': '80', 'write_json': 'True', 'empty': 'None', 'log_cache_events': 'False', 'introspect': 'True', 'cache_selected_only': 'False', 'log_format': 'default', 'debug': 'False', 'fail_fast': 'False', 'profiles_dir': 'c:\\Users\\YEN YEN\\Desktop\\ERD\\ERD-Portfolio-Repo\\CollieAI_ERD\\dbt_collieai', 'send_anonymous_usage_stats': 'True', 'quiet': 'False', 'warn_error': 'None', 'partial_parse': 'True', 'use_colors': 'True', 'hints_enabled': 'True', 'indirect_selection': 'eager', 'use_experimental_parser': 'False', 'invocation_command': 'dbt ', 'log_path': 'c:\\Users\\YEN YEN\\Desktop\\ERD\\ERD-Portfolio-Repo\\CollieAI_ERD\\dbt_collieai\\logs'}
[0m22:50:38.334851 [debug] [MainThread]: Sending event: {'category': 'dbt', 'action': 'project_id', 'label': '118a48cc-bbc0-46f5-b870-a92bfb3766ba', 'context': [<snowplow_tracker.self_describing_json.SelfDescribingJson object at 0x000002294FAE96E0>]}
[0m22:50:38.358468 [info ] [MainThread]: Warning: No packages were found in packages.yml
[0m22:50:38.359955 [info ] [MainThread]: Warning: No packages were found in packages.yml
[0m22:50:38.360889 [debug] [MainThread]: Command `cli deps` succeeded at 22:50:38.360767 after 0.26 seconds
[0m22:50:38.361182 [debug] [MainThread]: Sending event: {'category': 'dbt', 'action': 'invocation', 'label': 'end', 'context': [<snowplow_tracker.self_describing_json.SelfDescribingJson object at 0x000002294DD1D590>, <snowplow_tracker.self_describing_json.SelfDescribingJson object at 0x0000022951E0C050>, <snowplow_tracker.self_describing_json.SelfDescribingJson object at 0x0000022951999850>]}
[0m22:50:38.361448 [debug] [MainThread]: Flushing usage events
[0m22:50:39.493937 [debug] [MainThread]: An error was encountered while trying to flush usage events
[0m01:34:51.544789 [debug] [MainThread]: Sending event: {'category': 'dbt', 'action': 'invocation', 'label': 'start', 'context': [<snowplow_tracker.self_describing_json.SelfDescribingJson object at 0x000002631EE44EC0>, <snowplow_tracker.self_describing_json.SelfDescribingJson object at 0x0000026321553ED0>, <snowplow_tracker.self_describing_json.SelfDescribingJson object at 0x0000026321553C50>]}


============================== 01:34:51.548231 | 04bcafe8-0fdf-40e9-9cac-5142d876a5c3 ==============================
[0m01:34:51.548231 [info ] [MainThread]: Running with dbt=1.12.0
[0m01:34:51.548712 [debug] [MainThread]: running dbt with arguments {'version_check': 'True', 'no_print': 'None', 'static_parser': 'True', 'warn_error_options': 'WarnErrorOptionsV2(error=[], warn=[], silence=[])', 'target_path': 'None', 'maximum_seed_size_mib': '1', 'printer_width': '80', 'write_json': 'True', 'empty': 'None', 'log_cache_events': 'False', 'introspect': 'True', 'cache_selected_only': 'False', 'log_format': 'default', 'debug': 'False', 'fail_fast': 'False', 'profiles_dir': 'c:\\Users\\YEN YEN\\Desktop\\ERD\\ERD-Portfolio-Repo\\CollieAI_ERD\\dbt_collieai', 'send_anonymous_usage_stats': 'True', 'quiet': 'False', 'warn_error': 'None', 'partial_parse': 'True', 'use_colors': 'True', 'hints_enabled': 'True', 'invocation_command': 'dbt ', 'use_experimental_parser': 'False', 'indirect_selection': 'eager', 'log_path': 'c:\\Users\\YEN YEN\\Desktop\\ERD\\ERD-Portfolio-Repo\\CollieAI_ERD\\dbt_collieai\\logs'}
[0m01:34:51.665815 [debug] [MainThread]: Sending event: {'category': 'dbt', 'action': 'project_id', 'label': '04bcafe8-0fdf-40e9-9cac-5142d876a5c3', 'context': [<snowplow_tracker.self_describing_json.SelfDescribingJson object at 0x000002631F5116E0>]}
[0m01:34:51.690334 [info ] [MainThread]: Warning: No packages were found in packages.yml
[0m01:34:51.691605 [info ] [MainThread]: Warning: No packages were found in packages.yml
[0m01:34:51.692365 [debug] [MainThread]: Command `cli deps` succeeded at 01:34:51.692258 after 0.30 seconds
[0m01:34:51.692637 [debug] [MainThread]: Sending event: {'category': 'dbt', 'action': 'invocation', 'label': 'end', 'context': [<snowplow_tracker.self_describing_json.SelfDescribingJson object at 0x000002631D73D590>, <snowplow_tracker.self_describing_json.SelfDescribingJson object at 0x0000026321784050>, <snowplow_tracker.self_describing_json.SelfDescribingJson object at 0x00000263213B9850>]}
[0m01:34:51.692904 [debug] [MainThread]: Flushing usage events
[0m01:34:52.963801 [debug] [MainThread]: An error was encountered while trying to flush usage events
[0m20:41:56.233059 [debug] [MainThread]: Sending event: {'category': 'dbt', 'action': 'invocation', 'label': 'start', 'context': [<snowplow_tracker.self_describing_json.SelfDescribingJson object at 0x00000285513F4EC0>, <snowplow_tracker.self_describing_json.SelfDescribingJson object at 0x0000028553B03ED0>, <snowplow_tracker.self_describing_json.SelfDescribingJson object at 0x0000028553B03C50>]}


============================== 20:41:56.236634 | aa4a2627-9905-4f06-b1fe-b0987b9f3d0f ==============================
[0m20:41:56.236634 [info ] [MainThread]: Running with dbt=1.12.0
[0m20:41:56.237420 [debug] [MainThread]: running dbt with arguments {'static_parser': 'True', 'no_print': 'None', 'maximum_seed_size_mib': '1', 'warn_error_options': 'WarnErrorOptionsV2(error=[], warn=[], silence=[])', 'target_path': 'None', 'version_check': 'True', 'printer_width': '80', 'write_json': 'True', 'empty': 'None', 'log_cache_events': 'False', 'introspect': 'True', 'cache_selected_only': 'False', 'fail_fast': 'False', 'debug': 'False', 'log_format': 'default', 'partial_parse': 'True', 'send_anonymous_usage_stats': 'True', 'quiet': 'False', 'warn_error': 'None', 'profiles_dir': 'c:\\Users\\YEN YEN\\Desktop\\ERD\\ERD-Portfolio-Repo\\CollieAI_ERD\\dbt_collieai', 'use_colors': 'True', 'hints_enabled': 'True', 'invocation_command': 'dbt ', 'use_experimental_parser': 'False', 'indirect_selection': 'eager', 'log_path': 'c:\\Users\\YEN YEN\\Desktop\\ERD\\ERD-Portfolio-Repo\\CollieAI_ERD\\dbt_collieai\\logs'}
[0m20:41:56.241584 [debug] [MainThread]: Sending event: {'category': 'dbt', 'action': 'invocation', 'label': 'start', 'context': [<snowplow_tracker.self_describing_json.SelfDescribingJson object at 0x00000269BABD4EC0>, <snowplow_tracker.self_describing_json.SelfDescribingJson object at 0x00000269BD2DFED0>, <snowplow_tracker.self_describing_json.SelfDescribingJson object at 0x00000269BD2DFC50>]}


============================== 20:41:56.245522 | 7ce5f901-97d0-494f-92da-137ae5d717ea ==============================
[0m20:41:56.245522 [info ] [MainThread]: Running with dbt=1.12.0
[0m20:41:56.245972 [debug] [MainThread]: running dbt with arguments {'maximum_seed_size_mib': '1', 'no_print': 'None', 'static_parser': 'True', 'warn_error_options': 'WarnErrorOptionsV2(error=[], warn=[], silence=[])', 'target_path': 'None', 'version_check': 'True', 'printer_width': '80', 'write_json': 'True', 'introspect': 'True', 'log_cache_events': 'False', 'empty': 'None', 'cache_selected_only': 'False', 'fail_fast': 'False', 'debug': 'False', 'log_format': 'default', 'partial_parse': 'True', 'send_anonymous_usage_stats': 'True', 'quiet': 'False', 'warn_error': 'None', 'profiles_dir': 'c:\\Users\\YEN YEN\\Desktop\\ERD\\ERD-Portfolio-Repo\\CollieAI_ERD\\dbt_collieai', 'use_colors': 'True', 'hints_enabled': 'True', 'indirect_selection': 'eager', 'use_experimental_parser': 'False', 'invocation_command': 'dbt ', 'log_path': 'c:\\Users\\YEN YEN\\Desktop\\ERD\\ERD-Portfolio-Repo\\CollieAI_ERD\\dbt_collieai\\logs'}
[0m20:41:56.363794 [debug] [MainThread]: Sending event: {'category': 'dbt', 'action': 'project_id', 'label': '7ce5f901-97d0-494f-92da-137ae5d717ea', 'context': [<snowplow_tracker.self_describing_json.SelfDescribingJson object at 0x00000269BB2916E0>]}
[0m20:41:56.368023 [debug] [MainThread]: Sending event: {'category': 'dbt', 'action': 'project_id', 'label': 'aa4a2627-9905-4f06-b1fe-b0987b9f3d0f', 'context': [<snowplow_tracker.self_describing_json.SelfDescribingJson object at 0x0000028551AC56E0>]}
[0m20:41:56.392842 [info ] [MainThread]: Warning: No packages were found in packages.yml
[0m20:41:56.392885 [info ] [MainThread]: Warning: No packages were found in packages.yml
[0m20:41:56.394665 [info ] [MainThread]: Warning: No packages were found in packages.yml
[0m20:41:56.394722 [info ] [MainThread]: Warning: No packages were found in packages.yml
[0m20:41:56.395562 [debug] [MainThread]: Command `cli deps` succeeded at 20:41:56.395431 after 0.33 seconds
[0m20:41:56.395633 [debug] [MainThread]: Command `cli deps` succeeded at 20:41:56.395405 after 0.33 seconds
[0m20:41:56.396065 [debug] [MainThread]: Sending event: {'category': 'dbt', 'action': 'invocation', 'label': 'end', 'context': [<snowplow_tracker.self_describing_json.SelfDescribingJson object at 0x0000028550CBD590>, <snowplow_tracker.self_describing_json.SelfDescribingJson object at 0x0000028553D2C050>, <snowplow_tracker.self_describing_json.SelfDescribingJson object at 0x0000028553969850>]}
[0m20:41:56.396177 [debug] [MainThread]: Sending event: {'category': 'dbt', 'action': 'invocation', 'label': 'end', 'context': [<snowplow_tracker.self_describing_json.SelfDescribingJson object at 0x00000269B94CD590>, <snowplow_tracker.self_describing_json.SelfDescribingJson object at 0x00000269BD51C050>, <snowplow_tracker.self_describing_json.SelfDescribingJson object at 0x00000269BD149850>]}
[0m20:41:56.396598 [debug] [MainThread]: Flushing usage events
[0m20:41:56.396688 [debug] [MainThread]: Flushing usage events
[0m20:41:57.758146 [debug] [MainThread]: An error was encountered while trying to flush usage events
[0m20:41:57.761823 [debug] [MainThread]: An error was encountered while trying to flush usage events
[0m23:53:25.643715 [debug] [MainThread]: Sending event: {'category': 'dbt', 'action': 'invocation', 'label': 'start', 'context': [<snowplow_tracker.self_describing_json.SelfDescribingJson object at 0x0000023CFF8F96A0>, <snowplow_tracker.self_describing_json.SelfDescribingJson object at 0x0000023CFD6E7610>, <snowplow_tracker.self_describing_json.SelfDescribingJson object at 0x0000023C81CC7ED0>]}


============================== 23:53:25.647100 | 3f19d640-f981-4578-9bfc-672a210f69c8 ==============================
[0m23:53:25.647100 [info ] [MainThread]: Running with dbt=1.11.8
[0m23:53:25.647571 [debug] [MainThread]: running dbt with arguments {'version_check': 'True', 'no_print': 'None', 'static_parser': 'True', 'target_path': 'None', 'warn_error_options': 'WarnErrorOptionsV2(error=[], warn=[], silence=[])', 'printer_width': '80', 'write_json': 'True', 'empty': 'None', 'log_cache_events': 'False', 'introspect': 'True', 'cache_selected_only': 'False', 'fail_fast': 'False', 'debug': 'False', 'log_format': 'default', 'partial_parse': 'True', 'send_anonymous_usage_stats': 'True', 'quiet': 'False', 'warn_error': 'None', 'profiles_dir': 'c:\\Users\\YEN YEN\\Desktop\\ERD\\ERD-Portfolio-Repo\\CollieAI_ERD\\dbt_collieai', 'invocation_command': 'dbt ', 'indirect_selection': 'eager', 'use_colors': 'True', 'use_experimental_parser': 'False', 'log_path': 'c:\\Users\\YEN YEN\\Desktop\\ERD\\ERD-Portfolio-Repo\\CollieAI_ERD\\dbt_collieai\\logs'}
[0m23:53:25.771888 [debug] [MainThread]: Sending event: {'category': 'dbt', 'action': 'project_id', 'label': '3f19d640-f981-4578-9bfc-672a210f69c8', 'context': [<snowplow_tracker.self_describing_json.SelfDescribingJson object at 0x0000023C80FE5E00>]}
[0m23:53:25.796018 [info ] [MainThread]: Warning: No packages were found in packages.yml
[0m23:53:25.797539 [info ] [MainThread]: Warning: No packages were found in packages.yml
[0m23:53:25.798347 [debug] [MainThread]: Command `cli deps` succeeded at 23:53:25.798219 after 0.27 seconds
[0m23:53:25.798719 [debug] [MainThread]: Sending event: {'category': 'dbt', 'action': 'invocation', 'label': 'end', 'context': [<snowplow_tracker.self_describing_json.SelfDescribingJson object at 0x0000023C81B238A0>, <snowplow_tracker.self_describing_json.SelfDescribingJson object at 0x0000023C82F14380>, <snowplow_tracker.self_describing_json.SelfDescribingJson object at 0x0000023C82D20650>]}
[0m23:53:25.799173 [debug] [MainThread]: Flushing usage events
[0m23:53:26.769139 [debug] [MainThread]: An error was encountered while trying to flush usage events
[0m02:30:33.045968 [debug] [MainThread]: Sending event: {'category': 'dbt', 'action': 'invocation', 'label': 'start', 'context': [<snowplow_tracker.self_describing_json.SelfDescribingJson object at 0x0000016DB6C34EC0>, <snowplow_tracker.self_describing_json.SelfDescribingJson object at 0x0000016DB9343ED0>, <snowplow_tracker.self_describing_json.SelfDescribingJson object at 0x0000016DB9343C50>]}


============================== 02:30:33.049025 | 1b266136-e2ec-4c51-9a07-aa717f6f004a ==============================
[0m02:30:33.049025 [info ] [MainThread]: Running with dbt=1.12.0
[0m02:30:33.049464 [debug] [MainThread]: running dbt with arguments {'version_check': 'True', 'no_print': 'None', 'static_parser': 'True', 'warn_error_options': 'WarnErrorOptionsV2(error=[], warn=[], silence=[])', 'target_path': 'None', 'maximum_seed_size_mib': '1', 'printer_width': '80', 'write_json': 'True', 'empty': 'None', 'log_cache_events': 'False', 'introspect': 'True', 'cache_selected_only': 'False', 'log_format': 'default', 'debug': 'False', 'fail_fast': 'False', 'profiles_dir': 'c:\\Users\\YEN YEN\\Desktop\\ERD\\ERD-Portfolio-Repo\\CollieAI_ERD\\dbt_collieai', 'send_anonymous_usage_stats': 'True', 'quiet': 'False', 'warn_error': 'None', 'partial_parse': 'True', 'use_colors': 'True', 'hints_enabled': 'True', 'indirect_selection': 'eager', 'use_experimental_parser': 'False', 'invocation_command': 'dbt ', 'log_path': 'c:\\Users\\YEN YEN\\Desktop\\ERD\\ERD-Portfolio-Repo\\CollieAI_ERD\\dbt_collieai\\logs'}
[0m02:30:33.164223 [debug] [MainThread]: Sending event: {'category': 'dbt', 'action': 'project_id', 'label': '1b266136-e2ec-4c51-9a07-aa717f6f004a', 'context': [<snowplow_tracker.self_describing_json.SelfDescribingJson object at 0x0000016DB73096E0>]}
[0m02:30:33.185349 [info ] [MainThread]: Warning: No packages were found in packages.yml
[0m02:30:33.187568 [info ] [MainThread]: Warning: No packages were found in packages.yml
[0m02:30:33.188865 [debug] [MainThread]: Command `cli deps` succeeded at 02:30:33.188729 after 0.32 seconds
[0m02:30:33.189275 [debug] [MainThread]: Sending event: {'category': 'dbt', 'action': 'invocation', 'label': 'end', 'context': [<snowplow_tracker.self_describing_json.SelfDescribingJson object at 0x0000016DB553D590>, <snowplow_tracker.self_describing_json.SelfDescribingJson object at 0x0000016DB953C050>, <snowplow_tracker.self_describing_json.SelfDescribingJson object at 0x0000016DB91A9850>]}
[0m02:30:33.189548 [debug] [MainThread]: Flushing usage events
[0m02:30:34.303496 [debug] [MainThread]: An error was encountered while trying to flush usage events
[0m13:01:10.984190 [debug] [MainThread]: Sending event: {'category': 'dbt', 'action': 'invocation', 'label': 'start', 'context': [<snowplow_tracker.self_describing_json.SelfDescribingJson object at 0x000002754DF44EC0>, <snowplow_tracker.self_describing_json.SelfDescribingJson object at 0x0000027550653ED0>, <snowplow_tracker.self_describing_json.SelfDescribingJson object at 0x0000027550653C50>]}


============================== 13:01:10.988979 | 796e606a-a5bd-4e1b-aaf8-1eb33aef21ed ==============================
[0m13:01:10.988979 [info ] [MainThread]: Running with dbt=1.12.0
[0m13:01:10.989534 [debug] [MainThread]: running dbt with arguments {'version_check': 'True', 'no_print': 'None', 'maximum_seed_size_mib': '1', 'target_path': 'None', 'warn_error_options': 'WarnErrorOptionsV2(error=[], warn=[], silence=[])', 'static_parser': 'True', 'printer_width': '80', 'write_json': 'True', 'introspect': 'True', 'log_cache_events': 'False', 'empty': 'None', 'cache_selected_only': 'False', 'fail_fast': 'False', 'debug': 'False', 'log_format': 'default', 'profiles_dir': 'c:\\Users\\YEN YEN\\Desktop\\ERD\\ERD-Portfolio-Repo\\CollieAI_ERD\\dbt_collieai', 'send_anonymous_usage_stats': 'True', 'quiet': 'False', 'warn_error': 'None', 'partial_parse': 'True', 'invocation_command': 'dbt ', 'hints_enabled': 'True', 'use_colors': 'True', 'use_experimental_parser': 'False', 'indirect_selection': 'eager', 'log_path': 'c:\\Users\\YEN YEN\\Desktop\\ERD\\ERD-Portfolio-Repo\\CollieAI_ERD\\dbt_collieai\\logs'}
[0m13:01:11.106899 [debug] [MainThread]: Sending event: {'category': 'dbt', 'action': 'project_id', 'label': '796e606a-a5bd-4e1b-aaf8-1eb33aef21ed', 'context': [<snowplow_tracker.self_describing_json.SelfDescribingJson object at 0x000002754E6016E0>]}
[0m13:01:11.129595 [info ] [MainThread]: Warning: No packages were found in packages.yml
[0m13:01:11.130703 [info ] [MainThread]: Warning: No packages were found in packages.yml
[0m13:01:11.131407 [debug] [MainThread]: Command `cli deps` succeeded at 13:01:11.131307 after 0.30 seconds
[0m13:01:11.131675 [debug] [MainThread]: Sending event: {'category': 'dbt', 'action': 'invocation', 'label': 'end', 'context': [<snowplow_tracker.self_describing_json.SelfDescribingJson object at 0x000002754C83D590>, <snowplow_tracker.self_describing_json.SelfDescribingJson object at 0x000002755087C050>, <snowplow_tracker.self_describing_json.SelfDescribingJson object at 0x00000275504B9850>]}
[0m13:01:11.131945 [debug] [MainThread]: Flushing usage events
[0m13:01:12.668201 [debug] [MainThread]: An error was encountered while trying to flush usage events
[0m14:23:38.753187 [debug] [MainThread]: Sending event: {'category': 'dbt', 'action': 'invocation', 'label': 'start', 'context': [<snowplow_tracker.self_describing_json.SelfDescribingJson object at 0x000002B0728D4EC0>, <snowplow_tracker.self_describing_json.SelfDescribingJson object at 0x000002B074FDBED0>, <snowplow_tracker.self_describing_json.SelfDescribingJson object at 0x000002B074FDBC50>]}


============================== 14:23:38.758040 | 29247d0a-4c8f-4edc-8fd4-725866d2e458 ==============================
[0m14:23:38.758040 [info ] [MainThread]: Running with dbt=1.12.0
[0m14:23:38.758847 [debug] [MainThread]: running dbt with arguments {'version_check': 'True', 'no_print': 'None', 'static_parser': 'True', 'warn_error_options': 'WarnErrorOptionsV2(error=[], warn=[], silence=[])', 'target_path': 'None', 'maximum_seed_size_mib': '1', 'printer_width': '80', 'write_json': 'True', 'empty': 'None', 'log_cache_events': 'False', 'introspect': 'True', 'cache_selected_only': 'False', 'fail_fast': 'False', 'debug': 'False', 'log_format': 'default', 'partial_parse': 'True', 'send_anonymous_usage_stats': 'True', 'quiet': 'False', 'warn_error': 'None', 'profiles_dir': 'c:\\Users\\YEN YEN\\Desktop\\ERD\\ERD-Portfolio-Repo\\CollieAI_ERD\\dbt_collieai', 'indirect_selection': 'eager', 'hints_enabled': 'True', 'use_colors': 'True', 'use_experimental_parser': 'False', 'invocation_command': 'dbt ', 'log_path': 'c:\\Users\\YEN YEN\\Desktop\\ERD\\ERD-Portfolio-Repo\\CollieAI_ERD\\dbt_collieai\\logs'}
[0m14:23:38.870897 [debug] [MainThread]: Sending event: {'category': 'dbt', 'action': 'project_id', 'label': '29247d0a-4c8f-4edc-8fd4-725866d2e458', 'context': [<snowplow_tracker.self_describing_json.SelfDescribingJson object at 0x000002B072FA56E0>]}
[0m14:23:38.893602 [info ] [MainThread]: Warning: No packages were found in packages.yml
[0m14:23:38.894730 [info ] [MainThread]: Warning: No packages were found in packages.yml
[0m14:23:38.895478 [debug] [MainThread]: Command `cli deps` succeeded at 14:23:38.895377 after 0.32 seconds
[0m14:23:38.895748 [debug] [MainThread]: Sending event: {'category': 'dbt', 'action': 'invocation', 'label': 'end', 'context': [<snowplow_tracker.self_describing_json.SelfDescribingJson object at 0x000002B0711CD590>, <snowplow_tracker.self_describing_json.SelfDescribingJson object at 0x000002B0752CC050>, <snowplow_tracker.self_describing_json.SelfDescribingJson object at 0x000002B074E49850>]}
[0m14:23:38.896067 [debug] [MainThread]: Flushing usage events
[0m14:23:40.035144 [debug] [MainThread]: An error was encountered while trying to flush usage events
